ticker,yon,entry_time,exit_time,entry,stop,target,exit_px,reason,net,R,risk_pct
AAPL,LONG,2024-09-03 09:30:00,2024-09-03 09:30:00,227.99000549316406,227.4055168602658,228.86673844251146,227.4055168602658,stop,-0.0032636590149377137,-1.2730472328501,0.0025636590149377483
AAPL,SHORT,2024-09-13 12:30:00,2024-09-16 09:30:00,224.0,225.3180563519656,222.0229154720516,216.47000122070312,hedef,0.03341606597900391,5.678967191451509,0.005884180142703548
AAPL,LONG,2024-09-09 14:30:00,2024-09-09 14:30:00,217.13999938964844,216.95476030875022,217.41785801099576,216.95476030875022,stop,-0.0015530859418757198,-1.8205503872925854,0.0008530859418757297
AAPL,SHORT,2024-09-11 13:30:00,2024-09-11 15:30:00,221.22000122070312,222.84874366404063,218.77688755569687,222.84874366404063,stop,-0.008062546037202876,-1.0950758061766839,0.007362546037202865
AAPL,LONG,2024-09-16 09:30:00,2024-09-16 09:30:00,216.47000122070312,217.9007594876546,,216.47000122070312,stop,-0.0007,-0.18094897265943335,0.0038684939168871658
AAPL,LONG,2024-09-16 09:30:00,2024-09-16 09:30:00,216.47000122070312,219.75177267124835,,216.47000122070312,stop,-0.0007,-0.18094897265943335,0.0038684939168871658
AAPL,SHORT,2024-09-19 09:30:00,2024-09-19 09:30:00,225.0,224.11655414790818,,225.0,stop,-0.0007,-0.18094897265943335,0.0038684939168871658
AAPL,LONG,2024-09-20 15:30:00,2024-09-20 15:30:00,228.82000732421875,228.19724235402012,229.75415477951668,228.19724235402012,stop,-0.003421636877304312,-1.257198161090967,0.0027216368773042873
AAPL,LONG,2024-10-01 09:30:00,2024-10-01 12:30:00,224.88999938964844,223.96461362010626,226.2780780439617,223.96461362010626,stop,-0.004814837351832823,-1.1701160799680865,0.00411483735183277
AAPL,SHORT,2024-09-30 09:30:00,2024-09-30 09:30:00,231.0,229.57448262155185,,231.0,stop,-0.0007,-0.18094897265943335,0.0038684939168871658
AAPL,SHORT,2024-09-30 15:30:00,2024-09-30 15:30:00,232.1199951171875,232.6014451189458,231.39782011455003,232.6014451189458,stop,-0.0027741427360242427,-1.3374888274766144,0.002074142736024274
AAPL,LONG,2024-10-03 09:30:00,2024-10-04 09:30:00,225.24000549316406,222.9621071320217,228.6568530348776,224.510498046875,zaman,-0.003938800517216256,-0.3894710428121803,0.010113205050563194
AAPL,LONG,2024-10-11 09:30:00,2024-10-11 10:30:00,227.77999877929688,227.11486400517407,228.77770094048108,228.77770094048108,hedef,0.004180113120252105,1.4315086182105865,0.002920075413501406
AAPL,SHORT,2024-10-14 09:30:00,2024-10-14 09:30:00,229.32000732421875,229.55404623597735,228.96894895658085,229.55404623597735,stop,-0.0017205778139005251,-1.685885966229944,0.0010205778139005218
AAPL,LONG,2024-10-11 13:30:00,2024-10-11 14:30:00,227.8249969482422,227.28522964089953,228.63464790925616,228.63464790925616,hedef,0.0033538284729919044,1.415583995603587,0.002369218981994689
AAPL,SHORT,2024-10-18 09:30:00,2024-10-21 09:30:00,235.8800048828125,237.55249410343066,233.37127105188526,235.6699981689453,zaman,0.00019031163947750348,0.026840657563471607,0.007090423885013356
AAPL,LONG,2024-10-23 11:30:00,2024-10-23 11:30:00,230.5850067138672,229.79019161987185,231.7772293548602,229.79019161987185,stop,-0.004146950455810116,-1.2030780566689356,0.0034469504558100996
AAPL,LONG,2024-10-23 11:30:00,2024-10-23 11:30:00,231.6199951171875,230.4701842956531,233.3447113494891,230.4701842956531,stop,-0.005664212269120583,-1.1410092804359382,0.004964212269120627
AAPL,LONG,2024-10-23 09:30:00,2024-10-23 11:30:00,233.8300018310547,232.555949118167,235.7410809003862,232.555949118167,stop,-0.006148628075571782,-1.128472707311109,0.00544862807557176
AAPL,LONG,2024-10-31 09:30:00,2024-10-31 10:30:00,228.60000610351562,227.7058646571646,229.94121827304218,227.7058646571646,stop,-0.004611379800865533,-1.1789649779970488,0.003911379800865532
AAPL,SHORT,2024-10-28 09:30:00,2024-10-28 09:30:00,233.31500244140625,233.26203392060668,,233.31500244140625,stop,-0.0007,-0.18094897265943335,0.0038684939168871658
AAPL,LONG,2024-10-30 10:30:00,2024-10-30 10:30:00,231.6199951171875,231.01534675146982,232.526967665764,231.01534675146982,stop,-0.0033105188604799158,-1.2681459270787792,0.0026105188604798957
AAPL,LONG,2024-10-30 09:30:00,2024-10-30 09:30:00,232.6199951171875,232.26906515956065,233.14639005362778,232.26906515956065,stop,-0.0022085975625184212,-1.4640071132233383,0.001508597562518464
MSFT,LONG,2024-09-03 15:30:00,2024-09-03 15:30:00,408.6000061035156,407.17237899884424,410.7414467605227,407.17237899884424,stop,-0.0041939478300196615,-1.2003464373410793,0.003493947830019633
MSFT,LONG,2024-09-03 10:30:00,2024-09-03 11:30:00,412.9649963378906,411.98511470400246,414.43481878872285,411.98511470400246,stop,-0.0030727958606118983,-1.2950106292833121,0.0023727958606119337
MSFT,SHORT,2024-09-11 13:30:00,2024-09-11 13:30:00,417.989990234375,420.03706004422247,414.9193855196038,420.03706004422247,stop,-0.005597413473226031,-1.1429325916275603,0.0048974134732260935
MSFT,LONG,2024-09-18 11:30:00,2024-09-18 13:30:00,430.57000732421875,428.0871734892183,434.2942580767194,434.2942580767194,hedef,0.008449582388808418,1.4653162445867636,0.005766388259205643
MSFT,SHORT,2024-09-19 09:30:00,2024-09-20 09:30:00,440.0,441.9957675343658,437.00634869845123,437.00634869845123,hedef,0.006603752958065346,1.4559066882867453,0.004535835305376876
MSFT,LONG,2024-09-18 15:30:00,2024-09-19 09:30:00,431.90008544921875,430.3098075328524,434.28550232376824,440.0,hedef,0.018554139727378273,5.039078044925432,0.0036820504786710118
MSFT,LONG,2024-09-27 11:30:00,2024-09-27 11:30:00,428.2442932128906,427.5001874816301,429.36045180978135,427.5001874816301,stop,-0.00243757302328037,-1.4028607664951047,0.0017375730232804083
MSFT,LONG,2024-09-27 11:30:00,2024-09-27 11:30:00,429.6499938964844,429.040196026552,430.5646907013829,429.040196026552,stop,-0.002119289837297888,-1.4932044051923157,0.0014192898372978858
MSFT,LONG,2024-10-02 09:30:00,2024-10-02 09:30:00,420.0307922363281,418.69420470487984,422.0356735335006,418.69420470487984,stop,-0.0038821179688565905,-1.2199792738204265,0.0031821179688565878
MSFT,SHORT,2024-10-04 09:30:00,2024-10-04 09:30:00,418.8999938964844,419.66636996259115,417.7504297973242,419.66636996259115,stop,-0.002529496484299753,-1.3826189369628872,0.001829496484299673
MSFT,LONG,2024-10-04 10:30:00,2024-10-04 11:30:00,415.45001220703125,414.1752621413216,417.36213730559575,417.36213730559575,hedef,0.004402539517104765,1.4348185933254824,0.003068359678069817
MSFT,SHORT,2024-10-04 13:30:00,2024-10-07 09:30:00,418.04998779296875,419.87208498859155,415.3168419995345,415.3168419995345,hedef,0.006337844452199293,1.4541133163700541,0.0043585629681328
MSFT,SHORT,2024-10-14 09:30:00,2024-10-14 09:30:00,419.2099914550781,420.4725887579316,417.3160955007979,420.4725887579316,stop,-0.003711849260727173,-1.2324153499736796,0.0030118492607272753
MSFT,LONG,2024-10-10 13:30:00,2024-10-11 13:30:00,415.125,413.0451690369089,418.2447464446367,415.2200012207031,zaman,-0.00047115032652053016,-0.09403950742523184,0.005010131799075282
MSFT,LONG,2024-10-15 10:30:00,2024-10-15 15:30:00,415.30499267578125,413.15594648828375,418.5285619570275,418.5285619570275,hedef,0.007561932406535666,1.4613498309071102,0.005174621604357194
MSFT,LONG,2024-10-16 09:30:00,2024-10-16 09:30:00,415.0199890136719,415.1547361551104,,415.0199890136719,stop,-0.0007,-0.20967485067251604,0.0033385024372489286
MSFT,SHORT,2024-10-21 15:30:00,2024-10-22 09:30:00,418.2598876953125,419.7434438808526,416.0345534170023,419.7434438808526,stop,-0.0042469721797010135,-1.1973514210249774,0.003546972179700966
MSFT,LONG,2024-10-31 09:30:00,2024-10-31 09:30:00,415.9599914550781,422.4171834338817,,415.9599914550781,stop,-0.0007,-0.20967485067251604,0.0033385024372489286
MSFT,LONG,2024-10-31 09:30:00,2024-10-31 09:30:00,415.9599914550781,422.2871785510692,,415.9599914550781,stop,-0.0007,-0.20967485067251604,0.0033385024372489286
MSFT,LONG,2024-10-28 10:30:00,2024-10-28 14:30:00,428.4100036621094,426.85401620315156,430.7439848505461,426.85401620315156,stop,-0.004332005428577778,-1.1927309894671831,0.0036320054285777985
MSFT,LONG,2024-10-31 09:30:00,2024-10-31 09:30:00,415.9599914550781,425.68729451786606,,415.9599914550781,stop,-0.0007,-0.20967485067251604,0.0033385024372489286
NVDA,SHORT,2024-09-05 09:30:00,2024-09-05 10:30:00,108.67500305175781,110.0941744553817,106.54624594632197,106.54624594632197,hedef,0.019388286594498517,1.4846847247944428,0.01305885772966571
NVDA,SHORT,2024-09-10 15:30:00,2024-09-11 09:30:00,108.04499816894531,109.45324004301932,105.9326353578343,109.5,stop,-0.014166628309619421,-1.0869108197620028,0.013033846063581777
NVDA,LONG,2024-09-17 11:30:00,2024-09-18 11:30:00,116.25990295410156,114.28882885912336,119.21651409656887,114.28882885912336,stop,-0.01765403182777788,-1.0412881140669499,0.01695403182777789
NVDA,SHORT,2024-09-24 09:30:00,2024-09-24 09:30:00,116.625,117.04996553149245,115.98755170276132,117.04996553149245,stop,-0.004343863078177434,-1.192103815368959,0.0036438630781774643
NVDA,LONG,2024-09-24 10:30:00,2024-09-24 11:30:00,115.49500274658203,114.79799490363578,116.5405145110014,117.38990020751953,hedef,0.016206748481536228,2.685476898618683,0.006034961049142676
NVDA,LONG,2024-09-26 10:30:00,2024-09-26 10:30:00,123.25,122.54684527704319,124.30473208443522,122.54684527704319,stop,-0.0064051093140512156,-1.1226970354934258,0.005705109314051201
NVDA,SHORT,2024-10-07 09:30:00,2024-10-07 09:30:00,126.375,127.54603239812691,124.61845140280963,127.54603239812691,stop,-0.009966329559856955,-1.0755423164564097,0.009266329559856864
NVDA,LONG,2024-09-27 09:30:00,2024-09-27 09:30:00,122.63999938964844,121.72515429073906,124.01226703801251,121.72515429073906,stop,-0.008159598038668912,-1.0938388364053027,0.007459598038668942
NVDA,SHORT,2024-09-30 15:30:00,2024-10-01 09:30:00,121.4000015258789,122.04321967456079,120.43517430285608,122.04321967456079,stop,-0.005998337237209738,-1.1321169205848158,0.005298337237209728
NVDA,LONG,2024-10-15 09:30:00,2024-10-15 10:30:00,132.93600463867188,131.32114231903793,135.35829811812278,131.32114231903793,stop,-0.012847667022363361,-1.0576242334195762,0.012147667022363404
NVDA,LONG,2024-10-15 09:30:00,2024-10-15 09:30:00,134.33140563964844,133.46114170868637,135.63680153609153,133.46114170868637,stop,-0.0071784845123753155,-1.1080499611695995,0.006478484512375311
NVDA,SHORT,2024-10-17 09:30:00,2024-10-17 09:30:00,139.35000610351562,139.1260632542168,,139.35000610351562,stop,-0.0007,-0.11327340969537296,0.006179738050461404
NVDA,SHORT,2024-10-21 09:30:00,2024-10-21 09:30:00,139.64999389648438,140.95306571492262,137.695386168827,140.95306571492262,stop,-0.010030983712066309,-1.0750188856395613,0.009330983712066206
NVDA,SHORT,2024-10-22 13:30:00,2024-10-23 09:30:00,143.6999969482422,144.49063391111955,142.51404150392614,142.01499938964844,hedef,0.011525800935129093,2.0948395242950637,0.005501997074934726
NVDA,SHORT,2024-10-25 10:30:00,2024-10-25 12:30:00,143.74000549316406,144.13434183614493,143.14850097869277,143.14850097869277,hedef,0.0039151001242965005,1.4270977641033076,0.0027434000828643204
NVDA,LONG,2024-10-30 09:30:00,2024-10-30 09:30:00,138.43080139160156,137.4052153137905,139.96918050831815,137.4052153137905,stop,-0.00810865520896472,-1.0944840838527519,0.007408655208964767
NVDA,LONG,2024-10-30 09:30:00,2024-10-30 09:30:00,139.44000244140625,139.99521165168113,,139.44000244140625,stop,-0.0007,-0.11327340969537296,0.006179738050461404
NVDA,LONG,2024-10-30 09:30:00,2024-10-30 09:30:00,139.44000244140625,138.8452024964077,140.33220235890408,138.8452024964077,stop,-0.004965633495298404,-1.1641022372811738,0.00426563349529842
AMD,LONG,2024-09-03 09:30:00,2024-09-03 09:30:00,145.22000122070312,144.3855858474219,146.47162428062495,144.3855858474219,stop,-0.006445870859848568,-1.1218266155077496,0.005745870859848608
AMD,LONG,2024-09-03 09:30:00,2024-09-03 09:30:00,145.75999450683594,145.16558462671878,146.65160932701167,145.16558462671878,stop,-0.004778004270844593,-1.1716525911962998,0.004078004270844549
AMD,LONG,2024-09-06 09:30:00,2024-09-06 09:30:00,137.02000427246094,136.04962339504524,138.4755755885845,136.04962339504524,stop,-0.007782038002904412,-1.0988416045936111,0.007082038002904407
AMD,SHORT,2024-09-10 13:30:00,2024-09-11 09:30:00,141.77000427246094,143.4587384527646,139.23690300200542,145.0,stop,-0.023483350710291916,-1.9714379973828202,0.011911787609586102
AMD,SHORT,2024-09-16 13:30:00,2024-09-17 12:30:00,152.71640014648438,154.52222668710223,150.0076603355576,150.0076603355576,hedef,0.017537059073737794,1.483086260312211,0.011824706049158591
AMD,LONG,2024-09-17 12:30:00,2024-09-17 12:30:00,151.58680725097656,150.83396642233845,152.71606849393373,150.83396642233845,stop,-0.005666400719764952,-1.140947144521432,0.004966400719764903
AMD,SHORT,2024-09-19 09:30:00,2024-09-19 09:30:00,154.0,154.13816208896878,153.79275686654682,154.13816208896878,stop,-0.001597156421875156,-1.7802429798549622,0.0008971564218752194
AMD,SHORT,2024-09-24 11:30:00,2024-09-24 11:30:00,158.55929565429688,159.33732558128523,157.39225076381433,159.33732558128523,stop,-0.005606870478818659,-1.1426571178150393,0.004906870478818683
AMD,SHORT,2024-09-26 13:30:00,2024-09-27 09:30:00,167.125,168.72449943281393,164.7257508507791,168.72449943281393,stop,-0.010270677234488788,-1.0731400696993054,0.009570677234488727
AMD,SHORT,2024-10-04 09:30:00,2024-10-04 09:30:00,167.5800018310547,168.8225698830712,165.71614975302992,168.8225698830712,stop,-0.008114775262201133,-1.0944060979930907,0.007414775262201037
AMD,SHORT,2024-10-01 09:30:00,2024-10-01 09:30:00,164.5500030517578,165.16051332740435,163.63423763828803,165.16051332740435,stop,-0.004410180883159886,-1.1886700465676012,0.0037101808831598864
AMD,LONG,2024-09-30 13:30:00,2024-10-01 09:30:00,163.1479949951172,162.09907344695134,164.72137731736598,162.09907344695134,stop,-0.0071292641058644185,-1.1088771573968361,0.006429264105864392
AMD,SHORT,2024-10-03 09:30:00,2024-10-03 09:30:00,162.48049926757812,163.18531810901,161.4232710054303,163.18531810901,stop,-0.005037867280129304,-1.1613696212437439,0.004337867280129222
AMD,LONG,2024-10-07 14:30:00,2024-10-08 09:30:00,169.80140686035156,168.1086394380928,172.3405579937397,172.3405579937397,hedef,0.014753651918069299,1.47993801101942,0.009969101278712747
AMD,SHORT,2024-10-10 11:30:00,2024-10-10 12:30:00,171.75,173.69601471689688,168.8309779246547,168.1898956298828,hedef,0.020528409724117493,1.8117819662429637,0.011330507813082289
AMD,LONG,2024-10-15 09:30:00,2024-10-15 09:30:00,162.91000366210938,161.91596697737984,164.4010586892037,161.91596697737984,stop,-0.006801753498153895,-1.114721120774841,0.0061017534981538755
AMD,LONG,2024-10-17 10:30:00,2024-10-18 09:30:00,157.24000549316406,156.04411862945088,159.03383578873382,156.04411862945088,stop,-0.008305487292896228,-1.0920388100120657,0.007605487292896177
AMD,LONG,2024-10-17 10:30:00,2024-10-18 10:30:00,157.04800415039062,154.82501767730244,160.3824838600229,156.91799926757812,zaman,-0.0015278034701287852,-0.10793519826706047,0.01415482154717122
AMD,LONG,2024-10-18 09:30:00,2024-10-18 10:30:00,156.14999389648438,155.4616149049199,157.18256238383105,157.18256238383105,hedef,0.006412670686565681,1.454632551019137,0.004408447124377129
AMD,SHORT,2024-10-21 13:30:00,2024-10-21 13:30:00,156.55999755859375,157.13827176285102,155.69258625220783,157.13827176285102,stop,-0.004393626809369688,-1.1895156268154485,0.0036936268093696527
AMD,LONG,2024-10-22 09:30:00,2024-10-22 09:30:00,154.8000030517578,154.09674139792605,155.85489553250545,154.09674139792605,stop,-0.005243033849919387,-1.1540820568643626,0.004543033849919384
AMD,LONG,2024-10-30 09:30:00,2024-10-30 09:30:00,151.19000244140625,150.4403005125361,152.31455533471146,150.4403005125361,stop,-0.005658673964971183,-1.1411667725978456,0.004958673964971232
AMD,LONG,2024-10-30 09:30:00,2024-10-30 09:30:00,152.80999755859375,155.61020712874705,,152.80999755859375,stop,-0.0007,-0.09087315916007736,0.007703044622526184
TSLA,LONG,2024-09-06 15:30:00,2024-09-09 09:30:00,210.63999938964844,209.44007068387094,212.43989244831468,216.10000610351562,hedef,0.02572103460733064,4.51516718276919,0.00569658521294348
TSLA,SHORT,2024-09-05 09:30:00,2024-09-05 09:30:00,223.5,222.3690796670941,,223.5,stop,-0.0007,-0.08226208019414792,0.008509388509844631
TSLA,SHORT,2024-09-10 14:30:00,2024-09-11 09:30:00,223.74989318847656,226.59103161395305,219.48818555026185,219.48818555026185,hedef,0.01884674714023147,1.4842492790085693,0.012697831426821031
TSLA,SHORT,2024-09-17 09:30:00,2024-09-17 09:30:00,231.25,232.7638011517623,228.97929827235657,232.7638011517623,stop,-0.007246167142755799,-1.1069328027736913,0.006546167142755867
TSLA,LONG,2024-09-17 13:30:00,2024-09-18 13:30:00,227.360107421875,223.37773572124846,233.3336649728148,233.3336649728148,hedef,0.02607355176190016,1.488581673208148,0.017515701174600114
TSLA,SHORT,2024-09-18 13:30:00,2024-09-18 14:30:00,232.5800018310547,234.70663902533445,229.39004603963502,234.70663902533445,stop,-0.009843680357456273,-1.0765556070022884,0.009143680357456305
TSLA,LONG,2024-09-18 11:30:00,2024-09-18 12:30:00,227.78269958496094,226.41096864488532,229.84029599507437,229.84029599507437,hedef,0.008833154905366158,1.4667890119074822,0.006022103270244098
TSLA,LONG,2024-09-18 15:30:00,2024-09-19 09:30:00,228.22999572753906,226.71919744976043,230.496193144207,234.0,hedef,0.02508153345517814,3.788962667955983,0.006619630662317604
TSLA,SHORT,2024-09-24 15:30:00,2024-09-25 15:30:00,254.14999389648438,257.3369024582645,249.3696310538142,256.989990234375,zaman,-0.011874489105230333,-0.9469682845034145,0.012539479198563927
TSLA,LONG,2024-09-27 10:30:00,2024-09-27 11:30:00,254.2899932861328,251.39465043412005,258.63300756415197,258.63300756415197,hedef,0.016878982235578134,1.4824345504982712,0.011385988157052076
TSLA,SHORT,2024-09-30 15:30:00,2024-10-01 09:30:00,260.6199951171875,265.01003338974607,254.03493770834964,254.03493770834964,hedef,0.025066892534001052,1.488126755215494,0.01684459502266737
TSLA,SHORT,2024-10-09 10:30:00,2024-10-09 10:30:00,246.25999450683594,246.35521664471256,246.117161300021,246.35521664471256,stop,-0.001086673190939213,-2.8103142819389118,0.00038667319093915997
TSLA,LONG,2024-10-09 13:30:00,2024-10-10 09:30:00,243.82000732421875,239.3718445717989,250.4922514528485,239.3718445717989,stop,-0.018943633085060606,-1.0383695504473378,0.01824363308506065
TSLA,LONG,2024-10-10 15:30:00,2024-10-11 09:30:00,238.41810607910156,232.1926856141895,247.75623677646968,220.1199951171875,stop,-0.07744799226801666,-2.9660653027763355,0.026111357762596384
TSLA,LONG,2024-10-15 10:30:00,2024-10-16 10:30:00,219.57000732421875,214.2405679613117,227.56416636857932,219.88290405273438,zaman,0.0007250431210014458,0.029871382813111625,0.024272164617809334
TSLA,LONG,2024-10-21 09:30:00,2024-10-22 09:30:00,216.82009887695312,213.65375632260657,221.56961270847296,216.68389892578125,zaman,-0.001328170321281707,-0.09094847302305357,0.014603547229924829
TSLA,SHORT,2024-10-21 10:30:00,2024-10-22 10:30:00,220.0,224.3579008738289,213.46314868925666,216.27999877929688,zaman,0.016209096457741524,0.8182841519224393,0.01980864033558589
TSLA,LONG,2024-10-17 09:30:00,2024-10-17 09:30:00,219.39999389648438,218.65003912149604,220.52492605896688,218.65003912149604,stop,-0.004118207820653718,-1.204785676216181,0.00341820782065371
TSLA,SHORT,2024-10-17 13:30:00,2024-10-18 13:30:00,221.39999389648438,222.9270385397271,219.10942693162028,221.35000610351562,zaman,-0.00047421953772893647,-0.06875516260993235,0.006897220800993798
TSLA,LONG,2024-10-18 09:30:00,2024-10-18 10:30:00,219.4600067138672,217.80024968954257,221.94964225035412,221.94964225035412,hedef,0.011144370091690203,1.4735551645816127,0.007562913394460145
TSLA,SHORT,2024-10-24 09:30:00,2024-10-24 09:30:00,244.60000610351562,222.1617770015189,,244.60000610351562,stop,-0.0007,-0.08226208019414792,0.008509388509844631
TSLA,LONG,2024-10-21 09:30:00,2024-10-21 09:30:00,218.89999389648438,219.14374655698157,,218.89999389648438,stop,-0.0007,-0.08226208019414792,0.008509388509844631
TSLA,SHORT,2024-10-24 09:30:00,2024-10-24 09:30:00,244.60000610351562,222.26176784624548,,244.60000610351562,stop,-0.0007,-0.08226208019414792,0.008509388509844631
TSLA,LONG,2024-10-21 13:30:00,2024-10-22 10:30:00,217.77999877929688,215.63248056993984,221.00127609333242,215.63248056993984,stop,-0.010560952435459257,-1.0709870577493918,0.009860952435459302
TSLA,SHORT,2024-10-24 09:30:00,2024-10-24 09:30:00,244.60000610351562,218.80177639116735,,244.60000610351562,stop,-0.0007,-0.08226208019414792,0.008509388509844631
TSLA,LONG,2024-10-31 09:30:00,2024-10-31 09:30:00,257.3200988769531,255.3430270756526,260.2857065789039,255.3430270756526,stop,-0.008383316654739535,-1.091106488441833,0.007683316654739563
TSLA,LONG,2024-10-30 15:30:00,2024-10-31 09:30:00,258.0350036621094,255.64913390411326,261.61380829910354,255.64913390411326,stop,-0.00994630272689808,-1.075705935731874,0.009246302726898083
TSLA,LONG,2024-11-01 11:30:00,2024-11-01 11:30:00,249.7799072265625,249.11566928408823,250.7762641402739,249.11566928408823,stop,-0.0033592929345264916,-1.2632278644115142,0.002659292934526462
META,LONG,2024-09-03 09:30:00,2024-09-03 10:30:00,514.8699951171875,512.2679125702364,518.7731189376142,512.2679125702364,stop,-0.005753863250195523,-1.1385079028350977,0.005053863250195564
META,SHORT,2024-09-03 09:30:00,2024-09-03 10:30:00,524.5599975585938,527.3821118438261,520.3268261307452,514.6799926757812,hedef,0.018634842398955277,3.463748060966948,0.005379964729234126
META,LONG,2024-09-03 09:30:00,2024-09-03 09:30:00,516.6300048828125,515.0179125702364,519.0481433516767,515.0179125702364,stop,-0.003820400087760711,-1.2243302077658862,0.0031204000877606704
META,SHORT,2024-09-05 10:30:00,2024-09-05 11:30:00,521.52001953125,525.7004129647422,515.2494293810116,515.0499877929688,hedef,0.012206104264408912,1.5227580455405159,0.00801578707802936
META,LONG,2024-09-05 10:30:00,2024-09-06 09:30:00,513.97998046875,509.0295675040078,521.4055999158634,521.625,hedef,0.014674158180786967,1.523554416343321,0.00963152876154327
META,LONG,2024-09-06 10:30:00,2024-09-06 11:30:00,506.3301086425781,503.8477820960531,510.0535984623657,503.8477820960531,stop,-0.005602585297919426,-1.1427818094867441,0.004902585297919388
META,SHORT,2024-09-10 09:30:00,2024-09-10 09:30:00,507.9035949707031,511.5410433988082,502.4474223285455,511.5410433988082,stop,-0.007861690651775964,-1.0977422837757518,0.007161690651775933
META,SHORT,2024-09-11 09:30:00,2024-09-11 10:30:00,507.6300048828125,514.3858291084073,497.49626854442033,497.49626854442033,hedef,0.019762839550297208,1.4849720777826159,0.013308559700198131
META,LONG,2024-09-11 09:30:00,2024-09-11 09:30:00,501.7900085449219,499.8219650810459,504.7420737407358,499.8219650810459,stop,-0.004622045936272989,-1.17847827673973,0.003922045936272935
META,SHORT,2024-09-16 12:30:00,2024-09-16 13:30:00,525.75,527.765870960771,522.7261935588434,527.765870960771,stop,-0.0045342766728882706,-1.182563768793608,0.0038342766728883563
META,LONG,2024-09-16 09:30:00,2024-09-16 10:30:00,520.5,517.5309961504354,524.9535057743469,517.5309961504354,stop,-0.00640413803950931,-1.1227179277835597,0.005704138039509346
META,SHORT,2024-09-16 12:30:00,2024-09-16 13:30:00,526.4099731445312,527.796876820146,524.329617631109,527.796876820146,stop,-0.003334645516554457,-1.2656903919717513,0.00263464551655448
META,SHORT,2024-09-17 13:30:00,2024-09-18 13:30:00,536.0,542.3264261339148,526.5103607991279,542.3264261339148,stop,-0.012503033831930598,-1.0593067858626626,0.011803033831930532
META,LONG,2024-09-24 09:30:00,2024-09-24 09:30:00,558.3099975585938,556.0824296564226,561.6513494118504,556.0824296564226,stop,-0.004689840611688722,-1.1754456050071818,0.003989840611688763
META,LONG,2024-09-24 09:30:00,2024-09-24 09:30:00,561.3400268554688,559.7623002618914,563.7066167458348,559.7623002618914,stop,-0.003510643314383854,-1.249053302643435,0.002810643314383863
META,SHORT,2024-09-25 09:30:00,2024-09-25 13:30:00,569.5999755859375,574.1913800063784,562.7128689552762,574.1913800063784,stop,-0.008760752488125988,-1.0868405277337423,0.008060752488126046
META,SHORT,2024-09-30 10:30:00,2024-10-01 09:30:00,573.0,577.5493129086241,566.1760306370638,578.6099853515625,stop,-0.010490550351767013,-1.3213171905953887,0.00793946406391636
META,SHORT,2024-10-01 13:30:00,2024-10-02 09:30:00,578.6099853515625,582.2953363888777,573.0819587955898,573.0819587955898,hedef,0.009353977110529632,1.468599464230506,0.006369318073686472
META,SHORT,2024-10-14 09:30:00,2024-10-14 15:30:00,598.219970703125,603.1187985626874,590.8717289137815,590.8717289137815,hedef,0.012083511332305874,1.475577016059635,0.008189007554870672
META,LONG,2024-10-09 09:30:00,2024-10-09 09:30:00,584.780029296875,583.8505010945842,586.1743216003113,583.8505010945842,stop,-0.0022895347920968917,-1.4403804204100044,0.001589534792096921
META,SHORT,2024-10-09 13:30:00,2024-10-10 09:30:00,590.5999755859375,593.3666954732996,586.4498957548943,586.4498957548943,hedef,0.006826887914998392,1.4573068471236497,0.004684591943332264
META,LONG,2024-10-10 09:30:00,2024-10-11 09:30:00,586.9500122070312,581.4086193066903,595.2621015575427,587.0999755859375,zaman,-0.00044450400240666425,-0.047082319252730306,0.009440996311601354
META,LONG,2024-10-15 09:30:00,2024-10-15 09:30:00,585.114990234375,582.4137711462163,589.1668188666131,582.4137711462163,stop,-0.00531656107473285,-1.1516280167571435,0.004616561074732877
META,LONG,2024-10-15 14:30:00,2024-10-16 09:30:00,582.6599731445312,579.9517555919223,586.7222994734448,579.9517555919223,stop,-0.005348024023330644,-1.1506016312494003,0.004648024023330648
META,SHORT,2024-10-22 13:30:00,2024-10-23 09:30:00,580.7999877929688,584.126504300873,575.8102130311124,584.126504300873,stop,-0.006427473446659248,-1.1222179389427556,0.0057274734466592
META,SHORT,2024-10-28 09:30:00,2024-10-28 10:30:00,582.5,585.1829644559645,578.4755533160533,576.239990234375,hedef,0.01054679788090127,2.289821526322296,0.004605947563887471
META,LONG,2024-10-24 11:30:00,2024-10-24 11:30:00,563.875,562.311412619484,566.220381070774,562.311412619484,stop,-0.0034729326189598337,-1.252440320840755,0.002772932618959821
META,SHORT,2024-10-24 13:30:00,2024-10-25 09:30:00,567.010009765625,569.0641770167638,563.9287588889168,573.9550170898438,stop,-0.012948473932743308,-3.5741560610434964,0.0036228059747796582
META,LONG,2024-10-31 13:30:00,2024-10-31 14:30:00,563.9600219726562,561.2557101638874,568.0164896858095,568.0164896858095,hedef,0.006992828489800185,1.4582917901594221,0.004795218993200065
META,SHORT,2024-10-28 09:30:00,2024-10-28 09:30:00,582.5,581.464580666902,,582.5,stop,-0.0007,-0.1294355410929959,0.005408097297612169
META,LONG,2024-10-31 09:30:00,2024-10-31 09:30:00,578.4650268554688,575.1896066019303,583.3781572357764,575.1896066019303,stop,-0.006362261504975619,-1.1236255159506279,0.005662261504975628
AMZN,LONG,2024-09-06 15:30:00,2024-09-09 09:30:00,171.55999755859375,170.7387321357485,172.7918956928616,174.49000549316406,hedef,0.016878619586536227,3.5258953494310723,0.004787044966964124
AMZN,LONG,2024-09-04 13:30:00,2024-09-04 13:30:00,173.41000366210938,172.96452930666405,174.07821519527738,172.96452930666405,stop,-0.0032689080562695256,-1.2724893163426276,0.0025689080562695636
AMZN,LONG,2024-09-06 10:30:00,2024-09-06 10:30:00,173.11000061035156,172.4518024471397,174.09729785516936,172.4518024471397,stop,-0.00450219606545662,-1.184104130336579,0.0038021960654565754
AMZN,SHORT,2024-09-10 09:30:00,2024-09-10 09:30:00,177.8800048828125,178.5474756469328,176.87879873663204,178.5474756469328,stop,-0.004452365335047303,-1.18654899976342,0.003752365335047299
AMZN,SHORT,2024-09-11 13:30:00,2024-09-11 13:30:00,180.14500427246094,180.58465829128522,179.4855232442245,180.58465829128522,stop,-0.0031405562652147773,-1.2868198574141392,0.00244055626521471
AMZN,SHORT,2024-09-17 09:30:00,2024-09-17 09:30:00,187.60499572753906,188.56427005035798,186.1660842433107,188.56427005035798,stop,-0.005813266409024986,-1.1368987930619883,0.00511326640902505
AMZN,SHORT,2024-09-18 14:30:00,2024-09-18 15:30:00,188.69000244140625,189.51806000595425,187.44791609458423,187.44791609458423,hedef,0.006382682340086965,1.4544258731470252,0.004388454893391292
AMZN,LONG,2024-09-30 09:30:00,2024-09-30 10:30:00,186.0,185.05791220961018,187.41313168558474,185.05791220961018,stop,-0.005764988120375369,-1.138203680514874,0.0050649881203753775
AMZN,SHORT,2024-09-20 13:30:00,2024-09-20 14:30:00,190.30999755859375,191.03663326942112,189.22004399235271,189.22004399235271,hedef,0.005527253324699589,1.4476188701647985,0.003818168883133141
AMZN,LONG,2024-09-27 10:30:00,2024-09-27 11:30:00,188.11000061035156,187.35045442153586,189.24931989357512,187.35045442153586,stop,-0.004737776760146938,-1.1733627294379003,0.004037776760146943
AMZN,SHORT,2024-10-02 10:30:00,2024-10-02 11:30:00,186.30999755859375,186.7560103881416,185.640978314272,185.640978314272,hedef,0.0033908928833051633,1.4164553191227764,0.00239392858887012
AMZN,LONG,2024-10-03 09:30:00,2024-10-03 09:30:00,183.0449981689453,183.43937987828235,,183.0449981689453,stop,-0.0007,-0.15962545036334708,0.004385265622785255
AMZN,LONG,2024-10-07 09:30:00,2024-10-07 09:30:00,181.97999572753906,181.34002626216244,182.939949925604,181.34002626216244,stop,-0.004216702277182038,-1.199050117077541,0.003516702277182088
AMZN,SHORT,2024-10-04 15:30:00,2024-10-07 09:30:00,185.7100067138672,187.67109714726482,182.76837106377076,182.76837106377076,hedef,0.015639941541915704,1.4810605361638327,0.010559961027943855
AMZN,SHORT,2024-10-10 13:30:00,2024-10-10 14:30:00,187.6699981689453,188.19605538419268,186.88091234607427,186.72999572753906,hedef,0.0048088050864690595,1.7155328652760788,0.0028030970340490583
AMZN,LONG,2024-10-15 09:30:00,2024-10-15 10:30:00,186.6300048828125,186.19966470127204,187.27551515512317,186.19966470127204,stop,-0.0030058467035387277,-1.3035761219189754,0.0023058467035387735
AMZN,SHORT,2024-10-18 10:30:00,2024-10-18 12:30:00,189.49000549316406,189.98850800486696,188.74225172560972,189.98850800486696,stop,-0.0033307588645928527,-1.2660829198073602,0.0026307588645928825
AMZN,LONG,2024-10-23 11:30:00,2024-10-23 12:30:00,185.50999450683594,184.5116216790338,187.00755374853915,184.5116216790338,stop,-0.006081773798528999,-1.1300686402299855,0.0053817737985289715
AMZN,LONG,2024-10-23 11:30:00,2024-10-23 11:30:00,185.97979736328125,185.54162045833067,186.63706272070712,185.54162045833067,stop,-0.0030560457165929806,-1.2971079869419144,0.0023560457165929336
AMZN,SHORT,2024-10-22 09:30:00,2024-10-22 10:30:00,190.3800048828125,190.79869030232476,189.7519767535441,189.7519767535441,hedef,0.0030988134949096803,1.4090582112438674,0.0021992089966064326
AMZN,LONG,2024-10-22 09:30:00,2024-10-22 10:30:00,187.14999389648438,186.34130908732368,188.36302111022542,190.03500366210938,hedef,0.015215494842178523,3.5212479999483355,0.00432105175278815
AMZN,LONG,2024-10-23 09:30:00,2024-10-23 10:30:00,188.17999267578125,186.91305340359506,190.08040158406055,186.91305340359506,stop,-0.007432592844601815,-1.1039718301933594,0.006732592844601845
AMZN,SHORT,2024-10-29 12:30:00,2024-10-30 09:30:00,190.64959716796875,191.57640591142072,189.25938405279078,194.69500732421875,stop,-0.021919085780107116,-4.5088751091223696,0.004861320229464851
AMZN,LONG,2024-10-31 11:30:00,2024-10-31 11:30:00,186.3800048828125,185.9507990216339,187.02381367458037,185.9507990216339,stop,-0.0030028535783570226,-1.3039706938290851,0.002302853578357041
AMZN,SHORT,2024-10-29 10:30:00,2024-10-29 12:30:00,189.5800018310547,190.26742494219087,188.5488671643504,190.26742494219087,stop,-0.004326031778123817,-1.1930485011805783,0.0036260317781238592
AMZN,LONG,2024-10-31 09:30:00,2024-10-31 09:30:00,188.47999572753906,187.7558440961337,189.56622317464712,187.7558440961337,stop,-0.00454206094981121,-1.1821938821752398,0.003842060949811216
AMZN,SHORT,2024-11-01 09:30:00,2024-11-01 09:30:00,198.89999389648438,195.68005790649167,,198.89999389648438,stop,-0.0007,-0.15962545036334708,0.004385265622785255
GOOGL,LONG,2024-09-03 09:30:00,2024-09-03 09:30:00,161.27999877929688,160.19629351814243,162.90555667102853,160.19629351814243,stop,-0.007419402711785949,-1.1041759260495188,0.006719402711785995
GOOGL,LONG,2024-09-05 12:30:00,2024-09-05 13:30:00,156.5399932861328,155.89698229024137,157.50450977996996,157.50450977996996,hedef,0.005961470136734737,1.4513103215072936,0.00410764675782317
GOOGL,SHORT,2024-09-12 09:30:00,2024-09-12 09:30:00,154.0,153.46365311966574,,154.0,stop,-0.0007,-0.1486119062294087,0.004710255172418194
GOOGL,SHORT,2024-09-18 09:30:00,2024-09-19 09:30:00,159.5500030517578,160.5992634535802,157.97611244902424,162.75,stop,-0.020756389138420227,-3.156205975777427,0.0065763734362449455
GOOGL,LONG,2024-09-18 11:30:00,2024-09-18 13:30:00,158.81500244140625,158.32620213814113,159.54820289630393,159.54820289630393,hedef,0.0044166951712776075,1.4350184517560427,0.003077796780851748
GOOGL,SHORT,2024-09-27 09:30:00,2024-09-27 10:30:00,164.33999633789062,165.52244211380716,162.56632767401584,165.52244211380716,stop,-0.007895118670231481,-1.0972881799567946,0.007195118670231506
GOOGL,LONG,2024-09-25 12:30:00,2024-09-26 09:30:00,161.44000244140625,160.64236669170805,162.63645606595355,164.0,hedef,0.015657269077550252,3.169002341058392,0.004940756551262438
GOOGL,SHORT,2024-09-26 09:30:00,2024-09-26 09:30:00,164.0,162.8517902492928,,164.0,stop,-0.0007,-0.1486119062294087,0.004710255172418194
GOOGL,SHORT,2024-09-30 15:30:00,2024-09-30 15:30:00,165.27000427246094,165.74522208690684,164.5571775507921,165.74522208690684,stop,-0.003575402687486206,-1.2434441628111277,0.0028754026874862493
GOOGL,LONG,2024-10-07 14:30:00,2024-10-07 14:30:00,163.75,163.53885057840185,164.0667241323972,163.53885057840185,stop,-0.001989462116629947,-1.542862012751101,0.001289462116629929
GOOGL,SHORT,2024-10-01 13:30:00,2024-10-02 09:30:00,167.74000549316406,169.1091258711597,165.68632492617058,165.68632492617058,hedef,0.012043236555021907,1.4754966753560939,0.008162157703347866
GOOGL,LONG,2024-10-03 09:30:00,2024-10-03 09:30:00,164.36000061035156,164.67711641505437,,164.36000061035156,stop,-0.0007,-0.1486119062294087,0.004710255172418194
GOOGL,SHORT,2024-10-03 12:30:00,2024-10-04 09:30:00,166.1999969482422,166.6459008646413,165.5311410736435,168.05999755859375,stop,-0.011891339617959261,-4.432211818580139,0.0026829357676702048
GOOGL,SHORT,2024-10-15 09:30:00,2024-10-15 10:30:00,167.6699981689453,168.5259708576557,166.38603913587974,166.38603913587974,hedef,0.007457655198229585,1.4608235168293586,0.005105103465486397
GOOGL,LONG,2024-10-08 13:30:00,2024-10-08 15:30:00,163.00999450683594,162.7004413453114,163.47432424912276,163.47432424912276,hedef,0.0026484740686702813,1.3946804524921763,0.0018989827124469131
GOOGL,SHORT,2024-10-08 15:30:00,2024-10-09 09:30:00,164.19000244140625,164.77115108668508,163.31827947348802,164.77115108668508,stop,-0.004239488620728948,-1.1977686821481377,0.0035394886207290367
GOOGL,LONG,2024-10-23 13:30:00,2024-10-24 09:30:00,162.07000732421875,161.18588722919873,163.39618746674878,161.18588722919873,stop,-0.006155174030142174,-1.1283185460504555,0.005455174030142132
GOOGL,LONG,2024-10-17 09:30:00,2024-10-17 09:30:00,164.55499267578125,163.694206052285,165.84617261102562,163.694206052285,stop,-0.005930996699031931,-1.133817710137252,0.005230996699031952
GOOGL,SHORT,2024-10-21 12:30:00,2024-10-22 09:30:00,163.8188934326172,164.7593517001196,162.4082060313636,164.7593517001196,stop,-0.006440841290014176,-1.1219333482041318,0.005740841290014216
GOOGL,SHORT,2024-10-25 09:30:00,2024-10-28 09:30:00,165.16000366210938,165.85084078839,164.12374797268842,168.59300231933594,stop,-0.021485895986354718,-5.136682040954114,0.004182835498683857
GOOGL,LONG,2024-10-28 10:30:00,2024-10-28 10:30:00,164.88999938964844,164.1488617291912,166.0017058803343,164.1488617291912,stop,-0.005194739906608092,-1.1557375987364344,0.004494739906608118
NFLX,LONG,2024-09-05 09:30:00,2024-09-05 10:30:00,67.25,67.07643203064565,67.51035195403153,68.49000549316406,hedef,0.018238743392774183,7.066715694875482,0.0025809363472766053
NFLX,SHORT,2024-09-12 09:30:00,2024-09-12 09:30:00,68.5,68.58186561504384,68.37720157743425,68.58186561504384,stop,-0.0018951184677931882,-1.5857159929027325,0.0011951184677932642
NFLX,LONG,2024-09-11 10:30:00,2024-09-11 10:30:00,66.43800354003906,66.2069580886443,66.7845717171312,66.2069580886443,stop,-0.004177609787830627,-1.2012876782350879,0.0034776097878305907
NFLX,SHORT,2024-09-10 13:30:00,2024-09-11 09:30:00,67.6604995727539,68.32723540579681,66.66039582318955,66.66039582318955,hedef,0.014581205516949613,1.4797039558339096,0.009854137011299773
NFLX,SHORT,2024-09-10 13:30:00,2024-09-11 09:30:00,67.68699645996094,68.08622283255463,67.0881569010704,67.0881569010704,hedef,0.008647187646223386,1.46609091928461,0.005898125097482253
NFLX,LONG,2024-09-11 09:30:00,2024-09-11 09:30:00,66.94932556152344,66.55530518653694,67.54035612400318,66.55530518653694,stop,-0.006585352416648448,-1.1189393515365085,0.005885352416648458
NFLX,SHORT,2024-09-12 13:30:00,2024-09-13 11:30:00,68.8958969116211,69.47983358924002,68.0199918951927,69.47983358924002,stop,-0.009175637937742419,-1.0825896534446018,0.008475637937742359
NFLX,LONG,2024-09-18 11:30:00,2024-09-18 13:30:00,69.19200134277344,68.83588043391396,69.72618270606266,69.72618270606266,hedef,0.007520276230238188,1.4611412867813003,0.005146850820158778
NFLX,SHORT,2024-09-19 09:30:00,2024-09-19 09:30:00,70.21994018554688,70.73658850739128,69.44496770278027,70.73658850739128,stop,-0.008057572798826428,-1.0951400712082155,0.00735757279882645
NFLX,LONG,2024-09-18 15:30:00,2024-09-18 15:30:00,69.20100402832031,68.81883579913152,69.77425637210351,68.81883579913152,stop,-0.006222582143929422,-1.1267523020493984,0.005522582143929461
NFLX,SHORT,2024-09-23 09:30:00,2024-09-23 10:30:00,71.18939971923828,71.59205424879397,70.58541792490475,70.58541792490475,hedef,0.008284153493575785,1.4646399608131688,0.005656102329050491
NFLX,LONG,2024-10-01 10:30:00,2024-10-01 11:30:00,69.9530029296875,69.60459446076078,70.47561563307758,70.47561563307758,hedef,0.007270911633563171,1.4598442580083204,0.004980607755708781
NFLX,LONG,2024-09-27 09:30:00,2024-09-27 11:30:00,70.4000015258789,70.14741860488151,70.77887590737501,70.14741860488151,stop,-0.0042878255045853625,-1.195104248828534,0.0035878255045853767
NFLX,LONG,2024-09-30 09:30:00,2024-09-30 10:30:00,70.302001953125,70.10194198971969,70.60209189823297,70.62699890136719,hedef,0.004422869039474731,1.5542167586106714,0.0028457221394449345
NFLX,SHORT,2024-09-30 15:30:00,2024-10-01 09:30:00,70.90299987792969,71.14400184398745,70.54149692884303,71.15599822998047,stop,-0.004268231985760173,-1.2557177724134887,0.003399037649643705
NFLX,SHORT,2024-10-02 09:30:00,2024-10-03 09:30:00,71.15599822998047,71.80260010455152,70.1860954181239,70.1860954181239,hedef,0.0134306542804977,1.477990785047696,0.00908710285366514
NFLX,SHORT,2024-10-04 09:30:00,2024-10-04 09:30:00,71.33200073242188,71.64464345486847,70.86303664875197,71.64464345486847,stop,-0.0050829237822639034,-1.1597107398564994,0.00438292378226389
NFLX,LONG,2024-10-07 09:30:00,2024-10-07 09:30:00,70.2750015258789,69.97600949158236,70.72348957732373,69.97600949158236,stop,-0.0049546001822062475,-1.1645277981530693,0.004254600182206212
NFLX,SHORT,2024-10-08 09:30:00,2024-10-08 10:30:00,71.33200073242188,71.97543440872884,70.36685021796143,71.97543440872884,stop,-0.009720266776486484,-1.077603026312348,0.009020266776486412
NFLX,SHORT,2024-10-08 10:30:00,2024-10-08 12:30:00,71.93199920654297,72.1314216094272,71.63286560221661,72.1314216094272,stop,-0.003472373979369469,-1.2524911881330392,0.002772373979369374
NFLX,LONG,2024-10-15 09:30:00,2024-10-16 09:30:00,70.63400268554688,69.6343952496415,72.13341383940494,70.21099853515625,zaman,-0.006688675911144159,-0.47263349120907516,0.014151929635865229
NFLX,LONG,2024-10-15 10:30:00,2024-10-15 11:30:00,70.15999603271484,69.87460477234603,70.58808292326806,70.68449401855469,hedef,0.007275741383954349,1.7886531843113216,0.004067720588748847
NFLX,SHORT,2024-10-18 09:30:00,2024-10-18 09:30:00,73.76399993896484,72.68588121029372,,73.76399993896484,stop,-0.0007,-0.1401870692653273,0.004993327870169921
NFLX,LONG,2024-10-15 15:30:00,2024-10-16 09:30:00,70.40800476074219,69.956124345194,71.08582538406446,69.956124345194,stop,-0.007118026147506306,-1.1090678012073898,0.006418026147506263
NFLX,SHORT,2024-10-18 09:30:00,2024-10-18 09:30:00,73.76399993896484,71.04791886898512,,73.76399993896484,stop,-0.0007,-0.1401870692653273,0.004993327870169921
NFLX,SHORT,2024-10-18 09:30:00,2024-10-18 09:30:00,73.76399993896484,70.57391984554762,,73.76399993896484,stop,-0.0007,-0.1401870692653273,0.004993327870169921
NFLX,LONG,2024-10-17 13:30:00,2024-10-18 09:30:00,69.31700134277344,68.53314671972299,70.4927832773491,73.76399993896484,hedef,0.06395451491043211,5.6555578873425265,0.01130825927068417
NFLX,LONG,2024-10-22 12:30:00,2024-10-23 09:30:00,76.22999572753906,75.63028837781697,77.1295567521222,75.63028837781697,stop,-0.008567078359358292,-1.0889783942684832,0.007867078359358261
NFLX,LONG,2024-10-28 14:30:00,2024-10-29 09:30:00,74.81599426269531,74.60188971533164,75.13715108374083,75.13715108374083,hedef,0.0040926225095381024,1.430112652735413,0.0028617483396920084
NFLX,SHORT,2024-11-01 09:30:00,2024-11-01 12:30:00,76.0999984741211,76.39915499119465,75.65126369851076,75.65126369851076,hedef,0.005696646315478371,1.4491236231665332,0.003931097543652225
NFLX,LONG,2024-10-31 11:30:00,2024-11-01 09:30:00,75.63300323486328,75.20609163864503,76.27337062919065,75.20609163864503,stop,-0.006344514668980638,-1.1240142051267625,0.005644514668980651
AVGO,LONG,2024-09-03 09:30:00,2024-09-03 09:30:00,159.61000061035156,158.59170227116752,161.1374481191276,158.59170227116752,stop,-0.007079915639935119,-1.1097193191111026,0.0063799156399351594
AVGO,SHORT,2024-09-05 09:30:00,2024-09-05 10:30:00,155.5500030517578,156.55253422374463,154.04620629377757,154.04620629377757,hedef,0.00946760995485072,1.468968545338406,0.006445073303233778
AVGO,SHORT,2024-09-11 13:30:00,2024-09-11 13:30:00,154.03500366210938,155.20650557343072,152.27775079512736,155.20650557343072,stop,-0.008305426581422713,-1.0920395447258548,0.007605426581422657
AVGO,LONG,2024-09-09 14:30:00,2024-09-09 15:30:00,136.76499938964844,134.77861573037433,139.7445748785596,140.53500366210938,hedef,0.027365563479586387,1.8841532727623747,0.014524064403457729
AVGO,SHORT,2024-09-12 14:30:00,2024-09-12 15:30:00,165.72000122070312,166.46770231694802,164.59844957633578,164.59844957633578,hedef,0.006567750640272352,1.4556721256520935,0.004511833760181549
AVGO,SHORT,2024-09-18 13:30:00,2024-09-18 14:30:00,166.60000610351562,168.16458961478554,164.25313083661075,164.25313083661075,hedef,0.013886885839888041,1.4787035968481752,0.009391257226592021
AVGO,LONG,2024-09-16 09:30:00,2024-09-16 09:30:00,164.83999633789062,163.9198589284196,166.22020245209717,163.9198589284196,stop,-0.006282003336040642,-1.1254030063866771,0.005582003336040679
AVGO,LONG,2024-09-17 11:30:00,2024-09-18 11:30:00,162.125,160.29406360839857,164.87140458740214,163.27499389648438,zaman,0.00639325456582488,0.5661072668820459,0.011293362477109799
AVGO,LONG,2024-09-18 15:30:00,2024-09-19 09:30:00,161.52000427246094,160.58957779132413,162.91564399416615,167.55499267578125,hedef,0.03716372117190001,6.451540797862598,0.00576044116224335
AVGO,LONG,2024-10-01 09:30:00,2024-10-01 10:30:00,167.14500427246094,166.37450931955905,168.30074670181375,166.37450931955905,stop,-0.00530973964645639,-1.1518523937763196,0.004609739646456383
AVGO,LONG,2024-09-30 09:30:00,2024-09-30 10:30:00,169.7050018310547,168.25513019557278,171.87980928427754,171.87980928427754,hedef,0.012615223062122349,1.4765903411477177,0.008543482041414982
AVGO,SHORT,2024-09-26 09:30:00,2024-09-26 09:30:00,179.0,177.22281052183303,,179.0,stop,-0.0007,-0.09772832981951868,0.007162713220339853
AVGO,LONG,2024-09-27 09:30:00,2024-09-27 09:30:00,174.6199951171875,173.66519449694488,176.05219604755143,173.66519449694488,stop,-0.006167876800717253,-1.1280204411167831,0.005467876800717211
AVGO,SHORT,2024-09-26 15:30:00,2024-09-27 09:30:00,179.1875,180.3469772788122,177.4482840817817,176.86000061035156,hedef,0.012789183897584632,1.9764612308712755,0.006470748678407837
AVGO,SHORT,2024-10-08 09:30:00,2024-10-08 09:30:00,178.66000366210938,179.28724656410853,177.71913930911063,179.28724656410853,stop,-0.004210818813064809,-1.1993836871886245,0.0035108188130647654
AVGO,SHORT,2024-10-04 09:30:00,2024-10-04 09:30:00,176.3000030517578,175.03538332247874,,176.3000030517578,stop,-0.0007,-0.09772832981951868,0.007162713220339853
AVGO,LONG,2024-10-15 10:30:00,2024-10-15 10:30:00,174.88999938964844,173.75628543445654,176.5905703224363,173.75628543445654,stop,-0.007182440157518754,-1.1079840280805453,0.0064824401575187904
AVGO,LONG,2024-10-11 09:30:00,2024-10-14 09:30:00,179.22000122070312,176.3337173925116,183.54942696299042,183.54942696299042,hedef,0.023957045602046124,1.4875812628356109,0.01610469706803074
AVGO,LONG,2024-10-11 09:30:00,2024-10-11 09:30:00,181.13999938964844,182.44371800286316,,181.13999938964844,stop,-0.0007,-0.09772832981951868,0.007162713220339853
AVGO,LONG,2024-10-14 11:30:00,2024-10-15 09:30:00,180.19000244140625,177.2944972416328,184.53326024106644,177.2944972416328,stop,-0.01676917787081452,-1.0435616560864267,0.016069177870814483
AVGO,SHORT,2024-10-17 09:30:00,2024-10-17 11:30:00,183.3000030517578,185.03643300067074,180.69535812838842,185.03643300067074,stop,-0.010173158319711627,-1.073892990740315,0.009473158319711638
AVGO,LONG,2024-10-23 12:30:00,2024-10-23 13:30:00,175.2041015625,173.28690367058587,178.07989840037118,173.28690367058587,stop,-0.01164265416629081,-1.0639698549695902,0.010942654166290805
AVGO,LONG,2024-10-23 11:30:00,2024-10-23 12:30:00,175.36000061035156,174.5383889011996,176.5924181740795,174.5383889011996,stop,-0.005385285733874833,-1.1494039082694447,0.004685285733874857
AVGO,LONG,2024-10-23 09:30:00,2024-10-23 10:30:00,176.88999938964844,176.325863348216,177.7362034517971,177.9477996826172,hedef,0.0057799892397458535,1.8123683260773322,0.0031891912679008197
AVGO,SHORT,2024-10-22 13:30:00,2024-10-23 09:30:00,180.6479034423828,181.80152769519148,178.9174670631698,177.5850067138672,hedef,0.016755063801736948,2.6237027701680398,0.006386037318039588
AVGO,LONG,2024-10-23 09:30:00,2024-10-23 09:30:00,177.5850067138672,177.335873113841,177.95870711390648,177.335873113841,stop,-0.0021028977143752953,-1.4989672396121707,0.0014028977143752523
AVGO,SHORT,2024-10-29 15:30:00,2024-10-30 09:30:00,179.86500549316406,180.7737903175312,178.50182825661335,177.6199951171875,hedef,0.012281640716164088,2.430759532561816,0.005052593871027741
AVGO,SHORT,2024-10-29 12:30:00,2024-10-29 12:30:00,176.23500061035156,176.87286133175908,175.27820952824027,176.87286133175908,stop,-0.004319375942340852,-1.193403506889464,0.0036193759423407863
AVGO,LONG,2024-10-31 09:30:00,2024-10-31 09:30:00,172.0399932861328,171.12836161477438,173.40744079317045,171.12836161477438,stop,-0.005998952028219617,-1.1321015922152515,0.005298952028219574
AVGO,LONG,2024-11-01 09:30:00,2024-11-01 10:30:00,168.4550018310547,167.35518381979188,170.1047288479489,171.06500244140625,hedef,0.015293755495423977,2.3424871966110357,0.006528853398878777
AAPL,SHORT,2024-11-14 12:30:00,2024-11-14 13:30:00,227.69000244140625,228.71911372361936,226.14633551808657,228.71911372361936,stop,-0.00521979125643831,-1.1548744090786836,0.004519791256438411
AAPL,SHORT,2024-11-13 09:30:00,2024-11-13 10:30:00,225.1300048828125,225.60621888809325,224.41568387489139,223.24000549316406,hedef,0.008195146576007261,3.874252685164463,0.0021152844798659216
AAPL,LONG,2024-11-15 09:30:00,2024-11-15 12:30:00,225.07000732421875,224.4069973952357,226.06452221769334,224.4069973952357,stop,-0.003645794230272414,-1.2376269166415068,0.0029457942302724346
AAPL,SHORT,2024-11-18 10:30:00,2024-11-18 10:30:00,228.52749633789062,228.93730038241412,227.9127902711054,228.93730038241412,stop,-0.0024932373613265274,-1.390355462749394,0.0017932373613264421
AAPL,SHORT,2024-11-19 10:30:00,2024-11-19 11:30:00,229.06509399414062,229.80400556793512,227.95672663344888,229.80400556793512,stop,-0.003925771159238278,-1.2170023741440286,0.003225771159238244
AAPL,SHORT,2024-11-20 09:30:00,2024-11-20 10:30:00,229.85499572753906,230.21701257887938,229.31197045052858,226.52499389648438,hedef,0.01428740246221114,9.07148609174001,0.0015749792611400742
AAPL,SHORT,2024-11-25 15:30:00,2024-11-26 09:30:00,232.0,233.30880601565866,230.036790976512,233.47500610351562,stop,-0.007057784928946675,-1.2510685952888128,0.00564140523990802
AAPL,SHORT,2024-12-03 10:30:00,2024-12-03 10:30:00,240.47500610351562,240.85167565754531,239.9100017724711,240.85167565754531,stop,-0.00226635635500324,-1.4468970281022187,0.0015663563550032597
AAPL,SHORT,2024-12-04 15:30:00,2024-12-05 09:30:00,243.4499969482422,244.15771072979163,242.38842627591802,244.15771072979163,stop,-0.0036070190610842595,-1.2407964947223011,0.0029070190610842555
AAPL,LONG,2024-12-09 09:30:00,2024-12-09 10:30:00,241.8300018310547,241.20171738969563,242.7724284930933,244.47999572753906,hedef,0.01075808574792012,4.1408440586090665,0.002598041750824547
AAPL,LONG,2024-12-05 15:30:00,2024-12-05 15:30:00,242.5449981689453,242.17971920520694,243.09291661455288,242.17971920520694,stop,-0.002206025547819978,-1.4647995520483068,0.0015060255478199565
AAPL,SHORT,2024-12-09 09:30:00,2024-12-09 09:30:00,243.58200073242188,244.67828749311687,241.93757059137937,244.67828749311687,stop,-0.005200688710161738,-1.1555317519337978,0.0045006887101616344
AAPL,LONG,2024-12-06 15:30:00,2024-12-09 09:30:00,242.8699951171875,242.03165900822015,244.12749928063852,241.8300018310547,stop,-0.004982098682593549,-1.4433379044179528,0.0034517895409963985
AAPL,SHORT,2024-12-10 11:30:00,2024-12-10 12:30:00,246.9053955078125,247.30194131809503,246.3105767923887,247.30194131809503,stop,-0.002306063769756583,-1.4358481980488274,0.0016060637697566432
AAPL,SHORT,2024-12-10 13:30:00,2024-12-10 14:30:00,247.40499877929688,247.84841311564793,246.7398772747703,247.84841311564793,stop,-0.0024922610235803217,-1.3905681096616906,0.0017922610235802548
AAPL,LONG,2024-12-13 11:30:00,2024-12-13 13:30:00,246.42999267578125,245.6220831289711,247.64185699599648,247.64185699599648,hedef,0.004717681922791184,1.438995647805222,0.0032784546151940516
AAPL,SHORT,2024-12-13 13:30:00,2024-12-16 09:30:00,247.9499969482422,249.3460447038999,245.8559253147556,249.3460447038999,stop,-0.006330360043719307,-1.1243259746383003,0.0056303600437193554
AAPL,LONG,2024-12-18 13:30:00,2024-12-18 14:30:00,252.22000122070312,251.27529300202028,253.63706354872738,251.27529300202028,stop,-0.004445572175523848,-1.1868873344837199,0.0037455721755238146
AAPL,SHORT,2024-12-20 10:30:00,2024-12-20 10:30:00,251.0399932861328,251.93276227938392,249.70083979625616,251.93276227938392,stop,-0.004256281935657824,-1.1968347877544299,0.0035562819356577224
AAPL,LONG,2024-12-27 11:30:00,2024-12-27 11:30:00,253.9199981689453,253.6094624479879,254.3858017503814,253.6094624479879,stop,-0.0019229667737740925,-1.5723785919708657,0.0012229667737741132
AAPL,LONG,2024-12-30 09:30:00,2024-12-30 09:30:00,252.22999572753906,252.9958501146407,,252.22999572753906,stop,-0.0007,-0.18094897265943335,0.0038684939168871658
MSFT,LONG,2024-11-04 09:30:00,2024-11-04 09:30:00,407.69000244140625,406.1384592936883,410.0173171629832,406.1384592936883,stop,-0.004505693390631859,-1.183934943819467,0.0038056933906318695
MSFT,SHORT,2024-11-12 13:30:00,2024-11-13 09:30:00,422.92999267578125,424.9231814974974,419.940209443207,419.940209443207,hedef,0.006869215436007692,1.4575624759613524,0.004712810290671774
MSFT,LONG,2024-11-14 12:30:00,2024-11-14 12:30:00,424.79998779296875,423.57836991706347,426.63241460682667,423.57836991706347,stop,-0.0035757483780829097,-1.2434148986520912,0.002875748378082936
MSFT,LONG,2024-11-19 09:30:00,2024-11-19 09:30:00,413.6474914550781,411.9803554159763,416.14819551373085,411.9803554159763,stop,-0.004730330350215272,-1.173683033194188,0.004030330350215287
MSFT,SHORT,2024-11-19 13:30:00,2024-11-19 14:30:00,417.43499755859375,418.5197461741289,415.807874635291,415.807874635291,hedef,0.0036979072977088912,1.4230356247373344,0.0025986048651392376
MSFT,LONG,2024-11-20 09:30:00,2024-11-20 09:30:00,413.0899963378906,411.44386656940134,415.55919099062453,411.44386656940134,stop,-0.004684918015644268,-1.1756623341438597,0.003984918015644276
MSFT,SHORT,2024-11-21 09:30:00,2024-11-21 09:30:00,419.5,418.0526189926853,,419.5,stop,-0.0007,-0.20967485067251604,0.0033385024372489286
MSFT,SHORT,2024-11-25 15:30:00,2024-11-26 09:30:00,418.19000244140625,421.18117720413903,413.70324029730705,421.18117720413903,stop,-0.00785266922994373,-1.0978655628404328,0.007152669229943833
MSFT,SHORT,2024-12-02 09:30:00,2024-12-02 09:30:00,428.29998779296875,429.1582479273714,427.01259759136474,429.1582479273714,stop,-0.0027038761589167288,-1.3493229842997947,0.002003876158916728
MSFT,SHORT,2024-12-03 15:30:00,2024-12-04 09:30:00,430.92498779296875,432.8246590953184,428.07548083944425,432.9150085449219,stop,-0.005318021252713156,-1.2063498777781558,0.00440835726904357
MSFT,SHORT,2024-12-04 09:30:00,2024-12-04 09:30:00,432.9150085449219,432.5802640207784,,432.9150085449219,stop,-0.0007,-0.20967485067251604,0.0033385024372489286
MSFT,SHORT,2024-12-09 09:30:00,2024-12-09 10:30:00,444.8550109863281,446.2097576249141,442.82289102844913,446.2097576249141,stop,-0.003745366704046426,-1.2298573761477842,0.0030453667040464772
MSFT,LONG,2024-12-10 14:30:00,2024-12-10 14:30:00,442.9700012207031,441.64363634756074,444.95954853041667,441.64363634756074,stop,-0.0036942543953027646,-1.2337810712069317,0.00299425439530281
MSFT,LONG,2024-12-10 14:30:00,2024-12-11 09:30:00,443.0,440.3733421581076,446.93998676283854,446.93998676283854,hedef,0.008693875311148047,1.466268922207182,0.005929250207432012
MSFT,SHORT,2024-12-10 10:30:00,2024-12-10 10:30:00,448.2099914550781,448.44491772722375,447.8576020468597,448.44491772722375,stop,-0.0012241433181419898,-2.335512589345883,0.0005241433181419248
MSFT,LONG,2024-12-13 09:30:00,2024-12-13 10:30:00,448.25,447.73297869885437,449.02553195171845,447.73297869885437,stop,-0.001853421753810724,-1.6068898888783723,0.0011534217538106694
MSFT,SHORT,2024-12-17 10:30:00,2024-12-18 09:30:00,454.6099853515625,456.2780403468045,452.1079028586995,451.3999938964844,hedef,0.006860978769737658,1.8698840667152437,0.003669200081366588
MSFT,LONG,2024-12-16 10:30:00,2024-12-16 11:30:00,446.2099914550781,445.46781396386785,447.32325769189356,448.0400085449219,hedef,0.003901246329953456,2.3454970167769447,0.0016632919598910164
MSFT,LONG,2024-12-23 10:30:00,2024-12-24 10:30:00,433.0050048828125,428.4545100519654,439.8307471290831,437.5299987792969,zaman,0.009750211534411836,0.9277870978881102,0.010509104466537534
MSFT,LONG,2024-12-27 09:30:00,2024-12-27 09:30:00,433.70001220703125,432.7142347653274,435.17867836958703,432.7142347653274,stop,-0.002972947691855931,-1.3079701316964267,0.0022729476918559614
MSFT,LONG,2024-12-31 10:30:00,2024-12-31 12:30:00,423.260009765625,421.7669077220929,425.4996628309231,421.7669077220929,stop,-0.004227623704301486,-1.1984338633246225,0.0035276237043014363
NVDA,SHORT,2024-11-06 09:30:00,2024-11-06 09:30:00,143.74000549316406,144.17488166415617,143.08769123667588,144.17488166415617,stop,-0.003725435886829575,-1.2313716192258937,0.0030254358868296674
NVDA,LONG,2024-11-14 13:30:00,2024-11-14 14:30:00,146.9600067138672,145.8987374172867,148.55191065873794,145.8987374172867,stop,-0.007921483724118238,-1.0969329886685482,0.007221483724118185
NVDA,LONG,2024-11-14 14:30:00,2024-11-15 09:30:00,146.4199981689453,145.48007950911486,147.82987615869098,144.8699951171875,stop,-0.011286006495979849,-1.7581277200882022,0.006419332547361036
NVDA,LONG,2024-11-18 15:30:00,2024-11-19 09:30:00,139.5399932861328,137.06339631923112,143.25488873648536,143.25488873648536,hedef,0.02642244251893431,1.488731311945305,0.017748295012622838
NVDA,SHORT,2024-11-29 09:30:00,2024-12-02 09:30:00,137.69000244140625,139.37945555445015,135.1558227718404,139.37945555445015,stop,-0.012969976636559709,-1.0570498233806194,0.012269976636559654
NVDA,LONG,2024-12-09 14:30:00,2024-12-10 09:30:00,138.08999633789062,137.05810537809012,139.63783277759137,139.63783277759137,hedef,0.011008896232521858,1.4732355448942613,0.007472597488348003
NVDA,SHORT,2024-12-11 14:30:00,2024-12-12 09:30:00,140.07000732421875,141.89783806041083,137.32826121993062,137.10000610351562,hedef,0.02100369147856538,1.6095512352348993,0.013049408443031069
NVDA,LONG,2024-12-13 10:30:00,2024-12-13 10:30:00,134.5800018310547,133.72298075295438,135.86553344820516,133.72298075295438,stop,-0.007068116112646316,-1.1099226188118563,0.006368116112646261
NVDA,LONG,2024-12-13 09:30:00,2024-12-13 10:30:00,136.66000366210938,135.72917138056673,138.05625208442336,135.72917138056673,stop,-0.007511299989747721,-1.1027703964079734,0.006811299989747723
NVDA,LONG,2024-12-17 09:30:00,2024-12-17 09:30:00,129.0,130.34399906212315,,129.0,stop,-0.0007,-0.11327340969537296,0.006179738050461404
NVDA,LONG,2024-12-18 15:30:00,2024-12-18 15:30:00,129.3249053955078,128.71867673345662,130.2342483885846,128.71867673345662,stop,-0.005387640483456712,-1.1493288579767094,0.004687640483456729
NVDA,SHORT,2024-12-23 09:30:00,2024-12-23 09:30:00,136.27999877929688,136.80050455207072,135.4992401201361,136.80050455207072,stop,-0.004519384923952063,-1.1832755833564284,0.0038193849239520107
NVDA,SHORT,2024-12-20 10:30:00,2024-12-20 10:30:00,133.14990234375,134.14180059378268,131.662054968701,134.14180059378268,stop,-0.00814948537380008,-1.0939662224805344,0.007449485373800093
NVDA,LONG,2024-12-31 13:30:00,2024-12-31 14:30:00,133.889892578125,132.81634819804302,135.50020914824796,135.50020914824796,hedef,0.011827170528823516,1.475056477391662,0.008018113685882365
AMD,LONG,2024-11-04 13:30:00,2024-11-05 13:30:00,141.44000244140625,139.63529282337774,144.14706686844903,141.1649932861328,zaman,-0.0026443520257811376,-0.20724506216739902,0.01275954176242425
AMD,SHORT,2024-11-05 09:30:00,2024-11-05 10:30:00,142.97999572753906,143.71448311909197,141.8782646402097,141.8782646402097,hedef,0.0075054911193927825,1.46106672561794,0.0051369940795951185
AMD,LONG,2024-11-13 11:30:00,2024-11-13 11:30:00,141.16000366210938,140.73327947806345,141.80008993817825,140.73327947806345,stop,-0.003722982239837324,-1.2315594153268035,0.0030229822398372902
AMD,LONG,2024-11-11 13:30:00,2024-11-11 15:30:00,145.8800048828125,144.84392405289148,147.43412612769401,147.43412612769401,hedef,0.01045342194175245,1.4718400339683861,0.007102281294501723
AMD,SHORT,2024-11-11 15:30:00,2024-11-12 09:30:00,147.39999389648438,148.63366003718318,145.54949468543617,145.54949468543617,hedef,0.012354269251515481,1.4761037465431313,0.008369512834343649
AMD,LONG,2024-11-13 10:30:00,2024-11-13 10:30:00,142.3699951171875,141.48393073946573,143.69909168377015,141.48393073946573,stop,-0.006923673583696021,-1.1124737649856529,0.006223673583695984
AMD,SHORT,2024-11-18 12:30:00,2024-11-18 15:30:00,140.6199951171875,141.47684171141574,139.33472522584515,139.33472522584515,hedef,0.008940022301033723,1.4671773229736786,0.0060933482006892414
AMD,SHORT,2024-11-21 09:30:00,2024-11-21 09:30:00,139.1446990966797,139.81300207321652,138.14224463187443,139.81300207321652,stop,-0.0055029352240899216,-1.1457442100174562,0.004802935224089922
AMD,SHORT,2024-11-22 09:30:00,2024-11-25 09:30:00,138.69000244140625,140.34895665040125,136.20157112791375,140.49000549316406,stop,-0.013678607109898065,-1.143543349889122,0.011961599104419034
AMD,LONG,2024-11-26 10:30:00,2024-11-26 10:30:00,137.4600067138672,136.96275240045173,138.20588818399037,136.96275240045173,stop,-0.004317447178294708,-1.193506626496191,0.00361744717829473
AMD,SHORT,2024-12-04 09:30:00,2024-12-04 10:30:00,142.87969970703125,143.50942411892876,141.935113089185,141.5399932861328,hedef,0.009176464421785968,2.0820702773873414,0.004407374967813735
AMD,LONG,2024-12-04 10:30:00,2024-12-04 11:30:00,141.5399932861328,141.01658630615725,142.32510375609615,142.32510375609615,hedef,0.005346916117031176,1.4459158938641663,0.003697944078020821
AMD,SHORT,2024-12-12 13:30:00,2024-12-13 09:30:00,131.11000061035156,132.39101520313355,129.18847872117857,129.18847872117857,hedef,0.014455799559360915,1.4795302877345813,0.009770533039573839
AMD,LONG,2024-12-13 09:30:00,2024-12-13 09:30:00,129.7899932861328,129.00153387637695,130.9726824007666,129.00153387637695,stop,-0.006774885973818001,-1.1152285002577706,0.0060748859738179875
AMD,LONG,2024-12-17 09:30:00,2024-12-17 11:30:00,124.47000122070312,123.04876235515819,126.60185951902054,126.60185951902054,hedef,0.016927486763154344,1.4824842953231498,0.011418324508769595
AMD,SHORT,2024-12-18 11:30:00,2024-12-18 13:30:00,127.18499755859375,127.83137011767427,126.21543871997298,126.21543871997298,hedef,0.007423217024272822,1.4606465355708915,0.005082144682848591
AMD,LONG,2024-12-18 14:30:00,2024-12-18 14:30:00,123.8301010131836,123.07471350119852,124.96318228116121,123.07471350119852,stop,-0.006800192972503971,-1.1147504682483327,0.006100192972503953
AMD,SHORT,2024-12-18 09:30:00,2024-12-18 10:30:00,126.37999725341797,127.15138420405214,125.22291682746672,125.00969696044922,hedef,0.010642699183012394,1.7436440847389227,0.006103710772262296
AMD,SHORT,2024-12-23 09:30:00,2024-12-23 09:30:00,121.2666015625,121.93278574903273,120.26732528270091,121.93278574903273,stop,-0.006193550391856061,-1.12742214962434,0.005493550391856119
AMD,SHORT,2024-12-27 13:30:00,2024-12-30 09:30:00,124.88999938964844,126.40591532662503,122.61612548418354,122.61612548418354,hedef,0.0180070135045046,1.4835228331145178,0.012138009003003044
AMD,LONG,2024-12-27 09:30:00,2024-12-27 09:30:00,124.31500244140625,123.7888879547972,125.10417417131981,123.7888879547972,stop,-0.004932107760742898,-1.1654022155327015,0.004232107760742885
TSLA,SHORT,2024-11-06 09:30:00,2024-11-06 09:30:00,283.093994140625,273.68923895468583,,283.093994140625,stop,-0.0007,-0.08226208019414792,0.008509388509844631
TSLA,SHORT,2024-11-05 09:30:00,2024-11-05 11:30:00,252.6199951171875,254.14903793980912,250.32643088325506,254.14903793980912,stop,-0.0067527387070541395,-1.115650126972147,0.006052738707054103
TSLA,LONG,2024-11-04 13:30:00,2024-11-05 09:30:00,244.50999450683594,238.71577143533003,253.2013291140948,253.2013291140948,hedef,0.03534592778421517,1.4915602146659008,0.023697285189476856
TSLA,LONG,2024-11-12 09:30:00,2024-11-12 09:30:00,340.6099853515625,335.5837798912245,348.14929354206953,335.5837798912245,stop,-0.0154564830054826,-1.047436777431309,0.014756483005482629
TSLA,SHORT,2024-11-18 09:30:00,2024-11-18 09:30:00,340.7200012207031,344.9237121913172,334.4144347647821,344.9237121913172,stop,-0.013037728796528945,-1.0567365364844874,0.012337728796528969
TSLA,SHORT,2024-11-18 09:30:00,2024-11-18 09:30:00,340.7200012207031,332.57379764053593,,340.7200012207031,stop,-0.0007,-0.08226208019414792,0.008509388509844631
TSLA,SHORT,2024-11-21 09:30:00,2024-11-21 09:30:00,344.8099060058594,347.6618628545776,340.53197073278204,347.6618628545776,stop,-0.008971098941889931,-1.084632042841956,0.008271098941889852
TSLA,SHORT,2024-11-22 09:30:00,2024-11-22 10:30:00,343.99969482421875,348.2499777445005,337.62427044379615,348.2499777445005,stop,-0.01305548456650104,-1.056655001771261,0.01235548456650113
TSLA,LONG,2024-11-25 15:30:00,2024-11-26 09:30:00,339.54998779296875,337.4126540924518,342.75598834374415,342.75598834374415,hedef,0.00924191036970432,1.468226768921408,0.0062946069131362
TSLA,SHORT,2024-12-10 09:30:00,2024-12-10 09:30:00,397.04998779296875,405.08747774688453,384.9937528620951,405.08747774688453,stop,-0.020943017758526437,-1.0345798244288518,0.020243017758526462
TSLA,SHORT,2024-12-13 09:30:00,2024-12-13 09:30:00,425.3500061035156,429.5743667477915,419.01346513710183,429.5743667477915,stop,-0.010631493084892162,-1.0704828563053577,0.009931493084892062
TSLA,SHORT,2024-12-17 14:30:00,2024-12-18 09:30:00,476.114990234375,484.40926007669975,463.6735854708879,463.6735854708879,hedef,0.025931092317346784,1.488519423667533,0.01742072821156454
TSLA,LONG,2024-12-18 09:30:00,2024-12-18 10:30:00,466.3599853515625,457.11042766513947,480.23432188119705,480.23432188119705,hedef,0.02955027224768323,1.4899160586665436,0.01983351483178882
TSLA,LONG,2024-12-18 14:30:00,2024-12-18 14:30:00,466.3599853515625,460.66956999042293,474.89560839327186,460.66956999042293,stop,-0.012901765888747661,-1.0573687453424667,0.012201765888747699
TSLA,LONG,2024-12-20 15:30:00,2024-12-23 09:30:00,425.5050048828125,417.07136047423546,438.15547149567806,417.07136047423546,stop,-0.020520317767824446,-1.0353172945156484,0.01982031776782445
TSLA,SHORT,2024-12-24 09:30:00,2024-12-24 09:30:00,443.4590148925781,447.5693306454811,437.2935412632237,447.5693306454811,stop,-0.009968761294431326,-1.0755224973180126,0.009268761294431336
TSLA,LONG,2024-12-30 09:30:00,2024-12-30 09:30:00,419.20001220703125,416.3216831067087,423.51750585751506,416.3216831067087,stop,-0.007566242882886731,-1.1019480394066254,0.006866242882886733
META,LONG,2024-11-01 14:30:00,2024-11-04 09:30:00,567.60498046875,562.3251255184246,575.5247628942382,562.3251255184246,stop,-0.010001988410963412,-1.0752527275969233,0.009301988410963443
META,LONG,2024-11-06 09:30:00,2024-11-06 09:30:00,562.75,557.6787901682843,570.3568147475735,557.6787901682843,stop,-0.009711479043475212,-1.077678702532944,0.00901147904347524
META,SHORT,2024-11-06 15:30:00,2024-11-07 09:30:00,572.1099853515625,573.7314149368678,569.6778409736045,576.4000244140625,stop,-0.008198626439571331,-2.8928274744430316,0.0028341221562650735
META,LONG,2024-11-15 09:30:00,2024-11-15 12:30:00,562.75,554.9584291630998,574.4373562553503,554.9584291630998,stop,-0.014545527919858157,-1.0505578410626015,0.013845527919858156
META,SHORT,2024-11-12 09:30:00,2024-11-12 09:30:00,593.25,594.9893728511514,590.6409407232729,594.9893728511514,stop,-0.0036319390664162005,-1.238749845799361,0.002931939066416208
META,LONG,2024-11-13 09:30:00,2024-11-13 09:30:00,579.7401123046875,576.2843667781412,584.9237305945069,576.2843667781412,stop,-0.0066608528945984674,-1.1174328594208873,0.005960852894598493
META,LONG,2024-11-13 09:30:00,2024-11-13 09:30:00,582.1099853515625,580.2142984187662,584.9535157507569,580.2142984187662,stop,-0.0039565786200203784,-1.2149495165560185,0.0032565786200203406
META,LONG,2024-11-13 15:30:00,2024-11-14 09:30:00,580.4500122070312,574.9588001856224,588.6868302391445,574.9588001856224,stop,-0.010160266872128641,-1.0739936842651139,0.009460266872128639
META,LONG,2024-11-18 13:30:00,2024-11-19 13:30:00,554.25,549.8578185768123,560.8382721347816,556.8900146484375,zaman,0.004063219934032392,0.5127383027823549,0.007924549252481206
META,SHORT,2024-11-19 13:30:00,2024-11-19 14:30:00,558.530029296875,560.113646680171,556.154603221931,556.154603221931,hedef,0.004052996169130663,1.4294614930111496,0.0028353307794203382
META,SHORT,2024-11-21 12:30:00,2024-11-22 10:30:00,562.5399780273438,566.6245780828203,556.4130779441289,556.4130779441289,hedef,0.010691492733903218,1.472455566254374,0.0072609951559354634
META,SHORT,2024-11-26 09:30:00,2024-11-26 09:30:00,567.9998779296875,572.8310115386303,560.7531775162734,572.8310115386303,stop,-0.009205518745095308,-1.0822995070587236,0.008505518745095237
META,SHORT,2024-11-29 10:30:00,2024-11-29 10:30:00,573.9299926757812,577.7041404772522,568.2687709735749,577.7041404772522,stop,-0.007275972417602882,-1.1064481350509152,0.006575972417602805
META,SHORT,2024-12-04 14:30:00,2024-12-05 09:30:00,614.3350219726562,618.0292449505648,608.7936875057934,618.0292449505648,stop,-0.006713368676339281,-1.1164072980847317,0.006013368676339267
META,LONG,2024-12-05 12:30:00,2024-12-06 09:30:00,608.4000244140625,604.8612611180137,613.7081693581358,613.7081693581358,hedef,0.008524761227919985,1.4656151048535655,0.0058165074852798565
META,SHORT,2024-12-06 09:30:00,2024-12-06 09:30:00,617.0750122070312,620.1193122494035,612.5085621434729,620.1193122494035,stop,-0.005633435939147746,-1.1418889408181614,0.0049334359391478115
META,SHORT,2024-12-11 09:30:00,2024-12-11 09:30:00,625.92626953125,630.05248516297,619.73694608367,630.05248516297,stop,-0.007292175201098449,-1.1061864981809464,0.006592175201098521
META,LONG,2024-12-18 14:30:00,2024-12-18 15:30:00,610.722412109375,605.8898250381245,617.9712927162507,605.8898250381245,stop,-0.008612902777808983,-1.0884631114087573,0.007912902777809
META,LONG,2024-12-18 14:30:00,2024-12-18 14:30:00,615.1749877929688,612.4597102920308,619.2479040443757,612.4597102920308,stop,-0.005113829487247889,-1.158592442690038,0.004413829487247923
META,LONG,2024-12-17 09:30:00,2024-12-17 09:30:00,618.1900024414062,616.6426936407707,620.5109656423595,616.6426936407707,stop,-0.003202966393058359,-1.2796681577273088,0.0025029663930583603
META,LONG,2024-12-17 09:30:00,2024-12-17 09:30:00,621.52001953125,618.3367244024895,626.2949622243907,618.3367244024895,stop,-0.005821790173647778,-1.136670963914459,0.005121790173647737
META,LONG,2024-12-18 13:30:00,2024-12-18 14:30:00,619.0599975585938,616.5403114104982,622.8395267807371,616.5403114104982,stop,-0.0047701808516662164,-1.1719825298950732,0.0040701808516661825
META,LONG,2024-12-31 10:30:00,2024-12-31 15:30:00,588.530029296875,585.3415827133671,593.312699172137,585.3415827133671,stop,-0.006117644682153666,-1.1292074399611214,0.005417644682153614
AMZN,SHORT,2024-11-06 09:30:00,2024-11-06 09:30:00,200.14999389648438,200.56869083476033,199.52194848907044,200.56869083476033,stop,-0.002791915818356327,-1.3346214956919955,0.002091915818356223
AMZN,SHORT,2024-11-13 09:30:00,2024-11-13 10:30:00,210.97000122070312,212.31602476811884,208.95096589957956,212.31602476811884,stop,-0.007080165614198408,-1.109715020318955,0.006380165614198339
AMZN,SHORT,2024-11-12 12:30:00,2024-11-13 09:30:00,208.5,209.71794962632023,206.67307556051964,209.71794962632023,stop,-0.006541485018322379,-1.1198325422053275,0.005841485018322465
AMZN,LONG,2024-11-12 11:30:00,2024-11-12 12:30:00,206.07000732421875,205.52534314205778,206.8870035974602,208.1649932861328,hedef,0.009966379810031989,3.7707123539881677,0.002643102648625757
AMZN,LONG,2024-11-19 09:30:00,2024-11-19 09:30:00,199.39599609375,199.5331481164218,,199.39599609375,stop,-0.0007,-0.15962545036334708,0.004385265622785255
AMZN,SHORT,2024-11-26 09:30:00,2024-11-26 09:30:00,204.25010681152344,205.38159356546,202.55287668061857,205.38159356546,stop,-0.0062397119325899525,-1.126360361065331,0.005539711932589962
AMZN,LONG,2024-11-21 09:30:00,2024-11-21 09:30:00,200.57000732421875,199.37164208798455,202.36755517857006,199.37164208798455,stop,-0.006674797788669606,-1.1171587767082958,0.00597479778866964
AMZN,LONG,2024-11-22 09:30:00,2024-11-25 09:30:00,197.5399932861328,195.65331347663266,200.37001300038304,200.37001300038304,hedef,0.014126312698365928,1.4790595105442528,0.009550875132243893
AMZN,SHORT,2024-12-11 09:30:00,2024-12-11 09:30:00,229.64340209960938,230.16232796240772,228.86501330541188,230.16232796240772,stop,-0.002959702904824801,-1.3097752357203134,0.0022597029048248164
AMZN,SHORT,2024-12-12 10:30:00,2024-12-12 14:30:00,230.1898956298828,231.28238731048023,228.55115810898667,228.55115810898667,hedef,0.0069190680043186075,1.4578596524407477,0.004746045336212377
AMZN,SHORT,2024-12-13 09:30:00,2024-12-13 10:30:00,230.14500427246094,231.16094075994215,228.62109954123912,228.25999450683594,hedef,0.0079905308854473,1.810133593419645,0.004414332132443247
AMZN,SHORT,2024-12-16 09:30:00,2024-12-16 09:30:00,230.22999572753906,230.2702948189222,230.16954709046436,230.2702948189222,stop,-0.0008750384056420362,-4.999122349361903,0.0001750384056420879
AMZN,LONG,2024-12-18 14:30:00,2024-12-18 14:30:00,226.90139770507812,225.78211799562035,228.58031726926478,225.78211799562035,stop,-0.005632890324953365,-1.141904634785619,0.004932890324953347
AMZN,SHORT,2024-12-16 13:30:00,2024-12-16 13:30:00,231.6999969482422,232.15773633324716,231.01338787073473,232.15773633324716,stop,-0.002675569231911667,-1.354328255721348,0.001975569231911649
AMZN,SHORT,2024-12-20 11:30:00,2024-12-20 11:30:00,225.19000244140625,226.19496140979936,223.68256398881658,226.19496140979936,stop,-0.005162715740032097,-1.1568551619187513,0.004462715740032016
AMZN,LONG,2024-12-27 09:30:00,2024-12-27 09:30:00,224.4499053955078,223.47789827085305,225.90791608248998,223.47789827085305,stop,-0.005030619444646078,-1.161639693569789,0.004330619444646111
GOOGL,LONG,2024-11-13 15:30:00,2024-11-14 09:30:00,178.7344970703125,178.02835700845353,179.79370716310098,178.02835700845353,stop,-0.004650776562071212,-1.1771803565709713,0.003950776562071201
GOOGL,LONG,2024-11-15 09:30:00,2024-11-15 09:30:00,173.88999938964844,174.26813823490372,,173.88999938964844,stop,-0.0007,-0.1486119062294087,0.004710255172418194
GOOGL,LONG,2024-11-21 09:30:00,2024-11-21 09:30:00,171.63929748535156,171.16030232575025,172.35779022475353,171.16030232575025,stop,-0.003490707994142161,-1.2508324057799542,0.002790707994142138
GOOGL,LONG,2024-11-22 09:30:00,2024-11-25 09:30:00,165.10899353027344,163.6165843945175,167.34760723390735,167.34760723390735,hedef,0.01335839955031568,1.4778734946638499,0.009038933033543658
GOOGL,SHORT,2024-11-27 13:30:00,2024-11-29 09:30:00,169.4499969482422,169.87395786415237,168.8140555743769,168.5500030517578,hedef,0.005111265344898564,2.0428861826456606,0.0025019824346157005
GOOGL,SHORT,2024-12-04 09:30:00,2024-12-04 09:30:00,172.0800018310547,172.72612719266192,171.11081378864384,172.72612719266192,stop,-0.004454796343165889,-1.186428220341167,0.0037547963431659413
GOOGL,SHORT,2024-12-10 09:30:00,2024-12-10 09:30:00,182.8350067138672,176.30627700511477,,182.8350067138672,stop,-0.0007,-0.1486119062294087,0.004710255172418194
GOOGL,SHORT,2024-12-10 13:30:00,2024-12-11 09:30:00,184.52999877929688,186.44864433045626,181.6520304525578,186.44864433045626,stop,-0.011097472301802545,-1.0673240552781955,0.010397472301802489
NFLX,LONG,2024-11-04 09:30:00,2024-11-04 10:30:00,75.3479995727539,74.77815888704859,76.20276060131188,76.20276060131188,hedef,0.011144176798385285,1.4735547139883616,0.0075627845322568076
NFLX,SHORT,2024-11-05 09:30:00,2024-11-05 10:30:00,75.93000030517578,76.26927466606115,75.42108876384773,76.26927466606115,stop,-0.0051682518045799925,-1.1566608218637926,0.0044682518045801
NFLX,SHORT,2024-11-06 09:30:00,2024-11-06 09:30:00,76.95649719238281,76.77316579242182,,76.95649719238281,stop,-0.0007,-0.1401870692653273,0.004993327870169921
NFLX,SHORT,2024-11-18 10:30:00,2024-11-18 10:30:00,83.72200012207031,84.13446448436169,83.10330357863324,84.13446448436169,stop,-0.0056265947025869395,-1.1420859726156172,0.004926594702586928
NFLX,SHORT,2024-11-20 14:30:00,2024-11-21 09:30:00,88.0,89.09560529828843,86.35659205256735,89.09560529828843,stop,-0.01315006020782302,-1.0562246276977896,0.012450060207823103
NFLX,SHORT,2024-12-02 09:30:00,2024-12-02 10:30:00,90.1344985961914,90.63376625139452,89.38559711338674,89.38559711338674,hedef,0.008108710809606822,1.4638933154764306,0.005539140539737902
NFLX,SHORT,2024-12-06 10:30:00,2024-12-06 12:30:00,92.36976623535156,92.72241672980061,91.84079049367799,92.72241672980061,stop,-0.00451781300117745,-1.1833510441145392,0.0038178130011774945
NFLX,LONG,2024-12-18 14:30:00,2024-12-18 14:30:00,90.81900024414062,90.2316378590042,91.70004382184527,90.2316378590042,stop,-0.00716739540798158,-1.1082352254411645,0.006467395407981546
NFLX,LONG,2024-12-13 10:30:00,2024-12-13 14:30:00,91.30599975585938,90.93097790730529,91.86853252869051,91.90800476074219,hedef,0.006393268859576451,1.5565594569550676,0.004107307839099784
NFLX,SHORT,2024-12-16 09:30:00,2024-12-16 09:30:00,92.66799926757812,92.89130438561821,92.333041590518,92.89130438561821,stop,-0.0031097328074959013,-1.2904886375047662,0.0024097328074958865
NFLX,LONG,2024-12-18 09:30:00,2024-12-18 14:30:00,91.39099884033203,90.93782785923435,92.07075531197856,90.93782785923435,stop,-0.005658595341423178,-1.1411690109399102,0.004958595341423216
NFLX,SHORT,2024-12-17 10:30:00,2024-12-18 09:30:00,92.3759994506836,92.92000103137893,91.5599970796406,91.5599970796406,hedef,0.008633488957038393,1.4660383341781302,0.005888992638025647
NFLX,SHORT,2024-12-24 10:30:00,2024-12-24 10:30:00,92.3844985961914,92.88028019433858,91.64082619897064,92.88028019433858,stop,-0.006066502017986941,-1.130438784454711,0.005366502017986967
NFLX,SHORT,2024-12-18 13:30:00,2024-12-18 14:30:00,91.94099426269531,92.26948851108517,91.44825289011052,90.95100402832031,hedef,0.010567669441842042,2.957744436272006,0.003572881183460773
NFLX,LONG,2024-12-18 13:30:00,2024-12-18 13:30:00,91.49799346923828,91.22052461147342,91.91419675588557,91.22052461147342,stop,-0.003732513033831119,-1.2308316542058406,0.0030325130338311112
NFLX,LONG,2024-12-20 09:30:00,2024-12-20 09:30:00,89.32099914550781,89.86389116418975,,89.32099914550781,stop,-0.0007,-0.1401870692653273,0.004993327870169921
NFLX,SHORT,2024-12-20 10:30:00,2024-12-20 10:30:00,90.8740005493164,91.0817134558842,90.56243118946472,91.0817134558842,stop,-0.0029857242479938923,-1.3062486652159513,0.0022857242479939967
AVGO,SHORT,2024-11-06 09:30:00,2024-11-06 10:30:00,179.75,180.3123464817584,178.9064802773624,178.9064802773624,hedef,0.004492738373505479,1.4360714414224247,0.003128492249003597
AVGO,LONG,2024-11-04 15:30:00,2024-11-04 15:30:00,168.88999938964844,168.48534955885822,169.49697413583377,168.48534955885822,stop,-0.0030959371913824247,-1.2921612480150462,0.0023959371913824606
AVGO,SHORT,2024-11-05 09:30:00,2024-11-05 09:30:00,171.67999267578125,172.53328629307194,170.4000522498452,172.53328629307194,stop,-0.005670256603529455,-1.1408377988981353,0.004970256603529446
AVGO,LONG,2024-11-12 09:30:00,2024-11-12 10:30:00,177.36000061035156,176.73613075714053,178.2958053901681,176.73613075714053,stop,-0.004217534117411514,-1.1990030449271525,0.0035175341174114847
AVGO,LONG,2024-11-13 09:30:00,2024-11-13 09:30:00,174.2449951171875,173.11660315548974,175.93758305973415,173.11660315548974,stop,-0.007175893100624575,-1.1080931987485216,0.0064758931006245815
AVGO,LONG,2024-11-19 11:30:00,2024-11-20 09:30:00,164.5500030517578,162.1441090039646,168.15884412344764,162.1441090039646,stop,-0.015321051371457416,-1.0478761740326357,0.014621051371457415
AVGO,SHORT,2024-11-21 09:30:00,2024-11-21 10:30:00,166.2100067138672,166.46529143797358,165.8270796277076,160.9199981689453,hedef,0.031627256670705185,20.591778697218,0.0015359166945096445
AVGO,SHORT,2024-11-26 09:30:00,2024-11-27 09:30:00,165.44000244140625,167.3090904649648,162.6363704060684,162.6363704060684,hedef,0.016746518338760265,1.4822972486735577,0.011297678892506872
AVGO,LONG,2024-11-26 11:30:00,2024-11-26 13:30:00,164.30499267578125,163.02331820053436,166.2275043886516,163.02331820053436,stop,-0.008500581433188624,-1.0897369005112598,0.007800581433188598
AVGO,SHORT,2024-12-02 09:30:00,2024-12-02 09:30:00,165.22999572753906,166.45094836733955,163.39856676783833,166.45094836733955,stop,-0.008089412766274139,-1.09473012567317,0.007389412766274068
AVGO,SHORT,2024-12-06 09:30:00,2024-12-06 11:30:00,173.34500122070312,175.47147773851893,170.15528644397943,175.47147773851893,stop,-0.012967307986045583,-1.057062234093766,0.012267307986045526
AVGO,SHORT,2024-12-11 09:30:00,2024-12-11 09:30:00,180.0399932861328,180.89852089679684,178.7522018701368,180.89852089679684,stop,-0.0054685383396987025,-1.1467955063236834,0.004768538339698731
AVGO,LONG,2024-12-10 09:30:00,2024-12-10 09:30:00,176.55499267578125,175.9781364516931,177.42027701191347,175.9781364516931,stop,-0.003967289218761738,-1.2142448841015765,0.003267289218761788
AVGO,SHORT,2024-12-13 09:30:00,2024-12-13 09:30:00,213.68499755859375,184.99780818607576,,213.68499755859375,stop,-0.0007,-0.09772832981951868,0.007162713220339853
AVGO,LONG,2024-12-30 09:30:00,2024-12-30 10:30:00,232.0500030517578,229.72363103396108,235.5395610784529,235.5395610784529,hedef,0.014837957254052436,1.4800504819283686,0.01002530483603502
AVGO,LONG,2024-12-31 12:30:00,2024-12-31 15:30:00,233.22999572753906,231.46474309025137,235.8778746834706,231.46474309025137,stop,-0.008268720446017862,-1.0924859102661495,0.007568720446017881
AAPL,LONG,2025-01-02 09:30:00,2025-01-02 09:30:00,248.1199951171875,246.23453059506215,250.94819190037552,246.23453059506215,stop,-0.008299002737505466,-1.0921173506814408,0.007599002737505449
AAPL,LONG,2025-01-03 10:30:00,2025-01-03 11:30:00,242.4499969482422,241.74133807438702,243.51298525902496,243.51298525902496,hedef,0.004184360998815229,1.4315749774981712,0.00292290733254352
AAPL,SHORT,2025-01-06 09:30:00,2025-01-06 09:30:00,244.3300018310547,244.24815094639033,,244.3300018310547,stop,-0.0007,-0.18094897265943335,0.0038684939168871658
AAPL,LONG,2025-01-08 13:30:00,2025-01-10 09:30:00,241.97000122070312,239.97080468490356,244.96879602440248,239.97080468490356,stop,-0.008962166903805878,-1.0847235365915346,0.008262166903805912
AAPL,SHORT,2025-01-08 15:30:00,2025-01-10 09:30:00,242.72610473632812,243.7909150115622,241.12888932347704,240.02499389648438,hedef,0.010928225547795689,2.491115723233782,0.00438687992126254
AAPL,LONG,2025-01-16 09:30:00,2025-01-16 10:30:00,233.27999877929688,232.39184476222144,234.61222980491004,232.39184476222144,stop,-0.004507244606151228,-1.1838600017632357,0.0038072446061511987
AAPL,SHORT,2025-01-28 10:30:00,2025-01-28 10:30:00,237.9600067138672,238.650457373682,236.92433072414497,238.650457373682,stop,-0.003601540764558064,-1.2412511340699781,0.002901540764558141
AAPL,SHORT,2025-01-28 10:30:00,2025-01-28 10:30:00,237.85000610351562,238.58046530825231,236.7543172964106,238.58046530825231,stop,-0.0037710918057272886,-1.227931968264375,0.0030710918057272768
AAPL,LONG,2025-01-22 09:30:00,2025-01-22 10:30:00,219.94000244140625,219.28462085370356,220.9230748229603,221.63499450683594,hedef,0.007506611105823047,2.51914929549466,0.0029798198619066163
AAPL,SHORT,2025-01-27 09:30:00,2025-01-27 09:30:00,225.97000122070312,227.1028210724025,224.27077144315408,227.1028210724025,stop,-0.00571314265424524,-1.1396329704296704,0.005013142654245288
AAPL,LONG,2025-02-03 09:30:00,2025-02-03 09:30:00,229.44000244140625,228.36110786781916,231.0583443017869,228.36110786781916,stop,-0.005402294988262246,-1.148863480863572,0.004702294988262204
AAPL,SHORT,2025-01-29 14:30:00,2025-01-30 09:30:00,239.0800018310547,240.28485776745487,237.27271792645442,240.28485776745487,stop,-0.0057395513099066315,-1.1389012546858925,0.005039551309906663
AAPL,SHORT,2025-01-30 13:30:00,2025-01-31 09:30:00,239.35000610351562,240.8809097821876,237.05365058550768,247.0399932861328,stop,-0.03282862747658085,-5.132610428963089,0.006396087903210107
AAPL,SHORT,2025-02-06 13:30:00,2025-02-07 09:30:00,232.4600067138672,233.8933553057981,230.3099838259708,233.8933553057981,stop,-0.006866000819638695,-1.1135257714806812,0.006166000819638699
AAPL,SHORT,2025-02-11 09:30:00,2025-02-11 10:30:00,233.22000122070312,234.07226081444372,231.94161183009223,234.07226081444372,stop,-0.004354316050423434,-1.191554312856667,0.003654316050423476
AAPL,LONG,2025-02-10 14:30:00,2025-02-11 09:30:00,227.7100067138672,227.18377485935412,228.4993544956368,228.4993544956368,hedef,0.0032664606670600228,1.4134563957840858,0.0023109737780400512
AAPL,SHORT,2025-02-11 09:30:00,2025-02-11 09:30:00,229.88999938964844,230.6572675283109,228.73909718165473,230.6572675283109,stop,-0.004037544654832936,-1.20973502151839,0.003337544654832958
AAPL,SHORT,2025-02-12 10:30:00,2025-02-12 11:30:00,234.66000366210938,235.31605916955033,233.67592040094794,235.31605916955033,stop,-0.003495770464512737,-1.2503782083992079,0.002795770464512641
AAPL,SHORT,2025-02-18 15:30:00,2025-02-19 09:30:00,244.57000732421875,245.47966384162524,243.205522548109,245.47966384162524,stop,-0.00441941158018041,-1.1882018122786326,0.0037194115801803375
AAPL,LONG,2025-02-19 10:30:00,2025-02-19 11:30:00,243.91000366210938,242.78730599775642,245.59405015863882,245.59405015863882,hedef,0.006704376496432496,1.4565492988172044,0.004602917664288333
AAPL,LONG,2025-02-26 09:30:00,2025-02-26 09:30:00,243.05499267578125,241.75300734511353,245.00797067178283,241.75300734511353,stop,-0.006056752051600466,-1.1306761995435082,0.005356752051600432
AAPL,SHORT,2025-02-21 09:30:00,2025-02-21 09:30:00,246.13059997558594,246.84372801790127,245.06090791211295,246.84372801790127,stop,-0.003597356291278186,-1.2415995582273451,0.002897356291278163
AAPL,LONG,2025-02-24 09:30:00,2025-02-24 09:30:00,244.80799865722656,244.78290542644797,244.84563850339447,244.78290542644797,stop,-0.0008025016785245469,-7.829156459448277,0.00010250167852452133
AAPL,SHORT,2025-02-24 09:30:00,2025-02-24 09:30:00,247.44509887695312,248.7571031184739,245.47709251467194,248.7571031184739,stop,-0.0060022033876419795,-1.132020586315404,0.0053022033876419655
AAPL,SHORT,2025-02-28 15:30:00,2025-03-03 09:30:00,241.52000427246094,242.55595011889363,239.9660855028119,242.55595011889363,stop,-0.00498927553870051,-1.1631977227119656,0.004289275538700456
MSFT,SHORT,2025-01-06 09:30:00,2025-01-06 09:30:00,428.0799865722656,427.65322868066994,,428.0799865722656,stop,-0.0007,-0.20967485067251604,0.0033385024372489286
MSFT,LONG,2025-01-10 09:30:00,2025-01-10 10:30:00,416.20001220703125,414.7135649851118,418.4296830399104,418.4296830399104,hedef,0.005157209917067563,1.4440007009909699,0.0035714732780450457
MSFT,LONG,2025-01-07 10:30:00,2025-01-07 10:30:00,426.6199951171875,425.3618391309005,428.50722909661806,425.3618391309005,stop,-0.003649125687232268,-1.2373584832380906,0.0029491256872323144
MSFT,SHORT,2025-01-16 09:30:00,2025-01-16 10:30:00,429.42999267578125,430.7958022966168,427.38127824452795,426.0899963378906,hedef,0.0075777435085031325,2.3825504592395137,0.003180517532846659
MSFT,LONG,2025-01-08 12:30:00,2025-01-08 13:30:00,421.80999755859375,420.65511905543224,423.542315313336,424.239990234375,hedef,0.005560870272980334,2.031062722051074,0.002737911642317316
MSFT,SHORT,2025-01-15 09:30:00,2025-01-15 09:30:00,422.2099914550781,423.4722898889919,420.31654380420747,423.4722898889919,stop,-0.0036897407912196084,-1.2341340098966669,0.002989740791219705
MSFT,LONG,2025-01-14 14:30:00,2025-01-14 14:30:00,413.44000244140625,412.2070396312886,415.28944665658275,412.2070396312886,stop,-0.003682204921722409,-1.23472565379436,0.0029822049217223677
MSFT,SHORT,2025-01-15 09:30:00,2025-01-15 09:30:00,419.1300048828125,419.89227279914815,417.98660300830903,419.89227279914815,stop,-0.0025186908774253664,-1.3848922368769314,0.0018186908774254255
MSFT,LONG,2025-01-27 09:30:00,2025-01-27 09:30:00,424.2099914550781,425.4775046837479,,424.2099914550781,stop,-0.0007,-0.20967485067251604,0.0033385024372489286
MSFT,SHORT,2025-01-23 15:30:00,2025-01-24 09:30:00,446.1600036621094,447.397436065437,444.30385505711797,444.30385505711797,hedef,0.0039602756628922325,1.4278893938024515,0.002773517108594853
MSFT,LONG,2025-01-24 13:30:00,2025-01-24 13:30:00,443.70001220703125,442.3742130530756,445.68871093796474,442.3742130530756,stop,-0.003688053003111113,-1.234266259424184,0.0029880530031110805
MSFT,LONG,2025-02-03 09:30:00,2025-02-03 09:30:00,411.760009765625,412.9815343736645,,411.760009765625,stop,-0.0007,-0.20967485067251604,0.0033385024372489286
MSFT,LONG,2025-02-07 10:30:00,2025-02-07 13:30:00,411.6499938964844,408.54655428160265,416.30515331880696,408.54655428160265,stop,-0.008239025047725633,-1.0928502021904167,0.0075390250477256875
MSFT,LONG,2025-02-07 10:30:00,2025-02-07 11:30:00,411.010009765625,409.6365506194933,413.0701984848226,409.6365506194933,stop,-0.0040416683620793864,-1.20947620294805,0.0033416683620793707
MSFT,LONG,2025-02-07 10:30:00,2025-02-07 11:30:00,411.57501220703125,410.29655428160265,413.49269909517415,410.29655428160265,stop,-0.0038062573953967166,-1.2253515761563483,0.003106257395396747
MSFT,SHORT,2025-02-20 09:30:00,2025-02-20 10:30:00,416.4800109863281,418.74373024790975,413.0844320939557,418.74373024790975,stop,-0.0061353611262651925,-1.1287862910556756,0.005435361126265287
MSFT,LONG,2025-02-13 09:30:00,2025-02-14 09:30:00,407.0320129394531,404.26390260700384,411.18417843812705,406.239990234375,zaman,-0.002645848679956175,-0.3890542589690971,0.00680071897160837
MSFT,SHORT,2025-02-18 15:30:00,2025-02-19 10:30:00,408.92010498046875,410.6818316883428,406.27751491865763,410.6818316883428,stop,-0.005008241845820238,-1.162479272299702,0.00430824184582024
MSFT,LONG,2025-02-24 09:30:00,2025-02-24 09:30:00,407.42999267578125,406.3926857230842,408.9859531048269,406.3926857230842,stop,-0.003245975925543842,-1.2749436838647263,0.002545975925543897
MSFT,SHORT,2025-02-27 09:30:00,2025-02-27 09:30:00,404.760009765625,405.4996978778893,403.6504775972286,405.4996978778893,stop,-0.0025274733037302316,-1.3830425312211871,0.0018274733037302508
MSFT,LONG,2025-02-27 10:30:00,2025-02-27 13:30:00,397.8800048828125,396.5516815167786,399.87248993186336,396.5516815167786,stop,-0.00403850243724898,-1.2096748506725314,0.0033385024372489286
MSFT,LONG,2025-02-27 09:30:00,2025-02-27 14:30:00,397.9949951171875,394.1152923564857,403.81454925824016,394.1152923564857,stop,-0.010448119469591309,-1.0718087218959051,0.009748119469591364
MSFT,SHORT,2025-02-27 09:30:00,2025-02-27 09:30:00,402.7699890136719,403.7297088642174,401.3304092378536,403.7297088642174,stop,-0.003082798810049769,-1.2937721796098316,0.0023827988100497428
NVDA,SHORT,2025-01-03 09:30:00,2025-01-03 09:30:00,141.39500427246094,141.98734718935316,140.5064898971226,141.98734718935316,stop,-0.0048892775486664925,-1.167093249818895,0.004189277548666477
NVDA,SHORT,2025-01-03 09:30:00,2025-01-03 09:30:00,140.02000427246094,140.35735756532972,139.51397433315776,140.35735756532972,stop,-0.003109322115233925,-1.2905381541031855,0.0024093221152338886
NVDA,SHORT,2025-01-02 15:30:00,2025-01-03 09:30:00,137.92999267578125,138.96901608466547,136.3714575624549,140.02000427246094,stop,-0.015852698525783936,-2.104440162614662,0.007532976611740649
NVDA,LONG,2025-01-07 14:30:00,2025-01-07 15:30:00,141.4290008544922,140.30152920415375,143.12020832999985,140.30152920415375,stop,-0.008671997564335641,-1.08780735246729,0.007971997564335644
NVDA,LONG,2025-01-27 09:30:00,2025-01-27 09:30:00,124.79000091552734,129.97500124396132,,124.79000091552734,stop,-0.0007,-0.11327340969537296,0.006179738050461404
NVDA,LONG,2025-01-27 09:30:00,2025-01-27 09:30:00,124.79000091552734,137.01499453009413,,124.79000091552734,stop,-0.0007,-0.11327340969537296,0.006179738050461404
NVDA,SHORT,2025-01-24 09:30:00,2025-01-24 09:30:00,148.3574981689453,147.86215330091025,,148.3574981689453,stop,-0.0007,-0.11327340969537296,0.006179738050461404
NVDA,LONG,2025-01-24 10:30:00,2025-01-24 12:30:00,145.02000427246094,143.6415311830031,147.08771390664768,143.6415311830031,stop,-0.010205399592100282,-1.0736423538240079,0.009505399592100255
NVDA,LONG,2025-02-03 09:30:00,2025-02-03 09:30:00,114.70999908447266,116.12287136097584,,114.70999908447266,stop,-0.0007,-0.11327340969537296,0.006179738050461404
NVDA,LONG,2025-02-03 09:30:00,2025-02-03 09:30:00,114.70999908447266,117.97286983509693,,114.70999908447266,stop,-0.0007,-0.11327340969537296,0.006179738050461404
NVDA,SHORT,2025-02-06 09:30:00,2025-02-06 10:30:00,127.41999816894531,127.949146715076,126.62627534974928,126.2300033569336,hedef,0.009139152637829362,2.2007257147227,0.004152790407586495
NVDA,LONG,2025-02-07 11:30:00,2025-02-10 09:30:00,127.6948013305664,124.73643489322464,132.13235098657907,132.13235098657907,hedef,0.034551216257622676,1.4913672086244214,0.02316747750508164
NVDA,SHORT,2025-02-13 09:30:00,2025-02-13 10:30:00,134.51930236816406,135.07239921829,133.68965709297515,135.07239921829,stop,-0.0048116541670145336,-1.1702477814442158,0.004111654167014457
NVDA,LONG,2025-02-24 10:30:00,2025-02-24 11:30:00,130.68499755859375,130.09081832035872,131.5762664159463,134.0399932861328,hedef,0.02547238619746548,5.602448745795116,0.004546652250336717
NVDA,SHORT,2025-02-14 09:30:00,2025-02-14 09:30:00,136.41000366210938,136.57528018175367,136.16208888264293,136.57528018175367,stop,-0.0019116158288044688,-1.5777408839983764,0.00121161582880452
NVDA,SHORT,2025-02-19 12:30:00,2025-02-20 09:30:00,141.25,143.51620876936383,137.85068684595427,137.85068684595427,hedef,0.02386593383395206,1.4875342464551733,0.01604395588930144
NVDA,LONG,2025-02-19 14:30:00,2025-02-20 09:30:00,139.3300018310547,137.14631308834888,142.6055349451134,137.14631308834888,stop,-0.016372781985272998,-1.0446634171685492,0.015672781985273027
NVDA,SHORT,2025-02-21 09:30:00,2025-02-21 09:30:00,140.63999938964844,141.43072782873764,139.45390673101463,141.43072782873764,stop,-0.006322358095284552,-1.1245029199735719,0.005622358095284573
NVDA,LONG,2025-02-21 12:30:00,2025-02-21 12:30:00,138.3000030517578,136.7167552206847,140.6748747983675,136.7167552206847,stop,-0.012147923327092101,-1.061146461240131,0.011447923327092074
NVDA,SHORT,2025-02-27 09:30:00,2025-02-27 09:30:00,135.0,133.84903433426769,,135.0,stop,-0.0007,-0.11327340969537296,0.006179738050461404
AMD,SHORT,2025-01-03 15:30:00,2025-01-06 09:30:00,125.4000015258789,126.23796380525407,124.14305810681617,129.00999450683594,stop,-0.029487822464356515,-4.412815556306958,0.0066823147462420985
AMD,SHORT,2025-01-03 09:30:00,2025-01-03 09:30:00,122.33999633789062,123.19679838812475,121.05479326253945,123.19679838812475,stop,-0.007703450023553404,-1.0999507382284197,0.0070034500235533976
AMD,LONG,2025-01-10 09:30:00,2025-01-10 09:30:00,118.18000030517578,119.35282496137584,,118.18000030517578,stop,-0.0007,-0.09087315916007736,0.007703044622526184
AMD,LONG,2025-01-07 14:30:00,2025-01-08 09:30:00,128.28500366210938,126.78669443634773,130.53246750075184,124.56500244140625,stop,-0.029697942974700707,-2.542733274120992,0.011679535276843818
AMD,LONG,2025-01-14 10:30:00,2025-01-15 09:30:00,115.62989807128906,114.36890449654221,117.52138843340933,117.55000305175781,hedef,0.016405609902768938,1.5043526302148937,0.010905428403728339
AMD,LONG,2025-01-14 10:30:00,2025-01-15 09:30:00,115.25499725341797,114.32880439888596,116.64428653521597,117.55000305175781,hedef,0.01971241901028973,2.453004023699968,0.008036032073260388
AMD,LONG,2025-01-23 09:30:00,2025-01-23 09:30:00,121.26000213623047,120.87443508432767,121.83835271408466,120.87443508432767,stop,-0.003879672151659929,-1.2201484828033473,0.003179672151659939
AMD,LONG,2025-01-23 09:30:00,2025-01-23 09:30:00,121.42500305175781,121.85643734262845,,121.42500305175781,stop,-0.0007,-0.09087315916007736,0.007703044622526184
AMD,LONG,2025-01-27 09:30:00,2025-01-27 09:30:00,117.80999755859375,120.57575678042737,,117.80999755859375,stop,-0.0007,-0.09087315916007736,0.007703044622526184
AMD,LONG,2025-01-28 11:30:00,2025-01-28 12:30:00,113.47200012207031,112.71922186303185,114.60116751062802,114.60116751062802,hedef,0.009751066230814431,1.4698524768058605,0.00663404415387624
AMD,SHORT,2025-01-28 14:30:00,2025-01-29 09:30:00,115.18000030517578,116.22391162537336,113.61413332487942,116.22391162537336,stop,-0.009763303676260403,-1.077234530034943,0.009063303676260456
AMD,LONG,2025-02-03 09:30:00,2025-02-03 09:30:00,113.6500015258789,113.6813364642072,,113.6500015258789,stop,-0.0007,-0.09087315916007736,0.007703044622526184
AMD,SHORT,2025-02-04 13:30:00,2025-02-05 09:30:00,118.4800033569336,120.50975983778677,115.43536863565382,107.68499755859375,hedef,0.09091247039568981,5.3067005324406615,0.017131637604181384
AMD,LONG,2025-02-03 13:30:00,2025-02-03 14:30:00,113.42040252685547,112.91128408250634,114.18408019337916,114.44000244140625,hedef,0.008789563533856825,1.9581216220125344,0.00448877303383383
AMD,SHORT,2025-02-11 10:30:00,2025-02-11 10:30:00,112.0199966430664,112.62847536777909,111.10727855599738,112.62847536777909,stop,-0.006131875941324105,-1.128868922552994,0.005431875941324133
AMD,LONG,2025-02-06 15:30:00,2025-02-07 09:30:00,109.67500305175781,108.92661105079503,110.79759105320198,108.92661105079503,stop,-0.0075237244598898795,-1.1025832745906707,0.006823724459889916
AMD,SHORT,2025-02-10 09:30:00,2025-02-11 09:30:00,110.5,112.0866195114163,108.12007073287555,111.51000213623047,zaman,-0.009840290825615071,-0.6853263359025733,0.014358547614627168
AMD,SHORT,2025-02-13 09:30:00,2025-02-13 09:30:00,112.41999816894531,113.11415765449999,111.3787589406133,113.11415765449999,stop,-0.006874697534788276,-1.1133658767990342,0.006174697534788179
AMD,SHORT,2025-02-14 09:30:00,2025-02-18 09:30:00,113.3822021484375,114.65916107463089,111.46676375914743,114.65916107463089,stop,-0.011962428335283347,-1.0621535586430335,0.011262428335283351
AMD,LONG,2025-02-21 12:30:00,2025-02-24 09:30:00,111.36000061035156,110.34610311423442,112.88084685452728,110.34610311423442,stop,-0.009804682925288098,-1.0768835121161415,0.009104682925288085
AMD,SHORT,2025-02-18 09:30:00,2025-02-18 09:30:00,114.07499694824219,114.68692957403277,113.15709800955631,114.68692957403277,stop,-0.006064301048969011,-1.1304923033979593,0.005364301048968963
AMD,LONG,2025-02-21 11:30:00,2025-02-21 12:30:00,112.23999786376953,111.64587556894455,113.13118130600701,111.64587556894455,stop,-0.005993320617718589,-1.1322421312732933,0.005293320617718614
AMD,LONG,2025-02-20 09:30:00,2025-02-21 09:30:00,113.95999908447266,113.0883444559915,115.26748102719438,115.26748102719438,hedef,0.01127316561272138,1.473852029149886,0.007648777075147573
AMD,SHORT,2025-02-21 09:30:00,2025-02-21 10:30:00,115.33999633789062,116.1592863408264,114.11106133348696,114.11106133348696,hedef,0.010454890267236316,1.4718439146274034,0.007103260178157524
AMD,SHORT,2025-02-21 09:30:00,2025-02-21 11:30:00,115.0,116.59928878223265,112.60106682665102,112.60106682665102,hedef,0.0206602884639042,1.4856186073112572,0.01390685897593607
AMD,LONG,2025-02-21 10:30:00,2025-02-21 10:30:00,113.61000061035156,113.05348803359855,114.44476947548108,113.05348803359855,stop,-0.005598447088841018,-1.1429024315878795,0.004898447088841061
TSLA,SHORT,2025-01-14 09:30:00,2025-01-14 09:30:00,414.44000244140625,414.70227991053224,414.0465862377173,414.70227991053224,stop,-0.001332847861164354,-2.1061110307177313,0.0006328478611643467
TSLA,LONG,2025-01-07 14:30:00,2025-01-07 14:30:00,393.6549987792969,390.76551778625924,397.98922026885333,390.76551778625924,stop,-0.008040135402821634,-1.0953660881692833,0.007340135402821666
TSLA,SHORT,2025-01-10 10:30:00,2025-01-13 09:30:00,395.2200012207031,402.91587477037376,383.67619089619717,383.2099914550781,hedef,0.03018816286759294,1.5503068869799037,0.019472378740703008
TSLA,LONG,2025-01-13 09:30:00,2025-01-13 09:30:00,383.2099914550781,383.1326163430678,383.3260541230936,383.1326163430678,stop,-0.0009019130861293794,-4.46683819963691,0.00020191308612939955
TSLA,SHORT,2025-01-15 09:30:00,2025-01-15 13:30:00,414.44000244140625,423.0450481826806,401.5324338294947,423.0450481826806,stop,-0.021463067490066733,-1.0337137082627532,0.020763067490066765
TSLA,LONG,2025-01-21 09:30:00,2025-01-21 09:30:00,411.81500244140625,408.76772398789024,416.3859201216803,408.76772398789024,stop,-0.008099629531344209,-1.094599330552275,0.007399629531344203
TSLA,LONG,2025-01-24 12:30:00,2025-01-24 12:30:00,410.8301086425781,408.6834893926142,414.050037517524,408.6834893926142,stop,-0.005925077726305316,-1.133969298959118,0.005225077726305294
TSLA,SHORT,2025-01-31 09:30:00,2025-01-31 10:30:00,414.5498962402344,418.36740633998267,408.8236310906119,418.36740633998267,stop,-0.00990880727355433,-1.0760141872020903,0.009208807273554396
TSLA,LONG,2025-01-29 11:30:00,2025-01-29 12:30:00,388.17999267578125,386.2223055446491,391.1165233724795,386.2223055446491,stop,-0.00574324583458704,-1.138799499956821,0.005043245834587039
TSLA,LONG,2025-02-05 09:30:00,2025-02-06 09:30:00,384.29998779296875,374.0674325775492,399.6488206160981,373.1050109863281,stop,-0.029830827900706645,-1.1203444845155104,0.026626478117225613
TSLA,LONG,2025-02-07 13:30:00,2025-02-07 14:30:00,366.0299987792969,362.87043618833434,370.7693426657407,362.87043618833434,stop,-0.009331977164438975,-1.081093819719973,0.00863197716443903
TSLA,LONG,2025-02-10 14:30:00,2025-02-11 09:30:00,356.239990234375,350.27004314308897,365.19491087130405,345.82501220703125,stop,-0.029935847498456312,-1.786338447801977,0.01675821708662838
TSLA,SHORT,2025-02-13 14:30:00,2025-02-14 09:30:00,355.0,358.9979352326016,349.00309715109756,360.6199951171875,stop,-0.016530972161091638,-1.4678814877570396,0.011261789387610157
TSLA,LONG,2025-02-20 09:30:00,2025-02-20 10:30:00,349.1099853515625,347.246025592845,351.9059249896387,352.05999755859375,hedef,0.008250094041453803,1.5451997804623587,0.0053391762966631985
TSLA,SHORT,2025-02-19 09:30:00,2025-02-19 09:30:00,356.2550048828125,359.3260401139042,351.64845203617494,359.3260401139042,stop,-0.009320328666264942,-1.0812034003691,0.008620328666264996
META,SHORT,2025-01-02 15:30:00,2025-01-03 09:30:00,599.1649780273438,605.1880802129797,590.1303247488898,605.1880802129797,stop,-0.01075249373130268,-1.0696344627224523,0.010052493731302603
META,SHORT,2025-01-03 13:30:00,2025-01-06 09:30:00,605.1298828125,609.7807073425555,598.1536460174168,612.0,stop,-0.012053128283087432,-1.5682612961064961,0.00768566329667868
META,LONG,2025-01-08 09:30:00,2025-01-08 09:30:00,612.6400146484375,607.8840906462937,619.7739006516533,607.8840906462937,stop,-0.008462999295553685,-1.0901713337009948,0.007762999295553723
META,LONG,2025-01-13 09:30:00,2025-01-13 09:30:00,606.77001953125,602.3756759244229,613.3615349414906,602.3756759244229,stop,-0.007942189734789183,-1.0966558493541494,0.007242189734789228
META,LONG,2025-01-13 09:30:00,2025-01-14 09:30:00,606.77001953125,596.9657027798917,621.4764946582875,596.9657027798917,stop,-0.016858208935458717,-1.0433216331584765,0.016158208935458756
META,SHORT,2025-01-17 09:30:00,2025-01-17 09:30:00,624.9000244140625,622.7434955085419,,624.9000244140625,stop,-0.0007,-0.1294355410929959,0.005408097297612169
META,SHORT,2025-01-23 13:30:00,2025-01-23 15:30:00,631.114990234375,633.9456002260904,626.8690752468019,633.9456002260904,stop,-0.0051850938981249034,-1.156072540709255,0.004485093898124964
META,SHORT,2025-01-27 10:30:00,2025-01-27 10:30:00,650.75,652.320386769176,648.3944198462359,652.320386769176,stop,-0.0031131951888990423,-1.2900718529608082,0.0024131951888990014
META,SHORT,2025-01-27 15:30:00,2025-01-28 09:30:00,657.625,664.242678534461,647.6984821983085,666.0,stop,-0.013435221440790755,-1.335111316451949,0.010062997201233215
META,SHORT,2025-01-31 09:30:00,2025-01-31 14:30:00,703.5499877929688,711.2722410398043,691.9666079227154,691.9666079227154,hedef,0.01626418885826484,1.4817786346729593,0.01097612590550982
META,LONG,2025-02-18 14:30:00,2025-02-18 15:30:00,706.9498901367188,704.0193530642274,711.3456957454557,711.3456957454557,hedef,0.00601798754065428,1.4517528785578082,0.004145325027102845
META,LONG,2025-02-12 09:30:00,2025-02-12 11:30:00,715.7000122070312,709.781658277396,724.5775431014841,724.5775431014841,hedef,0.0122039831536078,1.4758142206189073,0.008269322102405177
META,SHORT,2025-02-12 11:30:00,2025-02-12 11:30:00,722.1900024414062,723.9263089463686,719.5855426839627,723.9263089463686,stop,-0.00310422395642792,-1.2911542404893064,0.002404223956427946
META,LONG,2025-02-18 09:30:00,2025-02-18 10:30:00,715.7000122070312,712.6145550212149,720.3281979857559,720.3281979857559,hedef,0.006266656000818638,1.4536081709059485,0.004311104000545759
META,LONG,2025-02-18 09:30:00,2025-02-18 09:30:00,719.3585815429688,717.8045574626211,721.6896176634903,717.8045574626211,stop,-0.0028602912931327768,-1.3240303760077028,0.002160291293132792
META,LONG,2025-02-25 09:30:00,2025-02-25 09:30:00,665.9719848632812,662.1572459436181,671.6940932427759,662.1572459436181,stop,-0.006428077165958023,-1.122205057599448,0.005728077165958039
META,SHORT,2025-02-27 09:30:00,2025-02-27 09:30:00,684.2899780273438,683.3596696470544,,684.2899780273438,stop,-0.0007,-0.1294355410929959,0.005408097297612169
AMZN,SHORT,2025-01-06 10:30:00,2025-01-06 12:30:00,228.4149932861328,229.2350491544793,227.18490948361307,227.18490948361307,hedef,0.005185302360510269,1.444292821476517,0.0035902015736734576
AMZN,SHORT,2025-01-06 09:30:00,2025-01-06 10:30:00,227.97999572753906,228.49728803127744,227.2040572719315,228.49728803127744,stop,-0.0029690249733867686,-1.3085025542734778,0.0022690249733866704
AMZN,SHORT,2025-01-03 09:30:00,2025-01-03 09:30:00,223.25390625,225.2436324019384,220.26931702209237,225.2436324019384,stop,-0.009612391211244097,-1.0785423331862793,0.008912391211244096
AMZN,LONG,2025-01-10 09:30:00,2025-01-10 09:30:00,219.49000549316406,218.094888507609,221.58268097149664,218.094888507609,stop,-0.0070561754550983674,-1.1101291185155189,0.006356175455098404
AMZN,LONG,2025-01-07 14:30:00,2025-01-07 14:30:00,222.9199981689453,222.0582156126991,224.21267200331465,222.0582156126991,stop,-0.004565882663398823,-1.181071196657727,0.003865882663398835
AMZN,LONG,2025-01-13 09:30:00,2025-01-14 09:30:00,217.77999877929688,216.39946989318364,219.85079210846675,220.44000244140625,hedef,0.012014177964088745,1.895250210750668,0.006339098603413524
AMZN,SHORT,2025-01-14 09:30:00,2025-01-14 09:30:00,220.44000244140625,220.9306715031277,219.70399884882406,220.9306715031277,stop,-0.0029258621678790115,-1.3144848814547863,0.002225862167878917
AMZN,LONG,2025-01-14 12:30:00,2025-01-14 13:30:00,217.0399932861328,216.37365719085747,218.0394974290458,218.47000122070312,hedef,0.006388684015876645,2.080931748624732,0.00307010742668464
AMZN,SHORT,2025-01-15 09:30:00,2025-01-15 09:30:00,222.8459930419922,221.9156748647073,,222.8459930419922,stop,-0.0007,-0.15962545036334708,0.004385265622785255
AMZN,LONG,2025-01-24 13:30:00,2025-01-27 09:30:00,233.4499969482422,231.43673073793283,236.46989626370623,226.27000427246094,stop,-0.031456019574389225,-3.6475095226063723,0.0086239718853186
AMZN,SHORT,2025-01-27 15:30:00,2025-01-28 09:30:00,235.39999389648438,236.502732704537,233.74588568440544,236.502732704537,stop,-0.005384532016332899,-1.1494279466037336,0.004684532016332835
AMZN,SHORT,2025-01-31 09:30:00,2025-02-03 09:30:00,239.01499938964844,240.4622515192746,236.8441211952092,234.05999755859375,hedef,0.02053092418345224,3.3907007153234368,0.006055068231374059
AMZN,LONG,2025-02-03 09:30:00,2025-02-03 10:30:00,233.97000122070312,232.12127258753426,236.7430941704564,236.7430941704564,hedef,0.011652344041052731,1.4746885511455932,0.007901562694035127
AMZN,LONG,2025-02-07 09:30:00,2025-02-07 09:30:00,232.74000549316406,235.49628149698785,,232.74000549316406,stop,-0.0007,-0.15962545036334708,0.004385265622785255
AMZN,SHORT,2025-02-06 13:30:00,2025-02-06 14:30:00,238.26800537109375,239.5904181920963,236.2843861395899,236.2843861395899,hedef,0.008125159848526109,1.4639646558794734,0.0055501065656840855
AMZN,LONG,2025-02-12 09:30:00,2025-02-12 10:30:00,229.00999450683594,227.98684786919816,230.54471446329262,230.54471446329262,hedef,0.006501541388015153,1.4552341793282932,0.004467694258676726
AMZN,LONG,2025-02-13 13:30:00,2025-02-13 14:30:00,228.22000122070312,227.44039213096076,229.38941485531666,229.38941485531666,hedef,0.004924062870732527,1.4414527089990248,0.003416041913821717
AMZN,SHORT,2025-02-27 09:30:00,2025-02-27 09:30:00,218.49000549316406,218.26131805805295,,218.49000549316406,stop,-0.0007,-0.15962545036334708,0.004385265622785255
GOOGL,SHORT,2025-01-06 09:30:00,2025-01-06 09:30:00,196.26699829101562,196.81264981318265,195.4485210077651,196.81264981318265,stop,-0.003480149117876496,-1.2517850555206047,0.0027801491178764213
GOOGL,SHORT,2025-01-03 09:30:00,2025-01-03 10:30:00,192.75999450683594,193.35348660467264,191.86975636008088,190.71499633789062,hedef,0.010409038323420305,3.380746226205041,0.0030789173830135927
GOOGL,SHORT,2025-01-03 09:30:00,2025-01-03 09:30:00,192.0500030517578,192.61879117010233,191.19682087424104,192.61879117010233,stop,-0.003661666801907015,-1.2363533938218116,0.0029616668019069223
GOOGL,SHORT,2025-01-03 09:30:00,2025-01-03 09:30:00,191.4499969482422,192.06878811834451,190.5218101930887,192.06878811834451,stop,-0.00393212943309481,-1.2165754851375894,0.0032321294330948185
GOOGL,LONG,2025-01-13 09:30:00,2025-01-13 09:30:00,188.35000610351562,187.4085471168849,189.7621945834617,187.4085471168849,stop,-0.005698454771025118,-1.140043279786741,0.004998454771025083
GOOGL,LONG,2025-01-10 09:30:00,2025-01-10 09:30:00,191.77999877929688,191.30253242359962,192.49619831284275,191.30253242359962,stop,-0.0031896566833684243,-1.2811632642670057,0.0024896566833683986
GOOGL,LONG,2025-01-07 11:30:00,2025-01-07 14:30:00,196.2100067138672,195.26545679681146,197.62683158945077,195.26545679681146,stop,-0.005513974235438279,-1.1454100013346447,0.004813974235438257
GOOGL,SHORT,2025-01-21 09:30:00,2025-01-21 09:30:00,198.98500061035156,201.06520760937366,195.86469011181842,201.06520760937366,stop,-0.011154089467253346,-1.0669594422539235,0.01045408946725344
GOOGL,SHORT,2025-01-10 13:30:00,2025-01-13 09:30:00,194.14500427246094,196.6077228726348,190.45092637220012,190.19500732421875,hedef,0.020145601799255154,1.5881505695013443,0.012684944479527891
GOOGL,LONG,2025-01-10 14:30:00,2025-01-13 09:30:00,192.5500030517578,190.21460692230994,196.05309724592962,190.19500732421875,stop,-0.012930567074600573,-1.066106386955401,0.01212877742110507
GOOGL,SHORT,2025-01-15 09:30:00,2025-01-15 12:30:00,194.01499938964844,195.0248726716584,192.50018946663351,195.0248726716584,stop,-0.005905129939370279,-1.1344827138138238,0.005205129939370191
GOOGL,LONG,2025-01-14 14:30:00,2025-01-15 09:30:00,188.8300018310547,187.28590016920808,191.1461543238246,192.80999755859375,hedef,0.020877136519333185,2.553089491826789,0.008177205141522538
GOOGL,SHORT,2025-01-15 09:30:00,2025-01-15 09:30:00,192.80999755859375,192.05487145095526,,192.80999755859375,stop,-0.0007,-0.1486119062294087,0.004710255172418194
GOOGL,SHORT,2025-01-22 09:30:00,2025-01-23 09:30:00,200.1300048828125,202.36317289631205,196.78025286256317,198.86000061035156,zaman,0.005645896374732041,0.5059687682308834,0.01115858671370741
GOOGL,SHORT,2025-01-23 10:30:00,2025-01-23 13:30:00,199.8800048828125,200.55084434324164,198.8737456921688,198.8737456921688,hedef,0.004834316420162499,1.4404089900272266,0.0033562109467749996
GOOGL,LONG,2025-01-23 13:30:00,2025-01-23 13:30:00,197.9949951171875,197.2097575767202,199.17285142788847,197.2097575767202,stop,-0.004665946411941146,-1.176502637023133,0.003965946411941108
GOOGL,LONG,2025-02-05 09:30:00,2025-02-05 09:30:00,191.2100067138672,190.5959961100187,192.13102261963994,190.5959961100187,stop,-0.003911184468851158,-1.217988099652966,0.0032111844688511725
GOOGL,SHORT,2025-01-30 13:30:00,2025-01-31 09:30:00,199.89999389648438,201.48614285826818,197.52077045380867,202.0,stop,-0.011205283479913973,-1.4121852065673048,0.007934712407270872
GOOGL,SHORT,2025-02-04 09:30:00,2025-02-04 09:30:00,204.97000122070312,205.5571746885945,204.08924101886606,205.5571746885945,stop,-0.0035646800233909088,-1.2443553884846483,0.0028646800233909915
GOOGL,SHORT,2025-02-04 14:30:00,2025-02-04 15:30:00,205.72999572753906,206.71986628344183,204.2451898936849,206.71986628344183,stop,-0.005511503312398324,-1.1454846759007966,0.004811503312398429
GOOGL,LONG,2025-02-18 13:30:00,2025-02-18 13:30:00,182.59689331054688,181.77407678560456,183.83111809796034,181.77407678560456,stop,-0.005206191261112735,-1.1553418307032102,0.004506191261112684
GOOGL,LONG,2025-02-21 10:30:00,2025-02-21 10:30:00,182.49000549316406,181.6864851269778,183.69528604244346,181.6864851269778,stop,-0.005103092454377533,-1.158979173672377,0.004403092454377517
GOOGL,LONG,2025-02-21 09:30:00,2025-02-21 10:30:00,183.7899932861328,182.6714960537751,185.4677391346694,182.6714960537751,stop,-0.006785735204399256,-1.1150230788046709,0.006085735204399279
GOOGL,LONG,2025-02-24 15:30:00,2025-02-24 15:30:00,179.66000366210938,179.02200355941332,180.61700381615344,179.02200355941332,stop,-0.0042511526755612756,-1.1971190945456385,0.003551152675561309
NFLX,LONG,2025-01-03 09:30:00,2025-01-03 10:30:00,88.06700134277344,87.66411509410777,88.67133071577194,88.67133071577194,hedef,0.006662154538978205,1.4562819522213124,0.004574769692652039
NFLX,LONG,2025-01-07 10:30:00,2025-01-07 10:30:00,87.4010009765625,87.13313433052632,87.80280094561678,87.13313433052632,stop,-0.003764800666390699,-1.2283998459268053,0.0030648006663906943
NFLX,SHORT,2025-01-07 13:30:00,2025-01-08 13:30:00,88.177001953125,88.83617548709924,87.18824165216364,87.95700073242188,zaman,0.0017949954730835166,0.24011479705755473,0.007475572080854568
NFLX,LONG,2025-01-08 09:30:00,2025-01-10 09:30:00,87.54499816894531,86.8779044662931,88.54563872292363,86.59600067138672,stop,-0.01154011099899973,-1.5144484084622927,0.007620009327829842
NFLX,SHORT,2025-01-22 09:30:00,2025-01-22 09:30:00,99.7657470703125,88.65751172315949,,99.7657470703125,stop,-0.0007,-0.1401870692653273,0.004993327870169921
NFLX,LONG,2025-01-10 15:30:00,2025-01-10 15:30:00,83.96500396728516,83.46800877995618,84.71049674827862,83.46800877995618,stop,-0.006619075374814731,-1.118261714148543,0.005919075374814713
NFLX,SHORT,2025-01-15 10:30:00,2025-01-15 11:30:00,84.9000015258789,85.218306145852,84.42254459591928,84.42254459591928,hedef,0.005423756435553129,1.4466548732261073,0.003749170957035455
NFLX,SHORT,2025-01-17 14:30:00,2025-01-17 15:30:00,86.48500061035156,86.93628961268924,85.80806710684504,85.80806710684504,hedef,0.0076271781086799445,1.4616720105465284,0.00521811873911993
NFLX,LONG,2025-01-27 14:30:00,2025-01-27 14:30:00,96.80650329589844,96.45236037836652,97.3377176721963,96.45236037836652,stop,-0.0043582554422964765,-1.191348037621047,0.003658255442296522
NFLX,SHORT,2025-01-30 09:30:00,2025-01-30 09:30:00,98.66099548339844,98.80760862948222,98.44107576427277,98.80760862948222,stop,-0.0021860294624581273,-1.4710539176269515,0.0014860294624581452
NFLX,SHORT,2025-01-31 09:30:00,2025-01-31 14:30:00,98.66099548339844,99.49904135983573,97.4039266687425,97.4039266687425,hedef,0.012541294657496737,1.4764545120362995,0.008494196438331181
NFLX,LONG,2025-02-03 09:30:00,2025-02-03 09:30:00,97.25599670410156,96.96161811526703,97.69756458735336,96.96161811526703,stop,-0.0037268425476135398,-1.2312640941802369,0.0030268425476135024
NFLX,LONG,2025-02-07 10:30:00,2025-02-07 11:30:00,100.74919891357422,100.228716707059,101.52992222334706,101.52992222334706,hedef,0.0075491763526831296,1.461286208192161,0.005166117568455422
NFLX,SHORT,2025-02-06 15:30:00,2025-02-06 15:30:00,101.18800354003906,101.49854228361156,100.72219542468032,101.49854228361156,stop,-0.0037689284570142307,-1.2280926420425256,0.003068928457014339
NFLX,LONG,2025-02-11 11:30:00,2025-02-11 11:30:00,100.72999572753906,100.29856472442339,101.37714223221258,100.29856472442339,stop,-0.00498304399299928,-1.1634351646035384,0.004283043992999252
NFLX,LONG,2025-02-11 09:30:00,2025-02-11 10:30:00,101.38400268554688,101.22755381836686,101.6186759863169,101.22755381836686,stop,-0.002243131687799515,-1.4536229834008543,0.0015431316877995071
NFLX,SHORT,2025-02-13 09:30:00,2025-02-13 09:30:00,102.81500244140625,103.31840352966039,102.05990080902504,103.31840352966039,stop,-0.00559618320576346,-1.1429685064023076,0.004896183205763404
NFLX,LONG,2025-02-21 12:30:00,2025-02-21 13:30:00,100.71599578857422,100.25411360784014,101.40881905967534,100.25411360784014,stop,-0.00528598633829399,-1.152638919604887,0.00458598633829402
NFLX,SHORT,2025-02-12 11:30:00,2025-02-12 11:30:00,100.97999572753906,101.27385193047974,100.53921142312805,101.27385193047974,stop,-0.0036100437252300716,-1.2405462137668695,0.002910043725229967
NFLX,LONG,2025-02-21 12:30:00,2025-02-24 09:30:00,100.5510025024414,99.79384749455889,101.68673501426518,99.79384749455889,stop,-0.008230059263846089,-1.0929607557487535,0.0075300592638460565
NFLX,LONG,2025-02-24 15:30:00,2025-02-25 09:30:00,98.927001953125,98.40685508534789,99.70722225479068,98.40685508534789,stop,-0.005957885688515818,-1.1331333622427169,0.005257885688515841
NFLX,SHORT,2025-02-27 09:30:00,2025-02-27 10:30:00,99.76300048828125,100.13714725863548,99.2017803327499,98.3499984741211,hedef,0.01396358777547133,3.7232699155564304,0.0037503560290187876
NFLX,SHORT,2025-02-28 14:30:00,2025-02-28 15:30:00,97.64399719238281,98.01385553295496,97.08920968152458,98.01385553295496,stop,-0.004487824661084294,-1.1848026407324908,0.003787824661084269
AVGO,SHORT,2025-01-03 09:30:00,2025-01-03 10:30:00,236.16000366210938,239.65485716378396,230.9177234095975,230.4199981689453,hedef,0.02410557843900061,1.6289018952307774,0.014798668053354686
AVGO,SHORT,2025-01-03 13:30:00,2025-01-06 09:30:00,233.36500549316406,236.64569457790066,228.44397186605917,236.64569457790066,stop,-0.014758187849560477,-1.0497930464076117,0.014058187849560394
AVGO,LONG,2025-01-07 09:30:00,2025-01-07 09:30:00,232.30999755859375,230.66709277864658,234.7743547285145,230.66709277864658,stop,-0.007772036490951228,-1.0989813897164735,0.00707203649095126
AVGO,LONG,2025-01-07 14:30:00,2025-01-08 09:30:00,230.5800018310547,227.41907163449395,235.3213971258958,227.41907163449395,stop,-0.014408605132533357,-1.051062817349577,0.013708605132533332
AVGO,LONG,2025-01-14 14:30:00,2025-01-14 14:30:00,224.56500244140625,223.50809046550395,226.1503704052597,223.50809046550395,stop,-0.005406485714211284,-1.1487309305723312,0.00470648571421126
AVGO,SHORT,2025-01-15 09:30:00,2025-01-15 11:30:00,228.68499755859375,230.3996919102347,226.1129560311323,226.1129560311323,hedef,0.011047093403240926,1.473326441841977,0.007498062268827313
AVGO,LONG,2025-01-27 09:30:00,2025-01-27 09:30:00,212.17999267578125,222.98859422071493,,212.17999267578125,stop,-0.0007,-0.09772832981951868,0.007162713220339853
AVGO,SHORT,2025-01-17 09:30:00,2025-01-17 10:30:00,236.81500244140625,238.73949791053562,233.9282592377122,233.74000549316406,hedef,0.012784806353233513,1.5732091845992167,0.0081265774942005
AVGO,LONG,2025-01-27 09:30:00,2025-01-27 09:30:00,212.17999267578125,236.0286027656368,,212.17999267578125,stop,-0.0007,-0.09772832981951868,0.007162713220339853
AVGO,SHORT,2025-01-30 09:30:00,2025-01-30 09:30:00,218.57000732421875,211.65339302142982,,218.57000732421875,stop,-0.0007,-0.09772832981951868,0.007162713220339853
AVGO,SHORT,2025-01-31 09:30:00,2025-01-31 09:30:00,220.55999755859375,222.16950397365568,218.14573793600084,222.16950397365568,stop,-0.007997363224871844,-1.0959250592890935,0.007297363224871951
AVGO,LONG,2025-02-03 09:30:00,2025-02-03 10:30:00,215.40499877929688,213.50847308417895,218.24978732197377,218.8249969482422,hedef,0.015677060366874086,1.7805807629616597,0.008804464640400954
AVGO,SHORT,2025-02-11 11:30:00,2025-02-11 12:30:00,235.0063934326172,235.9630980138789,233.57133656072463,235.9630980138789,stop,-0.004770972569246267,-1.171949082950831,0.004070972569246366
AVGO,LONG,2025-02-12 09:30:00,2025-02-12 10:30:00,230.35499572753906,229.84110341292305,231.1258341994631,233.5800018310547,hedef,0.013800156989562917,6.185994641203112,0.002230871151689024
AVGO,LONG,2025-02-14 09:30:00,2025-02-14 09:30:00,231.57000732421875,230.59925885928772,233.0261300216153,230.59925885928772,stop,-0.004892030203513775,-1.1669835297019664,0.004192030203513789
AVGO,LONG,2025-02-21 09:30:00,2025-02-21 10:30:00,224.36500549316406,222.63843262088906,226.95486480157655,222.63843262088906,stop,-0.008395375080797095,-1.090963727258306,0.0076953750807971025
AVGO,LONG,2025-02-24 14:30:00,2025-02-24 15:30:00,213.08099365234375,211.0014100815095,216.20036900859512,211.0014100815095,stop,-0.010459592046145737,-1.0717243094475901,0.009759592046145741
AVGO,LONG,2025-02-25 15:30:00,2025-02-26 09:30:00,202.0399932861328,200.77093184581912,203.94358544660335,206.88999938964844,hedef,0.023805178502688686,3.789885936231392,0.006281238776901083
AVGO,LONG,2025-02-28 13:30:00,2025-03-03 09:30:00,195.6999969482422,192.96373587279396,199.80438856141453,192.96373587279396,stop,-0.014681916801827587,-1.050064666377399,0.013981916801827542
AAPL,LONG,2025-03-03 14:30:00,2025-03-04 14:30:00,236.9199981689453,234.40658333058036,240.69012042649274,238.69000244140625,zaman,0.006770894336234046,0.638239358364831,0.010608706980373436
AAPL,LONG,2025-03-04 12:30:00,2025-03-04 13:30:00,236.8800048828125,235.99594558955562,238.20609382269782,238.20609382269782,hedef,0.005398146371794233,1.4464108331444199,0.0037320975811961743
AAPL,SHORT,2025-03-04 15:30:00,2025-03-05 09:30:00,238.67999267578125,240.18073766683247,236.4288751892044,235.4949951171875,hedef,0.013144216760221683,2.090469452682329,0.006287686597551587
AAPL,SHORT,2025-03-07 09:30:00,2025-03-07 09:30:00,236.77999877929688,237.97858513409003,234.98211924710716,237.97858513409003,stop,-0.005762025344084731,-1.1382845703880171,0.005062025344084721
AAPL,LONG,2025-03-11 09:30:00,2025-03-11 09:30:00,223.8000030517578,224.0745754671958,,223.8000030517578,stop,-0.0007,-0.18094897265943335,0.0038684939168871658
AAPL,SHORT,2025-03-17 13:30:00,2025-03-17 15:30:00,213.3800048828125,215.084381104,210.82344055103127,215.084381104,stop,-0.00868751608485304,-1.0876367562285623,0.007987516084853053
AAPL,SHORT,2025-03-19 09:30:00,2025-03-19 09:30:00,214.68499755859375,215.3119760992934,213.74452974754428,215.3119760992934,stop,-0.00362045810294006,-1.2396884239823316,0.002920458102939953
AAPL,LONG,2025-03-21 09:30:00,2025-03-21 10:30:00,211.51499938964844,211.39130928727099,211.70053454321462,213.7100067138672,hedef,0.010177549254439122,17.404014411530078,0.000584781706897263
AAPL,SHORT,2025-03-20 09:30:00,2025-03-20 11:30:00,217.2100067138672,218.8587296073895,214.7369223735837,214.7369223735837,hedef,0.011185683273521185,1.4736511202013212,0.007590455515680716
AAPL,SHORT,2025-03-27 13:30:00,2025-03-28 09:30:00,224.0850067138672,225.09750654354514,222.56625696935026,221.6490020751953,hedef,0.010670895266020141,2.3616671995783673,0.004518373828423088
AAPL,LONG,2025-04-03 09:30:00,2025-04-03 09:30:00,205.52000427246094,216.15480525960928,,205.52000427246094,stop,-0.0007,-0.18094897265943335,0.0038684939168871658
AAPL,SHORT,2025-04-01 12:30:00,2025-04-02 12:30:00,222.55499267578125,225.06633541654597,218.78797856463416,225.06633541654597,stop,-0.011984144698668896,-1.062033943971185,0.011284144698668922
AAPL,SHORT,2025-04-08 09:30:00,2025-04-08 11:30:00,190.2100067138672,194.38103795245604,183.9534598559839,183.9534598559839,hedef,0.03269283758501205,1.4908794734043664,0.021928558390008013
AAPL,SHORT,2025-04-11 12:30:00,2025-04-14 09:30:00,198.85000610351562,200.90802587783665,195.76297644203407,211.44000244140625,stop,-0.06401403546116388,-6.185164739907651,0.01034960880639691
AAPL,SHORT,2025-04-24 12:30:00,2025-04-24 15:30:00,206.80999755859375,208.12761261787224,204.83357496967602,208.12761261787224,stop,-0.0070711381211404295,-1.1098704794481542,0.006371138121140329
AAPL,SHORT,2025-04-28 14:30:00,2025-04-29 09:30:00,210.05999755859375,211.59495729326764,207.7575579565829,211.59495729326764,stop,-0.008007244370721832,-1.0957953456168288,0.0073072443707219
AAPL,SHORT,2025-04-30 11:30:00,2025-04-30 13:30:00,211.0399932861328,212.33489587986458,209.09763939553517,212.33489587986458,stop,-0.00683581612455838,-1.114084253144123,0.0061358161245584604
MSFT,SHORT,2025-03-05 14:30:00,2025-03-06 09:30:00,401.2650146484375,405.9295994781716,394.26813740383636,394.26813740383636,hedef,0.01723704780924238,1.482795252769735,0.011624698539494948
MSFT,LONG,2025-03-03 14:30:00,2025-03-03 15:30:00,389.489990234375,386.41791621060685,394.0981012700272,386.41791621060685,stop,-0.00858742740710624,-1.0887488358205775,0.007887427407106243
MSFT,LONG,2025-03-10 10:30:00,2025-03-10 10:30:00,383.1650085449219,380.78572723846924,386.73393050460083,380.78572723846924,stop,-0.006909547462300957,-1.112729631949802,0.006209547462300946
MSFT,LONG,2025-03-10 09:30:00,2025-03-10 09:30:00,385.8399963378906,385.347791799932,386.57830314482857,385.347791799932,stop,-0.001975670077312552,-1.5487312216922902,0.0012756700773125422
MSFT,LONG,2025-03-11 12:30:00,2025-03-11 13:30:00,378.4100036621094,377.0296676336708,380.48050770476726,380.48050770476726,hedef,0.005271589076980976,1.4451713212050326,0.003647726051320578
MSFT,SHORT,2025-03-11 14:30:00,2025-03-12 14:30:00,383.0,386.1681439482395,378.24778407764074,383.2699890136719,zaman,-0.0014049321505792073,-0.16984361268396453,0.008271916313941263
MSFT,SHORT,2025-03-12 11:30:00,2025-03-13 11:30:00,383.17999267578125,385.5956763621645,379.5564671462064,379.5564671462064,hedef,0.009256458058447858,1.468275648435618,0.0063043053722985866
MSFT,LONG,2025-03-13 09:30:00,2025-03-13 10:30:00,380.4825134277344,378.76226946168134,383.06287937681395,383.06287937681395,hedef,0.006581825334976066,1.4557641217250632,0.004521216889983991
MSFT,SHORT,2025-03-14 09:30:00,2025-03-14 10:30:00,384.1499938964844,385.38097254762755,382.30352591976964,385.38097254762755,stop,-0.00390442189431569,-1.2184481391921562,0.0032044218943157996
MSFT,SHORT,2025-03-14 09:30:00,2025-03-14 10:30:00,383.30499267578125,385.4743868542682,380.0509014080509,385.4743868542682,stop,-0.006359707595621955,-1.123681301228621,0.005659707595621924
MSFT,LONG,2025-03-18 09:30:00,2025-03-18 09:30:00,386.760009765625,385.42438602157483,388.76344538170025,385.42438602157483,stop,-0.004153365679816689,-1.2027008040565188,0.0034533656798166642
MSFT,SHORT,2025-03-20 10:30:00,2025-03-20 11:30:00,391.7815856933594,392.8579535849664,390.16703385594883,388.6610107421875,hedef,0.007765088368431572,2.826374381616921,0.0027473672344812635
MSFT,LONG,2025-03-28 10:30:00,2025-03-28 11:30:00,382.3804931640625,381.0218849911327,384.4184054234572,381.0218849911327,stop,-0.004253026886093935,-1.1970151148418393,0.003553026886093986
MSFT,SHORT,2025-03-21 15:30:00,2025-03-21 15:30:00,386.80999755859375,388.2709931462925,384.6185041770457,388.2709931462925,stop,-0.004477036780124643,-1.1853304695584397,0.003777036780124645
MSFT,LONG,2025-03-28 10:30:00,2025-03-28 10:30:00,383.90411376953125,382.73187644621083,385.6624697545119,382.73187644621083,stop,-0.003753463824105207,-1.2292478445213553,0.0030534638241051636
MSFT,LONG,2025-03-28 09:30:00,2025-03-28 09:30:00,388.0799865722656,387.29723882458524,389.25410819378624,387.29723882458524,stop,-0.0027169753008756342,-1.3470543242131776,0.002016975300875587
MSFT,SHORT,2025-04-02 10:30:00,2025-04-02 10:30:00,381.4700012207031,382.4888239651893,379.9417671039739,382.4888239651893,stop,-0.0033707807723436173,-1.262095641562419,0.0026707807723436385
MSFT,SHORT,2025-04-09 12:30:00,2025-04-09 13:30:00,383.9800109863281,385.4090738991838,381.8364166170446,385.4090738991838,stop,-0.004421711734902211,-1.188085496637336,0.0037217117349021404
MSFT,LONG,2025-04-03 15:30:00,2025-04-04 09:30:00,373.489990234375,369.18170874879104,379.95241246275094,364.125,stop,-0.025774273686687575,-2.234402106675313,0.011535199331260255
MSFT,SHORT,2025-04-08 09:30:00,2025-04-08 09:30:00,368.2550048828125,371.30316662397445,363.6827622710696,371.30316662397445,stop,-0.008977312462140029,-1.084568512207524,0.008277312462140049
MSFT,SHORT,2025-04-14 09:30:00,2025-04-14 10:30:00,393.2200012207031,393.5442230718696,392.7336684439534,393.5442230718696,stop,-0.0015245304159504309,-1.8489680749900372,0.0008245304159503378
MSFT,LONG,2025-04-15 12:30:00,2025-04-16 09:30:00,385.80999755859375,383.9609746967869,388.5835318513041,380.4949951171875,stop,-0.014476217503536969,-3.0205518574494623,0.004792573737092072
MSFT,SHORT,2025-04-25 12:30:00,2025-04-25 15:30:00,389.3500061035156,392.0534792856553,385.2947963303061,392.0534792856553,stop,-0.007643555001308832,-1.100812912098776,0.006943555001308865
MSFT,SHORT,2025-04-24 09:30:00,2025-04-24 09:30:00,378.8699951171875,380.5757240130147,376.31140177344673,380.5757240130147,stop,-0.0052021482772726885,-1.1554813295540731,0.004502148277272743
NVDA,SHORT,2025-03-07 13:30:00,2025-03-10 10:30:00,111.18000030517578,113.60485478944516,107.54271857877171,107.54271857877171,hedef,0.03251525199154679,1.4908299651771797,0.02181016799436445
NVDA,LONG,2025-03-10 09:30:00,2025-03-10 10:30:00,109.0,107.44054191874108,111.33918712188839,107.44054191874108,stop,-0.015006954873935073,-1.0489272529457176,0.014306954873935084
NVDA,LONG,2025-03-11 10:30:00,2025-03-11 10:30:00,106.30500030517578,106.05588518595873,106.67867298400137,106.05588518595873,stop,-0.0030433998259903,-1.2987112963978027,0.0023433998259903403
NVDA,SHORT,2025-03-11 13:30:00,2025-03-11 14:30:00,108.8949966430664,111.11830341959839,105.56003647826843,111.11830341959839,stop,-0.021116978236561966,-1.0342851910742785,0.02041697823656205
NVDA,LONG,2025-03-18 09:30:00,2025-03-18 12:30:00,115.43000030517578,113.70203295350932,118.02195133267548,118.02195133267548,hedef,0.022254743313238047,1.4866397938371023,0.014969828875491946
NVDA,SHORT,2025-03-17 14:30:00,2025-03-18 09:30:00,120.93000030517578,121.97442164885639,119.36336828965486,118.05000305175781,hedef,0.023615407642024945,2.734347847864595,0.008636577698213318
NVDA,SHORT,2025-03-24 09:30:00,2025-03-24 10:30:00,120.5,121.15402599567909,119.51896100648136,121.15402599567909,stop,-0.006127601623892775,-1.1289704087563135,0.005427601623892879
NVDA,LONG,2025-03-18 13:30:00,2025-03-19 09:30:00,115.83000183105469,114.44351388775729,117.90973374600078,117.90973374600078,hedef,0.01775503653690278,1.4832915962391218,0.011970024357935139
NVDA,SHORT,2025-03-19 09:30:00,2025-03-19 13:30:00,117.63999938964844,119.11325416649859,115.4301172243732,119.11325416649859,stop,-0.01322341707322202,-1.0558952876764547,0.01252341707322205
NVDA,LONG,2025-03-21 09:30:00,2025-03-21 10:30:00,115.58000183105469,114.86887149202781,116.64669733959501,116.64669733959501,hedef,0.009029066375163519,1.467494003423003,0.006152710916775653
NVDA,SHORT,2025-03-20 11:30:00,2025-03-20 12:30:00,119.62000274658203,120.53629574899246,118.2455632429664,118.2455632429664,hedef,0.011290047417298754,1.4738904471753171,0.007660031611532535
NVDA,LONG,2025-03-26 09:30:00,2025-03-26 09:30:00,116.29000091552734,115.35999783585395,117.68500553503745,115.35999783585395,stop,-0.008697274678404608,-1.0875298183630255,0.007997274678404628
NVDA,LONG,2025-03-26 09:30:00,2025-03-26 09:30:00,118.75499725341797,118.85999783585395,,118.75499725341797,stop,-0.0007,-0.11327340969537296,0.006179738050461404
NVDA,SHORT,2025-04-01 15:30:00,2025-04-02 09:30:00,110.01499938964844,110.69183113602557,108.99975177008274,107.30000305175781,hedef,0.024478419787784735,3.9788224361925137,0.006152176977067885
NVDA,SHORT,2025-04-01 15:30:00,2025-04-01 15:30:00,109.41000366210938,110.01173164872088,108.50741168219211,110.01173164872088,stop,-0.006199752915371747,-1.1272784451904434,0.005499752915371637
NVDA,SHORT,2025-04-09 13:30:00,2025-04-09 13:30:00,111.23500061035156,112.17746424398851,109.82130515989614,112.17746424398851,stop,-0.009172725567183036,-1.08261804238193,0.008472725567183046
NVDA,LONG,2025-04-07 09:30:00,2025-04-07 09:30:00,87.52999877929688,91.99318134886057,,87.52999877929688,stop,-0.0007,-0.11327340969537296,0.006179738050461404
NVDA,SHORT,2025-04-09 12:30:00,2025-04-09 12:30:00,104.7300033569336,106.02149482576391,102.79276615368812,106.02149482576391,stop,-0.01303162825774725,-1.0567646044276708,0.012331628257747146
NVDA,LONG,2025-04-21 09:30:00,2025-04-22 09:30:00,96.30999755859375,94.35992855807791,99.23510105936751,99.23510105936751,hedef,0.030171753451599483,1.490122401050104,0.020247835634399663
NVDA,LONG,2025-04-16 09:30:00,2025-04-16 09:30:00,104.55000305175781,108.96908962627568,,104.55000305175781,stop,-0.0007,-0.11327340969537296,0.006179738050461404
AMD,LONG,2025-03-03 14:30:00,2025-03-03 14:30:00,99.08999633789062,98.6206903015289,99.79395539243322,98.6206903015289,stop,-0.0054361595893234966,-1.147799073658328,0.00473615958932348
AMD,SHORT,2025-03-17 09:30:00,2025-03-17 09:30:00,102.69999694824219,103.24127957343346,101.88807301045529,103.24127957343346,stop,-0.005970522310376169,-1.1328141612496225,0.005270522310376139
AMD,LONG,2025-03-06 09:30:00,2025-03-06 09:30:00,99.05000305175781,98.7912205371718,99.43817682363684,98.7912205371718,stop,-0.0033126451954856523,-1.2679276930558692,0.002612645195485675
AMD,SHORT,2025-03-10 09:30:00,2025-03-10 10:30:00,101.20500183105469,101.91400087962869,100.1415032581937,98.74749755859375,hedef,0.02408243889134396,3.437611484806307,0.0070055732003993145
AMD,LONG,2025-03-10 10:30:00,2025-03-10 12:30:00,97.48500061035156,96.309959464574,99.2475623290179,99.2475623290179,hedef,0.01788033756609695,1.4834073894415172,0.012053558377398035
AMD,SHORT,2025-03-12 11:30:00,2025-03-12 14:30:00,100.27999877929688,101.37083457335189,98.64374508821436,101.37083457335189,stop,-0.011577899953467329,-1.064350656192324,0.01087789995346726
AMD,SHORT,2025-03-17 09:30:00,2025-03-17 09:30:00,102.69999694824219,101.7762756061483,,102.69999694824219,stop,-0.0007,-0.09087315916007736,0.007703044622526184
AMD,LONG,2025-03-28 10:30:00,2025-03-28 11:30:00,103.43000030517578,102.9032032925314,104.22019582414235,102.9032032925314,stop,-0.005793270918399284,-1.1374362391506179,0.005093270918399275
AMD,SHORT,2025-03-19 10:30:00,2025-03-19 11:30:00,103.98999786376953,104.61395753339391,103.05405835933296,104.61395753339391,stop,-0.006700189272450829,-1.116662986485088,0.006000189272450916
AMD,LONG,2025-03-28 09:30:00,2025-03-31 09:30:00,103.52999877929688,101.97968026229944,105.85547655479303,100.0999984741211,stop,-0.03383049691508052,-2.2591946531766065,0.014974582587433165
AMD,SHORT,2025-03-21 14:30:00,2025-03-21 15:30:00,107.12999725341797,107.56107004020153,106.48338807324262,106.48338807324262,hedef,0.005835743458909893,1.4502960982284678,0.0040238289726065146
AMD,LONG,2025-03-28 09:30:00,2025-03-28 09:30:00,105.0,104.26468392440881,106.10297411338678,104.26468392440881,stop,-0.007703010243725627,-1.099957015003258,0.007003010243725579
AMD,LONG,2025-03-27 09:30:00,2025-03-27 09:30:00,106.15499877929688,106.05405905271876,106.30640836916405,106.05405905271876,stop,-0.0016508711576360352,-1.7361670341756108,0.0009508711576360066
AMD,SHORT,2025-03-25 15:30:00,2025-03-25 15:30:00,114.44000244140625,114.91072344897539,113.73392093005253,114.91072344897539,stop,-0.004813255832986829,-1.1701814884418984,0.004113255832986812
AMD,LONG,2025-04-03 09:30:00,2025-04-03 09:30:00,97.79000091552734,98.7397152946028,,97.79000091552734,stop,-0.0007,-0.09087315916007736,0.007703044622526184
AMD,LONG,2025-04-07 09:30:00,2025-04-07 09:30:00,80.63999938964844,83.5883945982126,,80.63999938964844,stop,-0.0007,-0.09087315916007736,0.007703044622526184
AMD,SHORT,2025-04-08 09:30:00,2025-04-08 11:30:00,87.41999816894531,89.13064761729362,84.85402399642285,84.85402399642285,hedef,0.029152256077191054,1.4897793205670082,0.019568170718127394
AMD,SHORT,2025-04-14 09:30:00,2025-04-14 10:30:00,97.06999969482422,98.04372599323479,95.60941024720836,95.60941024720836,hedef,0.014846764728626427,1.4800621591810263,0.010031176485750906
AMD,SHORT,2025-04-24 09:30:00,2025-04-24 11:30:00,92.91999816894531,93.82140180362694,91.56789271692287,93.82140180362694,stop,-0.010400857215286573,-1.0721585716050888,0.009700857215286574
AMD,SHORT,2025-04-29 09:30:00,2025-04-30 09:30:00,96.6500015258789,97.54845728460181,95.30231788779454,92.75,hedef,0.04015179994109617,4.319268353390991,0.009295972524970254
TSLA,SHORT,2025-03-03 09:30:00,2025-03-03 10:30:00,303.7149963378906,309.3545938523283,295.2556000662341,295.2556000662341,hedef,0.027653074012339053,1.4892291960353439,0.01856871600822602
TSLA,LONG,2025-03-03 12:30:00,2025-03-03 14:30:00,288.3999938964844,280.5177617289068,300.22334214785076,280.5177617289068,stop,-0.028030902685132274,-1.0256120336772026,0.02733090268513232
TSLA,LONG,2025-03-03 14:30:00,2025-03-04 09:30:00,279.4599914550781,273.22411925806256,288.81379975060145,270.79998779296875,stop,-0.031688348697138734,-1.420110190899382,0.02231400696946616
TSLA,LONG,2025-03-10 09:30:00,2025-03-10 09:30:00,252.60000610351562,250.40056475806404,255.899168121693,250.40056475806404,stop,-0.009407210183321434,-1.0803931437581276,0.008707210183321441
TSLA,SHORT,2025-03-11 13:30:00,2025-03-11 14:30:00,228.39999389648438,236.6875886165945,215.9686018163192,236.6875886165945,stop,-0.03698544195087069,-1.0192914833708708,0.036285441950870766
TSLA,LONG,2025-03-18 09:30:00,2025-03-19 09:30:00,222.60000610351562,217.77049992395933,229.84426537285006,231.61000061035156,hedef,0.04027616468907922,1.8563957001580926,0.021695894191981407
TSLA,LONG,2025-03-17 10:30:00,2025-03-17 11:30:00,235.3699951171875,233.2273204359449,238.58400713905138,233.2273204359449,stop,-0.009803431727462862,-1.076894079173265,0.009103431727462915
TSLA,SHORT,2025-03-14 13:30:00,2025-03-14 14:30:00,248.5950927734375,250.94991957619501,245.06285256930124,250.94991957619501,stop,-0.010172539367072929,-1.0738978190403008,0.009472539367072853
TSLA,SHORT,2025-03-24 09:30:00,2025-03-24 09:30:00,258.07501220703125,251.79955569201957,,258.07501220703125,stop,-0.0007,-0.08226208019414792,0.008509388509844631
TSLA,SHORT,2025-03-20 13:30:00,2025-03-21 09:30:00,235.72999572753906,241.64146663250378,226.862789370092,241.64146663250378,stop,-0.025777296110407986,-1.0279136951973635,0.025077296110408025
TSLA,LONG,2025-03-26 09:30:00,2025-03-26 12:30:00,276.1499938964844,271.0329604279082,283.8255440993486,271.0329604279082,stop,-0.019229906144029384,-1.0377767698637541,0.018529906144029423
TSLA,SHORT,2025-04-02 10:30:00,2025-04-02 11:30:00,274.19000244140625,277.7837867677851,268.799325951838,277.7837867677851,stop,-0.013806912339543974,-1.0534069338274359,0.013106912339543947
TSLA,SHORT,2025-04-08 09:30:00,2025-04-08 12:30:00,245.0500030517578,252.4686405902118,233.92204674407682,233.92204674407682,hedef,0.04521096171841552,1.493393665567792,0.030273974478943703
TSLA,SHORT,2025-04-09 12:30:00,2025-04-09 12:30:00,247.97999572753906,250.90886016743192,243.58669906769978,250.90886016743192,stop,-0.012510889952231784,-1.0592673374175134,0.011810889952231746
TSLA,SHORT,2025-04-23 09:30:00,2025-04-23 10:30:00,254.86000061035156,257.532415827633,250.85137778442945,257.532415827633,stop,-0.011185816569416161,-1.066756842003301,0.01048581656941606
TSLA,SHORT,2025-04-15 10:30:00,2025-04-15 12:30:00,258.32501220703125,261.89119203686613,252.97574246227893,252.97574246227893,hedef,0.020507517630794593,1.4855125078076081,0.01380501175386304
TSLA,SHORT,2025-04-23 09:30:00,2025-04-23 10:30:00,255.2899932861328,258.9924072827111,249.73637229126538,258.9924072827111,stop,-0.015202777601739235,-1.048266616176756,0.014502777601739235
TSLA,SHORT,2025-04-29 09:30:00,2025-04-29 10:30:00,288.9700012207031,295.1456231728245,279.70656829252107,279.70656829252107,hedef,0.03185672868827325,1.49064159032204,0.021371152458848866
TSLA,SHORT,2025-04-29 13:30:00,2025-04-29 15:30:00,285.8789978027344,289.5761694306072,280.3332403609252,289.5761694306072,stop,-0.013632645127096797,-1.05412659151479,0.012932645127096696
TSLA,LONG,2025-04-30 09:30:00,2025-04-30 09:30:00,279.8699951171875,279.21056130551045,280.8591458347031,279.21056130551045,stop,-0.003056214753928665,-1.29708667210105,0.002356214753928617
META,LONG,2025-03-03 14:30:00,2025-03-04 09:30:00,658.1799926757812,642.1926293697614,682.161037634811,642.1926293697614,stop,-0.024990260238729488,-1.028818135051673,0.0242902602387295
META,SHORT,2025-03-07 13:30:00,2025-03-10 09:30:00,627.9400024414062,635.2760254606073,616.9359679126046,608.0700073242188,hedef,0.03144314272053659,2.691432001374695,0.01168268145153824
META,LONG,2025-03-10 09:30:00,2025-03-10 09:30:00,606.1799926757812,600.1376083948106,615.2435690972372,600.1376083948106,stop,-0.010667970493876765,-1.0702249269728477,0.009967970493876769
META,LONG,2025-03-13 11:30:00,2025-03-14 11:30:00,594.9000244140625,586.3295206299792,607.7557800901874,607.7557800901874,hedef,0.02140994309722364,1.4861175016218044,0.014406628731482473
META,LONG,2025-03-13 12:30:00,2025-03-13 12:30:00,592.25,589.2071751535493,596.814237269676,589.2071751535493,stop,-0.00583773718269428,-1.1362467512658787,0.005137737182694276
META,LONG,2025-03-18 09:30:00,2025-03-18 09:30:00,590.3599853515625,586.1781602916175,596.6327229414801,586.1781602916175,stop,-0.007783517114485183,-1.0988209654450525,0.007083517114485203
META,SHORT,2025-03-20 09:30:00,2025-03-20 10:30:00,605.1400146484375,608.2380174628065,600.493010426884,608.2380174628065,stop,-0.00581948101162818,-1.13673260988959,0.005119481011628075
META,SHORT,2025-03-20 10:30:00,2025-03-20 12:30:00,607.5700073242188,613.4239714069391,598.7890612001381,598.7890612001381,hedef,0.014252566812428013,1.4792424415750263,0.00963504454161859
META,LONG,2025-03-19 12:30:00,2025-03-19 13:30:00,576.8150024414062,574.3277477137971,580.5458845328201,580.5458845328201,hedef,0.0062680739502658294,1.4536183410538066,0.004312049300177214
META,SHORT,2025-03-19 14:30:00,2025-03-19 14:30:00,584.02001953125,588.6821975291531,577.0267525343954,588.6821975291531,stop,-0.00868290784902389,-1.0876873456688618,0.007982907849023864
META,LONG,2025-04-03 09:30:00,2025-04-03 09:30:00,546.2999877929688,552.9490546049851,,546.2999877929688,stop,-0.0007,-0.1294355410929959,0.005408097297612169
META,SHORT,2025-04-02 09:30:00,2025-04-02 11:30:00,586.0250244140625,590.2457750012816,579.6938985332339,579.6938985332339,hedef,0.01060350772931371,1.4722312412304694,0.007202338486209173
META,LONG,2025-04-03 14:30:00,2025-04-03 14:30:00,539.4949951171875,534.5129463782414,546.9680682256067,534.5129463782414,stop,-0.009934652376828633,-1.075801445624135,0.009234652376828667
META,LONG,2025-04-07 10:30:00,2025-04-07 13:30:00,506.07000732421875,493.48500444294564,524.9475116461284,524.9475116461284,hedef,0.03710215987650021,1.491957570258845,0.02486810658433351
META,SHORT,2025-04-09 12:30:00,2025-04-09 12:30:00,543.25,548.111691332232,535.9574630016521,548.111691332232,stop,-0.009649270745019832,-1.0782186638380107,0.008949270745019786
META,LONG,2025-04-16 09:30:00,2025-04-16 13:30:00,508.510009765625,501.6685989744099,518.7721259524476,501.6685989744099,stop,-0.014153837013686964,-1.0520297666225535,0.01345383701368696
META,SHORT,2025-04-23 09:30:00,2025-04-23 10:30:00,534.030029296875,538.2972830061124,527.629148733019,527.629148733019,hedef,0.011785993694556329,1.4749707860987633,0.007990662463037519
META,SHORT,2025-04-24 10:30:00,2025-04-25 09:30:00,530.0,535.751138403158,521.373292395263,546.7999877929688,stop,-0.032398090175412696,-2.985667634696434,0.010851204534260476
AMZN,LONG,2025-03-03 14:30:00,2025-03-03 14:30:00,205.97000122070312,204.0437476680615,208.85938154966556,204.0437476680615,stop,-0.010052107303128964,-1.0748494405924789,0.009352107303128927
AMZN,LONG,2025-03-03 10:30:00,2025-03-03 13:30:00,208.82000732421875,206.86696688010804,211.74956799038483,206.86696688010804,stop,-0.01005274578876144,-1.0748443308318272,0.009352745788761403
AMZN,SHORT,2025-03-12 09:30:00,2025-03-12 10:30:00,200.72000122070312,202.41886763947417,198.17170159254655,198.17170159254655,hedef,0.012495793207745942,1.4763701255139348,0.008463862138497329
AMZN,LONG,2025-03-10 09:30:00,2025-03-10 10:30:00,193.91000366210938,192.40083325716182,196.1737592695307,192.40083325716182,stop,-0.008482839340136904,-1.089941468583328,0.007782839340136893
AMZN,LONG,2025-03-13 12:30:00,2025-03-14 09:30:00,193.30999755859375,190.74923773835462,197.15113728895244,197.38499450683594,hedef,0.02088011483993222,1.5762255080812444,0.013246908347111955
AMZN,LONG,2025-03-13 12:30:00,2025-03-14 09:30:00,192.34500122070312,190.7092444522218,194.7986363734251,197.38499450683594,hedef,0.026002881562540582,3.0576210242628132,0.008504285310770267
AMZN,SHORT,2025-03-11 13:30:00,2025-03-12 09:30:00,197.11000061035156,200.0079190448167,192.76312295865387,200.72000122070312,stop,-0.0190146496837967,-1.2933344038271877,0.014702036555688342
AMZN,SHORT,2025-03-17 13:30:00,2025-03-18 09:30:00,197.38499450683594,198.67335039707936,195.45246067147082,192.52000427246094,hedef,0.02444721417415805,3.7454815645402855,0.00652712174733629
AMZN,SHORT,2025-03-24 09:30:00,2025-03-24 09:30:00,200.19000244140625,199.412549261297,,200.19000244140625,stop,-0.0007,-0.15962545036334708,0.004385265622785255
AMZN,SHORT,2025-03-25 14:30:00,2025-03-26 09:30:00,205.5500030517578,206.2976839982947,204.42848163195248,204.42848163195248,hedef,0.005256197534197682,1.445016653425808,0.003637465022798475
AMZN,LONG,2025-03-28 09:30:00,2025-03-28 09:30:00,198.4199981689453,199.20250236435118,,198.4199981689453,stop,-0.0007,-0.15962545036334708,0.004385265622785255
AMZN,SHORT,2025-04-02 11:30:00,2025-04-02 11:30:00,193.07989501953125,194.0387554454537,191.6416043806476,194.0387554454537,stop,-0.00566613293593029,-1.1409547446737813,0.004966132935930193
AMZN,SHORT,2025-04-07 13:30:00,2025-04-08 09:30:00,174.99000549316406,183.6703222349181,161.969530380533,185.22999572753906,stop,-0.05921757193512985,-1.1937909118424928,0.04960464294684038
AMZN,LONG,2025-04-21 09:30:00,2025-04-21 09:30:00,169.52999877929688,168.4557765470126,171.1413321277233,168.4557765470126,stop,-0.0070364728367795166,-1.1104715538172707,0.00633647283677955
AMZN,SHORT,2025-04-29 13:30:00,2025-04-30 09:30:00,187.6699981689453,188.57643972420695,186.31033583605284,182.0540008544922,hedef,0.02972485410159951,6.1542448958103755,0.00482997583047683
GOOGL,LONG,2025-03-03 13:30:00,2025-03-03 14:30:00,167.99000549316406,166.6830424505632,169.95045005706538,166.6830424505632,stop,-0.008480004761378855,-1.0899742379946795,0.007780004761378817
GOOGL,SHORT,2025-03-04 13:30:00,2025-03-05 09:30:00,171.93499755859375,173.46668001220397,169.6374738781784,169.6374738781784,hedef,0.013162745880938886,1.4775495244261265,0.008908497253959211
GOOGL,LONG,2025-03-10 09:30:00,2025-03-10 09:30:00,168.25999450683594,168.96913835787944,,168.25999450683594,stop,-0.0007,-0.1486119062294087,0.004710255172418194
GOOGL,LONG,2025-03-10 09:30:00,2025-03-10 09:30:00,168.25999450683594,170.17914507174663,,168.25999450683594,stop,-0.0007,-0.1486119062294087,0.004710255172418194
GOOGL,SHORT,2025-03-11 14:30:00,2025-03-11 15:30:00,165.8800048828125,166.8593199738636,164.41103224623586,164.41103224623586,hedef,0.008655634153220659,1.4661232617778324,0.00590375610214708
GOOGL,LONG,2025-03-18 09:30:00,2025-03-18 09:30:00,162.68499755859375,162.04212474690178,163.6493067761317,162.04212474690178,stop,-0.004651641646983695,-1.177141568627399,0.003951641646983652
GOOGL,SHORT,2025-03-17 14:30:00,2025-03-17 15:30:00,165.44000244140625,166.36899516242764,164.04651335987415,164.04651335987415,hedef,0.008222927109334565,1.464382928154823,0.005615284739556312
GOOGL,SHORT,2025-03-24 09:30:00,2025-03-24 09:30:00,167.06500244140625,165.9383997576805,,167.06500244140625,stop,-0.0007,-0.1486119062294087,0.004710255172418194
GOOGL,SHORT,2025-03-25 14:30:00,2025-03-25 15:30:00,170.14500427246094,170.5240526261309,169.57643174195601,170.5240526261309,stop,-0.0029277959631595846,-1.3142118989241836,0.002227795963159582
GOOGL,SHORT,2025-04-02 12:30:00,2025-04-02 12:30:00,157.42999267578125,158.1715281130761,156.31768951983895,158.1715281130761,stop,-0.0054102551724182985,-1.1486119062294309,0.004710255172418194
GOOGL,LONG,2025-04-03 14:30:00,2025-04-04 09:30:00,150.97000122070312,150.30729542236963,151.96405991820336,148.1750030517578,stop,-0.019213599697593585,-4.377020960272493,0.004389652202258916
GOOGL,SHORT,2025-04-07 13:30:00,2025-04-08 13:30:00,148.14999389648438,152.9705158137587,140.91921102057287,146.63999938964844,zaman,0.009492335936854647,0.29172972039997547,0.032538117555661446
GOOGL,SHORT,2025-04-14 09:30:00,2025-04-14 09:30:00,160.03700256347656,159.68188919042444,,160.03700256347656,stop,-0.0007,-0.1486119062294087,0.004710255172418194
NFLX,LONG,2025-03-04 09:30:00,2025-03-04 09:30:00,96.28499603271484,95.75562424702244,97.07905371125345,95.75562424702244,stop,-0.0061979675702799825,-1.1273197760903366,0.005497967570280001
NFLX,SHORT,2025-03-05 12:30:00,2025-03-05 13:30:00,99.15800476074219,99.5569172081868,98.55963608957526,99.5569172081868,stop,-0.0047229979254540195,-1.1739995925852031,0.00402299792545392
NFLX,LONG,2025-03-10 09:30:00,2025-03-10 11:30:00,86.3219985961914,85.73124709727485,87.20812584456624,87.20812584456624,hedef,0.010065369926385492,1.4707755295569998,0.006843579950923715
NFLX,SHORT,2025-03-12 13:30:00,2025-03-13 09:30:00,92.12950134277344,92.7959724800152,91.1297946369108,91.1297946369108,hedef,0.010651102972360249,1.4723530409061507,0.007234068648240161
NFLX,LONG,2025-03-28 12:30:00,2025-03-31 09:30:00,93.04299926757812,92.43606532564267,93.95340018048131,91.91999816894531,stop,-0.012769700111485226,-1.9575955734676491,0.00652315538743542
NFLX,SHORT,2025-03-20 11:30:00,2025-03-20 12:30:00,96.23350524902344,96.83661612646858,95.32883893285572,94.86699676513672,hedef,0.01399992424000982,2.2338542268447967,0.006267161067078216
NFLX,SHORT,2025-03-24 13:30:00,2025-03-25 09:30:00,96.96699523925781,97.75460090448296,95.7855867414201,97.75460090448296,stop,-0.008822409725925816,-1.0861813210143476,0.008122409725925749
NFLX,LONG,2025-03-28 09:30:00,2025-03-28 10:30:00,95.94499969482422,95.11033746746645,97.19699303586087,95.11033746746645,stop,-0.009399382250378917,-1.080465483623216,0.008699382250378954
NFLX,SHORT,2025-03-25 14:30:00,2025-03-25 15:30:00,99.44000244140625,99.83151437140198,98.85273454641265,99.83151437140198,stop,-0.004637167340944292,-1.1777927985738246,0.003937167340944335
NFLX,SHORT,2025-04-02 13:30:00,2025-04-02 14:30:00,94.5,95.01514324470106,93.7272851329484,92.99199676513672,hedef,0.015757706189029476,2.890658569593405,0.005451251266677935
NFLX,SHORT,2025-04-09 12:30:00,2025-04-09 12:30:00,91.24400329589844,92.34526813453415,89.59210603794486,92.34526813453415,stop,-0.01276944893753059,-1.0579976769132655,0.012069448937530538
NFLX,SHORT,2025-04-11 09:30:00,2025-04-11 10:30:00,94.40699768066406,95.2518069131483,93.1397838319377,91.8010025024414,hedef,0.02740383490890739,3.0623644714190434,0.008948587003495686
NFLX,SHORT,2025-04-15 09:30:00,2025-04-15 09:30:00,95.0,94.9679130582062,,95.0,stop,-0.0007,-0.1401870692653273,0.004993327870169921
NFLX,SHORT,2025-04-21 09:30:00,2025-04-21 09:30:00,98.84199523925781,99.40998663509018,97.99000814550926,99.40998663509018,stop,-0.0064464582180628555,-1.1218141633397176,0.005746458218062881
NFLX,SHORT,2025-04-22 09:30:00,2025-04-22 09:30:00,100.5260009765625,101.97386580910343,98.3542037277511,101.97386580910343,stop,-0.015102888988675588,-1.048601360501377,0.01440288898867565
NFLX,SHORT,2025-04-23 10:30:00,2025-04-23 11:30:00,105.97900390625,106.58482213716783,105.07027655987325,105.07027655987325,hedef,0.00837459791923143,1.4650129367200833,0.0057163986128209495
NFLX,SHORT,2025-04-24 09:30:00,2025-04-24 09:30:00,105.57099914550781,106.19584178624008,104.6337351844094,106.19584178624008,stop,-0.006618695908817329,-1.1182692962747502,0.005918695908817267
NFLX,SHORT,2025-04-28 10:30:00,2025-04-28 14:30:00,109.7040023803711,110.74100384577645,108.14850018226306,110.74100384577645,stop,-0.010152722260850698,-1.0740527417058574,0.009452722260850713
NFLX,SHORT,2025-04-28 13:30:00,2025-04-28 15:30:00,110.14599609375,111.11792642199603,108.68810060138095,111.11792642199603,stop,-0.009524018690781753,-1.0793289344152452,0.008824018690781824
AVGO,SHORT,2025-03-05 13:30:00,2025-03-06 09:30:00,192.7899932861328,194.16234988737,190.73145838427703,180.98500061035156,hedef,0.06103239320964469,8.573890100077865,0.007118401623679596
AVGO,SHORT,2025-03-07 09:30:00,2025-03-07 10:30:00,192.9499969482422,194.29579927208718,190.93129346247468,184.68350219726562,hedef,0.04264267883763693,6.113754305371963,0.006974876108476938
AVGO,LONG,2025-03-06 13:30:00,2025-03-07 09:30:00,180.98500061035156,177.38383774403738,186.38674490982282,187.6199951171875,hedef,0.036460466251126734,1.8324074060743027,0.019897576341518175
AVGO,SHORT,2025-03-07 13:30:00,2025-03-07 13:30:00,190.5,193.4286090949489,186.10708635757663,193.4286090949489,stop,-0.016073276088970655,-1.0455335607029266,0.01537327608897066
AVGO,SHORT,2025-03-14 09:30:00,2025-03-17 09:30:00,196.94000244140625,200.16475766689965,192.10286960316614,187.94000244140625,hedef,0.04549919715867621,2.778695241323539,0.016374302759810458
AVGO,LONG,2025-03-17 09:30:00,2025-03-17 09:30:00,187.94000244140625,189.30864244701596,,187.94000244140625,stop,-0.0007,-0.09772832981951868,0.007162713220339853
AVGO,SHORT,2025-03-17 14:30:00,2025-03-18 09:30:00,196.1999969482422,197.66243374199402,194.00634175761445,190.44000244140625,hedef,0.02915777062399969,3.911796073435676,0.0074538064041745474
AVGO,SHORT,2025-03-17 14:30:00,2025-03-18 09:30:00,195.47000122070312,196.88243496269715,193.3513506077121,190.44000244140625,hedef,0.025532842624877074,3.5335496672621027,0.007225833801470425
AVGO,LONG,2025-03-21 09:30:00,2025-03-21 10:30:00,187.9375,186.771431948954,189.68660207656902,190.4499969482422,hedef,0.013168789880902953,2.1224399776857816,0.0062045523168394335
AVGO,SHORT,2025-03-24 09:30:00,2025-03-24 13:30:00,195.55999755859375,198.3911633176851,191.31324891995672,191.31324891995672,hedef,0.02151583499516361,1.4861851961913048,0.014477223330109154
AVGO,LONG,2025-03-25 09:30:00,2025-03-25 09:30:00,190.2949981689453,189.28915644143896,191.80376076020485,189.28915644143896,stop,-0.005985697139624013,-1.1324328620254236,0.00528569713962401
AVGO,LONG,2025-04-07 09:30:00,2025-04-07 09:30:00,142.05999755859375,138.9510705502969,146.72338807103904,138.9510705502969,stop,-0.022584605530945177,-1.0319859546479,0.02188460553094518
AVGO,SHORT,2025-04-07 13:30:00,2025-04-08 09:30:00,153.78799438476562,160.69332410577795,143.42999980324714,167.6199951171875,stop,-0.09064200612185166,-2.018680192210671,0.04490161763691204
AVGO,SHORT,2025-04-09 12:30:00,2025-04-09 12:30:00,167.6199951171875,170.05535151186203,163.9669605251757,170.05535151186203,stop,-0.015229032726506851,-1.0481793945389746,0.014529032726506807
AVGO,SHORT,2025-04-14 09:30:00,2025-04-14 10:30:00,185.0749969482422,187.60165376358322,181.28501172523065,181.02999877929688,hedef,0.021655994789380052,1.5862792070614848,0.013652070009476368
AVGO,SHORT,2025-04-23 10:30:00,2025-04-23 11:30:00,180.27999877929688,182.42948720337495,177.05576614317977,177.05576614317977,hedef,0.017684583192527616,1.4832257762582182,0.011923055461685064
AVGO,LONG,2025-04-21 09:30:00,2025-04-21 09:30:00,166.99000549316406,166.77606125545665,167.31092184972516,166.77606125545665,stop,-0.0019811798950217447,-1.5463713587139547,0.0012811798950217237
AAPL,LONG,2025-05-02 09:30:00,2025-05-02 09:30:00,204.03089904785156,202.84576797374942,205.80859565900477,202.84576797374942,stop,-0.0065085862466557004,-1.1205112518391276,0.005808586246655685
AAPL,LONG,2025-05-01 09:30:00,2025-05-01 10:30:00,209.00999450683594,206.57294478747733,212.66556908587387,212.66556908587387,hedef,0.01728995107943685,1.4828472933607768,0.01165996738629121
AAPL,SHORT,2025-05-13 13:30:00,2025-05-14 12:30:00,212.8966064453125,214.31292771128946,210.77212454634707,210.77212454634707,hedef,0.009778937355730743,1.469936678695777,0.006652624903820516
AAPL,SHORT,2025-05-13 13:30:00,2025-05-14 13:30:00,212.94000244140625,214.64292954234415,210.38561178999942,211.3699951171875,zaman,0.006673003222589713,0.8344158253909799,0.007997215560314862
AAPL,LONG,2025-05-07 09:30:00,2025-05-07 10:30:00,198.125,196.92752666505342,199.92121000241985,196.92752666505342,stop,-0.006744029450834487,-1.1158167751653447,0.00604402945083447
AAPL,SHORT,2025-05-08 11:30:00,2025-05-08 15:30:00,199.4250030517578,200.76064611775,197.4215384527695,197.4215384527695,hedef,0.009846205682987197,1.4701379795052387,0.006697470455324776
AAPL,LONG,2025-05-15 09:30:00,2025-05-15 10:30:00,210.05999755859375,209.00032525073874,211.64950602037626,211.64950602037626,hedef,0.0073669260223576455,1.4603537818245267,0.005044617348238457
AAPL,LONG,2025-05-20 09:30:00,2025-05-21 09:30:00,206.61000061035156,204.18217351819624,210.25174124858455,204.18217351819624,stop,-0.012450772397189024,-1.0595705521594014,0.01175077239718902
AAPL,LONG,2025-05-23 09:30:00,2025-05-23 09:30:00,193.6649932861328,199.62274339973254,,193.6649932861328,stop,-0.0007,-0.18094897265943335,0.0038684939168871658
AAPL,SHORT,2025-05-30 15:30:00,2025-06-02 15:30:00,201.0449981689453,202.80021520180492,198.4121726196559,201.8000030517578,zaman,-0.00445540247053574,-0.5103279906482198,0.00873046854607461
AAPL,LONG,2025-06-12 09:30:00,2025-06-12 12:30:00,197.71499633789062,196.70257256697425,199.23363199426518,199.23363199426518,hedef,0.007480933082987896,1.4609422453289413,0.005120622055325336
AAPL,SHORT,2025-06-06 09:30:00,2025-06-06 10:30:00,205.13999938964844,206.3201095310026,203.36983417761718,203.36983417761718,hedef,0.008429059263420169,1.4652337536640085,0.005752706175613416
AAPL,LONG,2025-06-05 13:30:00,2025-06-05 13:30:00,202.4499969482422,201.19430830203368,204.33352991755496,201.19430830203368,stop,-0.006902463152071736,-1.11285838913306,0.006202463152071756
AAPL,SHORT,2025-06-10 10:30:00,2025-06-11 10:30:00,203.66000366210938,205.79513633346014,200.45730465508325,200.94000244140625,zaman,0.01265559840809908,1.2071564698174306,0.01048380945182119
AAPL,LONG,2025-06-09 12:30:00,2025-06-09 12:30:00,202.6199951171875,201.96965242386446,203.59550915717205,201.96965242386446,stop,-0.0039096669084752395,-1.2180911664545915,0.003209666908475184
AAPL,SHORT,2025-06-11 09:30:00,2025-06-11 09:30:00,203.47000122070312,204.43071964188192,202.02892358893493,204.43071964188192,stop,-0.005421671083771861,-1.1482525969261161,0.00472167108377175
AAPL,LONG,2025-06-13 09:30:00,2025-06-13 09:30:00,198.0666961669922,197.2932075245214,199.22692913069838,197.2932075245214,stop,-0.004605192833724369,-1.179248510843046,0.0039051928337243457
AAPL,LONG,2025-06-17 13:30:00,2025-06-17 13:30:00,196.22000122070312,195.70975325212697,196.98537317356735,195.70975325212697,stop,-0.0033003871440314353,-1.2691906863201738,0.002600387144031452
AAPL,LONG,2025-06-18 13:30:00,2025-06-18 15:30:00,195.63999938964844,195.012255324505,196.5816154873636,196.5816154873636,hedef,0.004613003990251419,1.4376688653058083,0.0032086693268342996
AAPL,SHORT,2025-06-18 15:30:00,2025-06-20 09:30:00,197.11000061035156,197.62906640298007,196.3314019214088,198.23500061035156,stop,-0.006407472966954619,-2.43317324771416,0.0026333813151094387
AAPL,SHORT,2025-06-20 13:30:00,2025-06-20 15:30:00,198.69000244140625,201.0120623426735,195.2069125895054,201.0120623426735,stop,-0.012386848219512268,-1.059896388389068,0.011686848219512274
AAPL,SHORT,2025-06-23 13:30:00,2025-06-24 09:30:00,201.53199768066406,202.3782462023846,200.2626248980833,202.58999633789062,stop,-0.005949780031967966,-1.4169254359997852,0.004199077721947867
AAPL,LONG,2025-06-26 09:30:00,2025-06-27 09:30:00,200.1396026611328,198.89682587063345,202.00376784688186,202.00376784688186,hedef,0.00911432440637625,1.4677915448387537,0.006209549604250866
AAPL,LONG,2025-06-24 15:30:00,2025-06-25 09:30:00,200.9822998046875,200.131218150879,202.25892228540027,202.25892228540027,hedef,0.006151914979345841,1.452770148691314,0.004234609986230524
AAPL,SHORT,2025-06-25 09:30:00,2025-06-25 09:30:00,202.45150756835938,203.50861809259897,200.865841782,203.50861809259897,stop,-0.005921549283265459,-1.1340598282282548,0.005221549283265517
AAPL,SHORT,2025-06-26 09:30:00,2025-06-26 10:30:00,202.44000244140625,203.7231845053431,200.51522934550096,199.74000549316406,hedef,0.013137269885795754,2.0725889353490548,0.006338579571536333
AAPL,SHORT,2025-06-27 09:30:00,2025-06-27 09:30:00,201.89500427246094,202.67538117303627,200.72443892159794,202.67538117303627,stop,-0.00456526107165186,-1.1811003156122701,0.003865261071651883
MSFT,SHORT,2025-04-30 15:30:00,2025-04-30 15:30:00,394.0849914550781,395.142463655943,392.4987831537808,395.142463655943,stop,-0.0033833607566743024,-1.2608668991893515,0.002683360756674289
MSFT,SHORT,2025-05-02 09:30:00,2025-05-02 09:30:00,432.25,437.2497829028532,424.7503256457202,437.2497829028532,stop,-0.012266877739394465,-1.0605176276408672,0.011566877739394361
MSFT,SHORT,2025-05-07 15:30:00,2025-05-07 15:30:00,436.3399963378906,437.8865739277374,434.02012995312043,437.8865739277374,stop,-0.004244432329896097,-1.197492838019702,0.003544432329896126
MSFT,SHORT,2025-05-14 15:30:00,2025-05-15 09:30:00,452.9100036621094,454.02600126861176,451.23600725235576,454.02600126861176,stop,-0.003164060403785995,-1.2840839449083368,0.0024640604037860303
MSFT,LONG,2025-05-23 09:30:00,2025-05-23 10:30:00,449.57000732421875,448.60676032382116,451.01487782481513,451.4200134277344,hedef,0.0039150567728631685,1.8272489832040346,0.0021425962246251827
MSFT,SHORT,2025-05-22 09:30:00,2025-05-22 09:30:00,458.760009765625,459.70468303668883,457.34299985902925,459.70468303668883,stop,-0.0027591883576479565,-1.3399397618970432,0.002059188357647949
MSFT,LONG,2025-05-21 09:30:00,2025-05-21 10:30:00,454.94000244140625,454.2136358427286,456.0295523394227,456.0295523394227,hedef,0.0021949309626971615,1.3747354288399771,0.001596620641798166
MSFT,SHORT,2025-05-27 09:30:00,2025-05-27 15:30:00,457.80999755859375,460.37202941105136,453.96694977990734,460.37202941105136,stop,-0.006296277639458247,-1.1250831436711435,0.00559627763945828
MSFT,SHORT,2025-05-29 09:30:00,2025-05-29 10:30:00,461.510009765625,462.6258195921358,459.83629502585876,458.7300109863281,hedef,0.005823702022646682,2.4087409104007227,0.00241773700006525
MSFT,LONG,2025-06-02 09:30:00,2025-06-02 10:30:00,457.0,455.19450389678303,459.7082441548255,460.6300048828125,hedef,0.007743117905497843,1.9599072390727166,0.00395075733745507
MSFT,SHORT,2025-06-02 12:30:00,2025-06-02 12:30:00,460.8599853515625,461.79635989568436,459.45542353537974,461.79635989568436,stop,-0.0027317983202806645,-1.3445223834535651,0.0020317983202806315
MSFT,SHORT,2025-06-06 14:30:00,2025-06-09 09:30:00,471.75,473.4393458493978,469.2159812259033,469.2159812259033,hedef,0.005171528932902381,1.4441499796896953,0.0035810192886015814
MSFT,LONG,2025-06-10 09:30:00,2025-06-10 09:30:00,470.1700134277344,468.72436874186633,472.33848045653644,468.72436874186633,stop,-0.003774727533831201,-1.2276624488829952,0.0030747275338312142
MSFT,SHORT,2025-06-09 12:30:00,2025-06-09 12:30:00,471.2300109863281,471.925160885545,470.18728613750284,471.925160885545,stop,-0.0021751817223224163,-1.474517809845055,0.0014751817223224914
MSFT,LONG,2025-06-10 09:30:00,2025-06-10 09:30:00,469.67999267578125,468.81436507975695,470.9784340698177,468.81436507975695,stop,-0.0025430156905189233,-1.3798122846164438,0.0018430156905189631
MSFT,SHORT,2025-06-12 09:30:00,2025-06-12 09:30:00,475.0199890136719,475.55956840674435,474.21061992406317,475.55956840674435,stop,-0.0018359088155276088,-1.6162466479977216,0.001135908815527639
MSFT,SHORT,2025-06-16 09:30:00,2025-06-16 09:30:00,479.739990234375,480.50509515374415,478.5923328553213,480.50509515374415,stop,-0.002294832482060493,-1.4389175715155091,0.001594832482060463
MSFT,LONG,2025-06-23 09:30:00,2025-06-23 09:30:00,474.0350036621094,472.6944201456633,476.04587893677854,472.6944201456633,stop,-0.003528026424398056,-1.2475224396635398,0.002828026424398085
MSFT,LONG,2025-06-17 13:30:00,2025-06-17 14:30:00,475.3949890136719,473.99528936999127,477.4945384791928,477.4945384791928,hedef,0.004216431628522233,1.4320718568216062,0.0029442877523480834
MSFT,SHORT,2025-06-18 09:30:00,2025-06-18 10:30:00,478.0,478.8398069121392,476.74028963179126,478.8398069121392,stop,-0.0024569182262326955,-1.3984249178751624,0.001756918226232597
MSFT,LONG,2025-06-20 14:30:00,2025-06-23 09:30:00,477.6099853515625,474.3523124160833,482.49649475478134,474.3523124160833,stop,-0.007520780627275314,-1.1026275492867705,0.006820780627275361
MSFT,SHORT,2025-06-23 12:30:00,2025-06-23 12:30:00,482.1000061035156,483.5644203902841,479.9033846733629,483.5644203902841,stop,-0.0037375736739858273,-1.2304470854467773,0.0030375736739859144
MSFT,LONG,2025-06-25 12:30:00,2025-06-25 13:30:00,490.1199951171875,489.3916954133734,491.21244467290865,489.3916954133734,stop,-0.002185962031889776,-1.4710752932965951,0.001485962031889721
MSFT,SHORT,2025-06-26 09:30:00,2025-06-26 09:30:00,493.6199951171875,494.6626355698302,492.0560344382235,494.6626355698302,stop,-0.002812233019238019,-1.3314028299076668,0.0021122330192380983
MSFT,SHORT,2025-06-26 13:30:00,2025-06-26 13:30:00,495.9700012207031,497.0766754100113,494.30998993674086,497.0766754100113,stop,-0.0029313329164755925,-1.3137138321365587,0.002231332916475591
NVDA,SHORT,2025-05-02 09:30:00,2025-05-02 09:30:00,114.33000183105469,115.01786489119033,113.29820724085123,115.01786489119033,stop,-0.006716470297552257,-1.116347287592318,0.0060164702975523
NVDA,SHORT,2025-05-07 15:30:00,2025-05-07 15:30:00,114.74500274658203,115.30665933743416,113.90251786030385,115.30665933743416,stop,-0.005594823978457419,-1.1430082068488772,0.004894823978457347
NVDA,LONG,2025-05-06 09:30:00,2025-05-06 09:30:00,111.44499969482422,112.60155285301322,,111.44499969482422,stop,-0.0007,-0.11327340969537296,0.006179738050461404
NVDA,SHORT,2025-05-07 15:30:00,2025-05-07 15:30:00,114.23139953613281,114.79665720120369,113.3835130385265,114.79665720120369,stop,-0.005648356295784384,-1.141461115198283,0.004948356295784294
NVDA,LONG,2025-05-07 13:30:00,2025-05-07 13:30:00,113.04499816894531,112.56049254267184,113.77175660835553,112.56049254267184,stop,-0.004985953683234922,-1.1633242101374452,0.0042859536832349065
NVDA,SHORT,2025-05-15 11:30:00,2025-05-15 12:30:00,134.97830200195312,135.5153732357687,134.1726951512298,135.5153732357687,stop,-0.004678944955225439,-1.1759260326234748,0.003978944955225438
NVDA,SHORT,2025-05-21 10:30:00,2025-05-21 11:30:00,135.82179260253906,136.31598899557306,135.08049801298807,136.31598899557306,stop,-0.0043385647955641255,-1.1923835466262582,0.0036385647955640647
NVDA,LONG,2025-05-28 15:30:00,2025-05-29 09:30:00,135.13999938964844,134.66323829576388,135.8551410304753,142.24000549316406,hedef,0.05233815402976447,14.835476708068533,0.003527905106096082
NVDA,LONG,2025-06-05 12:30:00,2025-06-05 14:30:00,140.98500061035156,139.4761404545525,143.24829084405013,139.4761404545525,stop,-0.01140227435022808,-1.0654066581637465,0.01070227435022808
NVDA,SHORT,2025-06-06 09:30:00,2025-06-09 09:30:00,143.0388946533203,144.07627297520872,141.4828271704877,144.07627297520872,stop,-0.007952421269072772,-1.0965194897027,0.007252421269072853
NVDA,SHORT,2025-06-11 09:30:00,2025-06-11 10:30:00,144.61000061035156,145.06073236502056,143.93390297834807,143.93390297834807,hedef,0.004475317261253698,1.4358332315784685,0.0031168781741691574
NVDA,LONG,2025-06-11 13:30:00,2025-06-12 10:30:00,142.65499877929688,141.46253868663024,144.44368891829683,144.44368891829683,hedef,0.012338573161163801,1.4760738326327851,0.008359048774109234
NVDA,LONG,2025-06-13 09:30:00,2025-06-13 09:30:00,142.39500427246094,141.8163898135076,143.26292596089093,141.8163898135076,stop,-0.004763446340056953,-1.1722675633979684,0.00406344634005695
NVDA,SHORT,2025-06-16 09:30:00,2025-06-16 10:30:00,144.45120239257812,145.05923939039496,143.53914689585287,145.05923939039496,stop,-0.004909289972985975,-1.166298830561083,0.0042092899729859225
NVDA,SHORT,2025-06-20 09:30:00,2025-06-20 10:30:00,145.9550018310547,146.22891032354988,145.5441390923119,144.6300048828125,hedef,0.008878119499980497,4.730798727968267,0.0018766639653243875
NVDA,LONG,2025-06-18 14:30:00,2025-06-18 14:30:00,144.38999938964844,143.96914123670803,145.02128661905905,143.96914123670803,stop,-0.0036147320085838314,-1.2401593003879894,0.002914732008583854
NVDA,LONG,2025-06-18 14:30:00,2025-06-18 15:30:00,144.0050048828125,143.0690405287002,145.40895141398093,145.40895141398093,hedef,0.009549289841078256,1.4692285279348274,0.006499526560718842
NVDA,SHORT,2025-06-18 15:30:00,2025-06-20 09:30:00,145.27999877929688,145.67220293191565,144.6916925503687,145.67220293191565,stop,-0.003399643143682762,-1.2592935298274415,0.002699643143682798
NVDA,SHORT,2025-06-24 09:30:00,2025-06-24 09:30:00,145.55999755859375,146.25700592102075,144.51448501495327,146.25700592102075,stop,-0.005488460937878325,-1.1461847572907402,0.004788460937878383
AMD,LONG,2025-05-06 09:30:00,2025-05-06 09:30:00,98.41000366210938,98.32073305058195,98.54390957940052,98.32073305058195,stop,-0.0016071294401525877,-1.771664956527287,0.0009071294401526052
AMD,LONG,2025-05-06 13:30:00,2025-05-07 09:30:00,98.41000366210938,97.37964683637263,99.95553890071449,100.66000366210938,hedef,0.02266352927823643,2.16460738994261,0.010470041534339078
AMD,SHORT,2025-05-07 15:30:00,2025-05-08 09:30:00,100.66000366210938,103.49859622668802,96.4021148152414,103.49859622668802,stop,-0.028899805894177254,-1.0248228658958474,0.028199805894177168
AMD,SHORT,2025-05-12 09:30:00,2025-05-12 09:30:00,110.41500091552734,105.5072285312794,,110.41500091552734,stop,-0.0007,-0.09087315916007736,0.007703044622526184
AMD,LONG,2025-05-21 13:30:00,2025-05-21 14:30:00,112.4800033569336,112.013094868855,113.18036608905147,112.013094868855,stop,-0.004851035509813661,-1.168632621509774,0.004151035509813628
AMD,SHORT,2025-06-03 09:30:00,2025-06-03 09:30:00,115.75,116.15552411460973,115.1417138280854,116.15552411460973,stop,-0.004203448074382076,-1.199803161096767,0.003503448074382143
AMD,SHORT,2025-06-04 10:30:00,2025-06-04 10:30:00,117.19000244140625,117.74013322851393,116.36480626074473,117.74013322851393,stop,-0.005394349139404919,-1.1491154533275154,0.004694349139404922
AMD,LONG,2025-06-05 12:30:00,2025-06-05 14:30:00,116.43000030517578,115.66819436439225,117.57270921635109,115.66819436439225,stop,-0.007243038209969598,-1.1069839388884302,0.006543038209969552
AMD,LONG,2025-06-13 09:30:00,2025-06-13 10:30:00,115.37999725341797,114.63724894420928,116.494119717231,116.494119717231,hedef,0.009456114494144052,1.468931602853088,0.006437409662762756
AMD,SHORT,2025-06-09 09:30:00,2025-06-09 09:30:00,119.18000030517578,118.44003928186939,,119.18000030517578,stop,-0.0007,-0.09087315916007736,0.007703044622526184
AMD,SHORT,2025-06-16 09:30:00,2025-06-16 09:30:00,121.48580169677734,122.32183996627074,120.23174429253724,122.32183996627074,stop,-0.007581777605420192,-1.1017179048983903,0.006881777605420189
AMD,SHORT,2025-06-23 09:30:00,2025-06-23 09:30:00,130.4550018310547,132.89204033588592,126.79944407380783,132.89204033588592,stop,-0.01938106604288977,-1.037471094978889,0.01868106604288975
TSLA,LONG,2025-05-05 09:30:00,2025-05-06 09:30:00,277.06988525390625,270.5377585566936,286.86807529972526,274.614990234375,zaman,-0.009560201523819832,-0.4055101901711841,0.023575736826204147
TSLA,SHORT,2025-05-02 09:30:00,2025-05-02 12:30:00,287.30499267578125,291.1167951156894,281.58728901591905,291.1167951156894,stop,-0.013967442394256256,-1.0527607340735863,0.013267442394256276
TSLA,SHORT,2025-05-09 09:30:00,2025-05-09 09:30:00,293.1600036621094,294.9861304561263,290.420813471084,294.9861304561263,stop,-0.006929113014071697,-1.1123755498445314,0.006229113014071667
TSLA,LONG,2025-05-06 09:30:00,2025-05-06 09:30:00,273.0899963378906,274.1689786229308,,273.0899963378906,stop,-0.0007,-0.08226208019414792,0.008509388509844631
TSLA,SHORT,2025-05-08 09:30:00,2025-05-08 09:30:00,281.8299865722656,283.58320085266195,279.2001651516712,283.58320085266195,stop,-0.0069208223536452946,-1.1125253158193373,0.006220822353645358
TSLA,SHORT,2025-05-16 09:30:00,2025-05-16 09:30:00,347.2369079589844,350.2712890867725,342.68533626730215,350.2712890867725,stop,-0.0094386480475935,-1.0801039241067578,0.00873864804759341
TSLA,SHORT,2025-05-16 09:30:00,2025-05-16 09:30:00,347.92999267578125,350.2712890867725,344.41804805929434,350.2712890867725,stop,-0.007429216969728169,-1.10402399018325,0.006729216969728203
TSLA,LONG,2025-05-19 09:30:00,2025-05-19 09:30:00,337.4410095214844,334.48589812550006,341.87367661546085,334.48589812550006,stop,-0.009457416296776953,-1.0799322512802794,0.008757416296776963
TSLA,SHORT,2025-05-20 09:30:00,2025-05-20 09:30:00,347.94000244140625,351.8694498193503,342.0458313744902,351.8694498193503,stop,-0.0119934625233434,-1.0619827620229951,0.011293462523343392
TSLA,LONG,2025-05-21 12:30:00,2025-05-21 14:30:00,337.4410095214844,333.12852797979554,343.90973183401763,333.12852797979554,stop,-0.013479956851730167,-1.0547732678694632,0.01277995685173017
TSLA,SHORT,2025-05-27 09:30:00,2025-05-27 09:30:00,347.94000244140625,354.8009321966362,337.64860780856134,354.8009321966362,stop,-0.0204187150287077,-1.0354992705650885,0.01971871502870773
TSLA,SHORT,2025-05-27 09:30:00,2025-05-27 09:30:00,350.3599853515625,355.2080366888237,343.0879083456707,355.2080366888237,stop,-0.014537343132653945,-1.0505877460209843,0.013837343132654032
TSLA,LONG,2025-06-02 09:30:00,2025-06-02 13:30:00,335.6499938964844,332.95253645802126,339.6961800541791,339.6961800541791,hedef,0.011854777986805431,1.4751136022307343,0.00803651865787021
TSLA,LONG,2025-05-28 14:30:00,2025-05-28 14:30:00,359.8900146484375,357.57595582413353,363.36110288489346,357.57595582413353,stop,-0.007129905610369602,-1.108866294844383,0.006429905610369557
TSLA,LONG,2025-06-04 09:30:00,2025-06-04 09:30:00,336.1086120605469,333.07978444307423,340.65185348675584,333.07978444307423,stop,-0.009711454954706787,-1.077678910178024,0.009011454954706807
TSLA,SHORT,2025-06-11 09:30:00,2025-06-11 10:30:00,334.05499267578125,335.93077547700057,331.2413184739523,331.2413184739523,hedef,0.00822278745571634,1.4643823376076823,0.005615191637144206
TSLA,SHORT,2025-06-09 14:30:00,2025-06-09 15:30:00,301.71551513671875,305.8462394678068,295.51942864008663,305.8462394678068,stop,-0.014390791901159737,-1.0511292557109562,0.013690791901159849
TSLA,SHORT,2025-06-13 12:30:00,2025-06-13 12:30:00,326.5299987792969,332.8300962243785,317.0798526116744,332.8300962243785,stop,-0.01999408467410032,-1.0362805498070422,0.019294084674100334
TSLA,SHORT,2025-06-20 09:30:00,2025-06-20 09:30:00,327.80999755859375,329.53130826881,325.2280314932694,329.53130826881,stop,-0.005950940249034164,-1.1333094582686674,0.0052509402490342645
TSLA,SHORT,2025-06-23 09:30:00,2025-06-23 09:30:00,327.80999755859375,332.59970605197566,320.6254348185209,332.59970605197566,stop,-0.015311233730068784,-1.0479083431920877,0.014611233730068838
TSLA,LONG,2025-06-20 15:30:00,2025-06-23 09:30:00,319.7200012207031,317.53402991484205,322.9989581794947,327.5150146484375,hedef,0.02418075002493667,3.5366747069193263,0.006837142804688327
TSLA,LONG,2025-06-25 09:30:00,2025-06-25 10:30:00,321.28009033203125,319.356072012259,324.1661178116896,324.1661178116896,hedef,0.008782901731245718,1.4666032192073954,0.005988601154163776
TSLA,SHORT,2025-06-24 09:30:00,2025-06-24 10:30:00,356.1600036621094,357.783595399544,353.7246160559574,341.5899963378906,hedef,0.04070860055707257,8.93006227439605,0.004558602091028054
TSLA,LONG,2025-06-26 14:30:00,2025-06-27 09:30:00,325.20001220703125,322.3469661985423,329.47958121976467,322.3469661985423,stop,-0.009473203878825852,-1.0797884113567036,0.008773203878825866
TSLA,SHORT,2025-06-27 10:30:00,2025-06-27 13:30:00,327.5899963378906,331.3054643558552,322.0167943109438,322.0167943109438,hedef,0.016812735703926697,1.4823661517335698,0.011341823802617763
META,SHORT,2025-05-05 12:30:00,2025-05-06 09:30:00,601.989990234375,604.7374000391974,597.8688755271414,592.5250244140625,hedef,0.015522796016304996,3.401228242639164,0.004563879548483394
META,SHORT,2025-05-08 13:30:00,2025-05-08 15:30:00,607.7821044921875,611.6208591543034,602.0239724990137,602.0239724990137,hedef,0.009274007132843853,1.468334412694288,0.006316004755229237
META,LONG,2025-05-15 14:30:00,2025-05-15 14:30:00,650.3099975585938,646.6330205686575,655.8254630434982,646.6330205686575,stop,-0.006354191083853011,-1.1238019708953588,0.005654191083853039
META,LONG,2025-05-19 09:30:00,2025-05-19 10:30:00,630.3250122070312,625.8768669909215,636.9972300311958,638.6400146484375,hedef,0.012991611121843305,1.8409779899512186,0.007056907357261534
META,SHORT,2025-05-21 09:30:00,2025-05-21 09:30:00,637.8800048828125,639.5775800020652,635.3336422039333,639.5775800020652,stop,-0.0033612765822069396,-1.263031661075741,0.002661276582207049
META,SHORT,2025-05-27 12:30:00,2025-05-27 12:30:00,640.0,642.2399499341886,636.640075098717,642.2399499341886,stop,-0.004199921772169845,-1.2000044702616677,0.003499921772169756
META,SHORT,2025-05-29 12:30:00,2025-05-30 12:30:00,645.9299926757812,651.1166958999556,638.1499378395197,638.1499378395197,hedef,0.011844733832582199,1.4750928493589035,0.008029822555054815
META,SHORT,2025-05-30 15:30:00,2025-05-30 15:30:00,645.6400146484375,647.3442795652513,643.0836172732168,647.3442795652513,stop,-0.0033396519393889762,-1.2651864776392185,0.0026396519393889015
META,SHORT,2025-06-04 09:30:00,2025-06-04 09:30:00,672.72998046875,675.8309034994134,668.078595922755,675.8309034994134,stop,-0.005309461627535394,-1.1518615527285025,0.004609461627535416
META,SHORT,2025-06-06 09:30:00,2025-06-06 09:30:00,696.239990234375,694.6644144964847,,696.239990234375,stop,-0.0007,-0.1294355410929959,0.005408097297612169
META,LONG,2025-06-13 14:30:00,2025-06-13 15:30:00,684.4199829101562,682.029915583073,688.0050839007811,682.029915583073,stop,-0.004192106289650798,-1.200452088779364,0.0034921062896507505
META,SHORT,2025-06-10 09:30:00,2025-06-10 10:30:00,702.3350219726562,705.3826187216556,697.7636268491572,697.7636268491572,hedef,0.006308852585279557,1.453908926946918,0.004339235056852974
META,SHORT,2025-06-10 14:30:00,2025-06-11 09:30:00,701.0700073242188,703.4811631884262,697.4532735279076,703.760009765625,stop,-0.004536995468788018,-1.3191811834937879,0.003439251200333228
META,LONG,2025-06-11 13:30:00,2025-06-12 09:30:00,696.3599853515625,691.3261818619633,703.9106905859613,691.3261818619633,stop,-0.007928737428182196,-1.0968357208924195,0.007228737428182162
META,SHORT,2025-06-16 09:30:00,2025-06-17 09:30:00,703.760009765625,709.0885529846475,695.7671949370912,699.9099731445312,zaman,0.004770666942806179,0.6300792686211322,0.007571534536037545
META,SHORT,2025-06-16 09:30:00,2025-06-16 09:30:00,698.989990234375,694.7678132385538,,698.989990234375,stop,-0.0007,-0.1294355410929959,0.005408097297612169
META,LONG,2025-06-20 13:30:00,2025-06-20 14:30:00,682.8499755859375,680.7518303936489,685.9971933743705,680.7518303936489,stop,-0.0037726298122633057,-1.227817876792786,0.0030726298122632704
META,SHORT,2025-06-17 09:30:00,2025-06-17 10:30:00,705.3800048828125,707.4019500152734,702.3470871841212,700.0549926757812,hedef,0.007349139712169639,2.563836240079015,0.0028664622167690187
META,SHORT,2025-06-24 09:30:00,2025-06-24 09:30:00,704.885009765625,706.2252616842761,702.8746318876483,706.2252616842761,stop,-0.0026013766785829224,-1.368154299926292,0.0019013766785830146
META,LONG,2025-06-17 13:30:00,2025-06-17 13:30:00,699.9099731445312,697.0113170920505,704.2579572232523,697.0113170920505,stop,-0.004841469851412172,-1.1690221165708459,0.004141469851412145
META,SHORT,2025-06-26 09:30:00,2025-06-26 09:30:00,713.9000244140625,716.7960326332525,709.5560120852775,716.7960326332525,stop,-0.004756601933256632,-1.1725582178180702,0.004056601933256544
AMZN,LONG,2025-05-05 09:30:00,2025-05-05 09:30:00,186.50999450683594,186.28413357911688,186.84878589841452,186.28413357911688,stop,-0.0019109856542340537,-1.578041529684937,0.0012109856542340748
AMZN,SHORT,2025-05-12 09:30:00,2025-05-12 09:30:00,210.5399932861328,194.4160897834391,,210.5399932861328,stop,-0.0007,-0.15962545036334708,0.004385265622785255
AMZN,SHORT,2025-05-12 09:30:00,2025-05-12 09:30:00,210.5399932861328,194.77609039379067,,210.5399932861328,stop,-0.0007,-0.15962545036334708,0.004385265622785255
AMZN,LONG,2025-05-19 09:30:00,2025-05-19 09:30:00,201.72999572753906,202.59229439727193,,201.72999572753906,stop,-0.0007,-0.15962545036334708,0.004385265622785255
AMZN,LONG,2025-05-21 13:30:00,2025-05-21 14:30:00,200.75999450683594,199.980116082881,201.92981214276833,201.92981214276833,hedef,0.00562694594511235,1.4485150535416118,0.003884630630074914
AMZN,SHORT,2025-05-27 09:30:00,2025-05-27 11:30:00,204.42979431152344,205.8415358037859,202.31218207312975,205.8415358037859,stop,-0.00760575215328515,-1.1013647730851392,0.006905752153285185
AMZN,SHORT,2025-05-29 09:30:00,2025-05-29 09:30:00,208.06500244140625,207.72528007553848,,208.06500244140625,stop,-0.0007,-0.15962545036334708,0.004385265622785255
AMZN,SHORT,2025-06-04 12:30:00,2025-06-05 09:30:00,207.68299865722656,209.01584205819694,205.683733555771,209.5,stop,-0.009448917121388144,-1.4723255863402933,0.006417681801533434
AMZN,SHORT,2025-06-10 15:30:00,2025-06-11 09:30:00,217.22000122070312,217.92536082886855,216.16196180845498,218.0355987548828,stop,-0.004454707345531294,-1.371855609298294,0.003247212983157814
AMZN,LONG,2025-06-11 11:30:00,2025-06-11 13:30:00,215.61000061035156,214.07590319727595,217.91114672996497,214.07590319727595,stop,-0.007815149616125693,-1.0983816276207987,0.007115149616125741
AMZN,SHORT,2025-06-13 11:30:00,2025-06-13 11:30:00,213.24000549316406,213.52962491235758,212.8055763643738,213.52962491235758,stop,-0.002058185198521822,-1.515393630236834,0.0013581851985217579
AMZN,SHORT,2025-06-18 09:30:00,2025-06-18 09:30:00,216.30999755859375,217.47977813580803,214.55532669277233,217.47977813580803,stop,-0.006107889558583179,-1.129440513238465,0.005407889558583229
AMZN,LONG,2025-06-18 12:30:00,2025-06-18 13:30:00,214.80999755859375,214.48402175665,215.29896126150936,215.29896126150936,hedef,0.002076261386680689,1.3682049426504814,0.0015175075911204965
AMZN,SHORT,2025-06-26 10:30:00,2025-06-26 10:30:00,214.61500549316406,216.09278202176014,212.39834070026996,216.09278202176014,stop,-0.007585709250386674,-1.1016598253782812,0.006885709250386741
AMZN,SHORT,2025-06-27 15:30:00,2025-06-27 15:30:00,220.00999450683594,221.64382129456345,217.55925432524467,221.64382129456345,stop,-0.008126148032001033,-1.0942615198328194,0.007426148032001108
GOOGL,LONG,2025-05-07 10:30:00,2025-05-07 10:30:00,157.06500244140625,155.34369389186998,159.64696526571066,155.34369389186998,stop,-0.01165921129965549,-1.0638732095640877,0.01095921129965548
GOOGL,SHORT,2025-05-05 10:30:00,2025-05-05 10:30:00,164.92999267578125,165.0366960029433,164.76993768503817,165.0366960029433,stop,-0.0013469613284456611,-2.0819812084932923,0.0006469613284456312
GOOGL,LONG,2025-05-07 10:30:00,2025-05-07 10:30:00,162.13999938964844,161.13370243679185,163.64944481893332,161.13370243679185,stop,-0.006906346099942306,-1.1127877802378026,0.006206346099942274
GOOGL,SHORT,2025-05-14 10:30:00,2025-05-14 11:30:00,164.11500549316406,165.07558585690467,162.67413494755317,165.07558585690467,stop,-0.006553092840926166,-1.119594890944731,0.00585309284092621
GOOGL,SHORT,2025-05-12 09:30:00,2025-05-12 09:30:00,157.52999877929688,156.00425185686257,,157.52999877929688,stop,-0.0007,-0.1486119062294087,0.004710255172418194
GOOGL,SHORT,2025-05-20 12:30:00,2025-05-20 13:30:00,167.65499877929688,169.40252728370737,165.03370602268114,165.03370602268114,hedef,0.01543504086189782,1.4808123302874654,0.010423360574598582
GOOGL,SHORT,2025-05-20 09:30:00,2025-05-20 09:30:00,166.64999389648438,167.04261540353772,166.06106163590437,167.04261540353772,stop,-0.003055964725070603,-1.2971182006891129,0.0023559647250706046
GOOGL,LONG,2025-05-20 13:30:00,2025-05-20 13:30:00,164.72000122070312,164.15590104801112,165.56615147974114,164.15590104801112,stop,-0.004124600343076678,-1.2044034135005477,0.003424600343076662
GOOGL,SHORT,2025-05-21 09:30:00,2025-05-21 09:30:00,167.2899932861328,168.57086532004357,165.3686852352667,168.57086532004357,stop,-0.0083565968397162,-1.0914244297634867,0.00765659683971623
GOOGL,LONG,2025-05-30 11:30:00,2025-05-30 12:30:00,168.9550018310547,167.82492196619265,170.65012162834773,167.82492196619265,stop,-0.0073886440331139775,-1.1046549938275216,0.006688644033113948
GOOGL,SHORT,2025-06-06 09:30:00,2025-06-09 09:30:00,173.40499877929688,175.32381065360832,170.52678096782972,175.32381065360832,stop,-0.01176549342763552,-1.063259718563643,0.01106549342763546
GOOGL,SHORT,2025-05-30 15:30:00,2025-06-02 09:30:00,171.86000061035156,172.26688223992443,171.24967816599226,167.83999633789062,hedef,0.02319115709405393,9.795557190731099,0.0023675179106705862
GOOGL,LONG,2025-06-02 09:30:00,2025-06-02 10:30:00,167.83999633789062,167.3827641861137,168.52584456555604,169.0399932861328,hedef,0.006949648322360536,2.551065021218527,0.002724214500436766
GOOGL,SHORT,2025-06-06 09:30:00,2025-06-06 09:30:00,171.61000061035156,172.26881797782707,170.62177455913832,172.26881797782707,stop,-0.004539038314389365,-1.1823373310384493,0.003839038314389277
GOOGL,LONG,2025-06-03 14:30:00,2025-06-04 14:30:00,166.94650268554688,165.22542658812864,169.52811683167423,167.6699981689453,zaman,0.0036336965540463622,0.35247304429395454,0.010309147359977807
GOOGL,SHORT,2025-06-04 09:30:00,2025-06-04 10:30:00,168.11849975585938,168.53708413862483,167.4906231817112,167.1699981689453,hedef,0.005441863258900593,2.1856474456084105,0.002489817499997472
GOOGL,SHORT,2025-06-11 09:30:00,2025-06-11 10:30:00,180.15989685058594,181.18506351374558,178.6221468558465,178.6221468558465,hedef,0.008335473330198217,1.464852564304927,0.005690315553465547
GOOGL,LONG,2025-06-11 11:30:00,2025-06-12 09:30:00,177.82000732421875,174.8311855322527,182.3032400121678,174.8311855322527,stop,-0.01750812995647074,-1.041646512837112,0.016808129956470734
GOOGL,LONG,2025-06-18 09:30:00,2025-06-18 15:30:00,175.6999969482422,174.52352350545868,177.46470711241744,174.52352350545868,stop,-0.007395921816834538,-1.104541244528879,0.006695921816834579
GOOGL,LONG,2025-06-18 15:30:00,2025-06-18 15:30:00,175.05999755859375,174.82556761850748,175.41164246872316,174.82556761850748,stop,-0.002039140542417794,-1.522723327258965,0.001339140542417791
GOOGL,SHORT,2025-06-26 09:30:00,2025-06-26 09:30:00,172.44500732421875,172.42759744246618,,172.44500732421875,stop,-0.0007,-0.1486119062294087,0.004710255172418194
GOOGL,SHORT,2025-06-27 15:30:00,2025-06-27 15:30:00,173.85000610351562,175.09207662233752,171.9869003252828,175.09207662233752,stop,-0.007844495111966353,-1.0979775322160346,0.007144495111966367
NFLX,LONG,2025-05-05 09:30:00,2025-05-05 10:30:00,110.99000549316406,110.07052889590955,112.36922038904584,113.17399597167969,hedef,0.019477361658029026,2.3511120172845357,0.00828431887329843
NFLX,LONG,2025-05-05 09:30:00,2025-05-05 09:30:00,111.30000305175781,111.14252749210095,111.5362163912431,111.14252749210095,stop,-0.002114874711042291,-1.4947434529269157,0.0014148747110422676
NFLX,SHORT,2025-05-07 09:30:00,2025-05-07 09:30:00,115.71400451660156,115.98728881868604,115.30407806347485,115.98728881868604,stop,-0.003061721930081995,-1.2963939111898595,0.002361721930082098
NFLX,LONG,2025-05-08 09:30:00,2025-05-08 10:30:00,114.0949935913086,113.6670649486504,114.73688655529588,114.73688655529588,hedef,0.005425952057866535,1.4466756920581305,0.0037506347052442966
NFLX,SHORT,2025-05-15 09:30:00,2025-05-15 10:30:00,116.19999694824219,116.44651416992616,115.83022111571623,116.44651416992616,stop,-0.002821490775888635,-1.329956654988002,0.0021214907758885485
NFLX,LONG,2025-05-20 09:30:00,2025-05-20 15:30:00,118.1780014038086,117.62063113418257,119.01405680824763,119.01405680824763,hedef,0.006874543438776449,1.4575944366451006,0.004716362292517643
NFLX,SHORT,2025-05-20 12:30:00,2025-05-21 09:30:00,118.7979965209961,119.39841763382121,117.89736485175843,119.39841763382121,stop,-0.005754135005711169,-1.13850045541107,0.005054135005711145
NFLX,LONG,2025-05-23 09:30:00,2025-05-23 10:30:00,118.2300033569336,117.8631378965051,118.78030154757634,118.78030154757634,hedef,0.004454471580969322,1.4355458520304352,0.003102981053979516
NFLX,SHORT,2025-05-27 09:30:00,2025-05-27 09:30:00,119.656005859375,119.90971176853996,119.27544699562756,119.90971176853996,stop,-0.002820293982260435,-1.3301428980398293,0.0021202939822605326
NFLX,SHORT,2025-05-30 15:30:00,2025-06-02 09:30:00,121.14900207519531,121.63444615740309,120.42083595188365,120.1199951171875,hedef,0.008293730368237972,2.069810292100156,0.004007000254995663
NFLX,SHORT,2025-05-30 13:30:00,2025-05-30 14:30:00,119.82550048828125,120.28932969320873,119.12975668089004,120.28932969320873,stop,-0.004570872252044855,-1.180837794280135,0.0038708722520448802
NFLX,SHORT,2025-06-03 13:30:00,2025-06-04 09:30:00,122.21099853515625,122.99725880384736,121.03160813211959,122.99725880384736,stop,-0.007133629363276294,-1.1088032835704766,0.006433629363276388
NFLX,SHORT,2025-06-06 09:30:00,2025-06-06 10:30:00,125.92500305175781,126.32035671065363,125.3319725634141,124.50699615478516,hedef,0.01106072553192492,3.5229771244619856,0.003139596182763766
NFLX,SHORT,2025-06-20 09:30:00,2025-06-20 09:30:00,124.30799865722656,124.58752236639343,123.88871309347627,124.58752236639343,stop,-0.0029486381583348703,-1.3112995291863625,0.002248638158334768
NFLX,SHORT,2025-06-16 09:30:00,2025-06-17 09:30:00,122.18399810791016,123.0367875508419,120.90481394351255,123.0367875508419,stop,-0.007679550973430948,-1.1002929848445553,0.0069795509734308465
NFLX,SHORT,2025-06-16 09:30:00,2025-06-16 09:30:00,121.79471588134766,122.09878401080283,121.3386136871649,122.09878401080283,stop,-0.0031965625746145027,-1.2803855217240592,0.0024965625746144653
NFLX,SHORT,2025-06-18 09:30:00,2025-06-18 09:30:00,122.9990005493164,123.27066977673567,122.5914967081875,123.27066977673567,stop,-0.002908710852982465,-1.316926952685919,0.0022087108529824273
NFLX,SHORT,2025-06-20 09:30:00,2025-06-20 09:30:00,123.4050064086914,124.23750863348327,122.15625307150361,124.23750863348327,stop,-0.007446097658589356,-1.1037636920522242,0.006746097658589269
NFLX,SHORT,2025-06-20 13:30:00,2025-06-23 10:30:00,123.4050064086914,124.89428324020268,121.1710911614245,124.89428324020268,stop,-0.012768204320488495,-1.058003658324845,0.012068204320488463
NFLX,SHORT,2025-06-23 14:30:00,2025-06-23 14:30:00,124.79200744628906,125.07302893402996,124.37047521467771,125.07302893402996,stop,-0.002951918960930688,-1.3108459994096366,0.00225191896093068
NFLX,SHORT,2025-06-26 09:30:00,2025-06-26 10:30:00,129.12799072265625,129.83813756009113,128.06277046650393,129.83813756009113,stop,-0.0061995577137118,-1.1272829628198708,0.0054995577137116995
AVGO,SHORT,2025-04-30 15:30:00,2025-05-01 09:30:00,192.49000549316406,193.36062606174468,191.18407464029315,198.10000610351562,stop,-0.029844373475280538,-6.598446925694044,0.004522939081174987
AVGO,SHORT,2025-05-07 15:30:00,2025-05-07 15:30:00,204.82000732421875,205.78520880716002,203.37220509980685,205.78520880716002,stop,-0.005412437498419764,-1.1485430841755853,0.004712437498419806
AVGO,SHORT,2025-05-15 12:30:00,2025-05-15 14:30:00,233.83999633789062,235.3928738283765,231.5106801021618,231.5106801021618,hedef,0.009761154089153434,1.4698830078005916,0.006640769392769019
AVGO,SHORT,2025-05-15 12:30:00,2025-05-15 12:30:00,233.0500030517578,233.62286955591557,232.1907032955212,233.62286955591557,stop,-0.003158126997022747,-1.284769664402139,0.002458126997022743
AVGO,LONG,2025-05-15 09:30:00,2025-05-15 09:30:00,230.1199951171875,228.23154132744028,232.9526758018083,228.23154132744028,stop,-0.00890638723195488,-1.0852994113261216,0.008206387231954925
AVGO,LONG,2025-05-16 09:30:00,2025-05-16 09:30:00,229.83999633789062,227.95114682136722,232.67327061267574,227.95114682136722,stop,-0.008918106276622893,-1.0851777741048667,0.008218106276622918
AVGO,LONG,2025-05-20 09:30:00,2025-05-20 10:30:00,226.56500244140625,226.2830484672541,226.98793340263447,229.3800048828125,hedef,0.012224701128031623,9.823197027978024,0.00124447276107908
AVGO,SHORT,2025-05-27 09:30:00,2025-05-27 09:30:00,232.86500549316406,233.79859822458837,231.4646163960276,233.79859822458837,stop,-0.004709158565698279,-1.174600228085016,0.004009158565698351
AVGO,LONG,2025-05-30 12:30:00,2025-05-30 13:30:00,235.06500244140625,233.8700601541153,236.8574158723427,237.02000427246094,hedef,0.008116856234445113,1.5967204867207179,0.005083454682237588
AVGO,SHORT,2025-05-28 13:30:00,2025-05-28 13:30:00,237.99000549316406,238.56598545094676,237.12603555649002,238.56598545094676,stop,-0.0031201854888366016,-1.289234029056396,0.0024201854888365754
AVGO,SHORT,2025-05-30 15:30:00,2025-05-30 15:30:00,241.9600067138672,242.77935880941587,240.73097857054415,242.77935880941587,stop,-0.0040863120880039955,-1.2067145560740926,0.0033863120880039295
AVGO,SHORT,2025-06-03 15:30:00,2025-06-04 09:30:00,256.0299987792969,258.0127439000498,253.05588109816745,258.0127439000498,stop,-0.008444190642527515,-1.0903903367455814,0.007744190642527476
AVGO,LONG,2025-06-06 09:30:00,2025-06-06 09:30:00,251.13999938964844,252.3592025510387,,251.13999938964844,stop,-0.0007,-0.09772832981951868,0.007162713220339853
AVGO,LONG,2025-06-05 13:30:00,2025-06-06 09:30:00,261.04998779296875,258.97043222397394,264.16932114646096,251.13999938964844,stop,-0.03866203358254757,-4.853307863109379,0.007966120154137077
AVGO,LONG,2025-06-06 13:30:00,2025-06-06 14:30:00,249.53500366210938,248.20165792149848,251.53502227302573,248.20165792149848,stop,-0.00604332146209171,-1.131004657864234,0.00534332146209176
AVGO,LONG,2025-06-09 13:30:00,2025-06-10 13:30:00,243.86500549316406,240.951089232308,248.23587988444817,244.26499938964844,zaman,0.0009402267134452142,0.07868736508295365,0.011948890555097506
AVGO,SHORT,2025-06-24 09:30:00,2025-06-24 09:30:00,259.0150146484375,258.01707137472516,,259.0150146484375,stop,-0.0007,-0.09772832981951868,0.007162713220339853
AVGO,SHORT,2025-06-18 09:30:00,2025-06-18 09:30:00,253.48500061035156,255.30832121410293,250.7500197047245,255.30832121410293,stop,-0.007893011812774318,-1.097316675993333,0.00719301181277434
AVGO,LONG,2025-06-20 09:30:00,2025-06-20 09:30:00,248.97999572753906,247.79684956152076,250.7547149765665,247.79684956152076,stop,-0.005451972794284409,-1.147307240656343,0.004751972794284368
AVGO,LONG,2025-06-23 12:30:00,2025-06-23 13:30:00,247.07000732421875,244.05148769033613,251.59778677504266,252.875,hedef,0.0232953353450289,1.9067554206739474,0.012217264517750844
AVGO,SHORT,2025-06-26 09:30:00,2025-06-26 13:30:00,266.95001220703125,269.9989141051957,262.3766593597846,269.9989141051957,stop,-0.01212124652086518,-1.0612892821043045,0.011421246520865075
AAPL,SHORT,2025-06-30 09:30:00,2025-06-30 10:30:00,202.00999450683594,203.27824420658337,200.1076199572148,200.1076199572148,hedef,0.00921722984679727,1.4681434981538506,0.0062781532311982306
AAPL,LONG,2025-07-09 10:30:00,2025-07-09 10:30:00,209.27999877929688,208.37427663071713,210.6385820021665,208.37427663071713,stop,-0.005027800811652849,-1.1617449671240065,0.004327800811652816
AAPL,SHORT,2025-07-09 15:30:00,2025-07-10 09:30:00,210.8300018310547,211.50289007535036,209.82066946461117,211.50289007535036,stop,-0.003891615227679412,-1.219324683605089,0.0031916152276794353
AAPL,SHORT,2025-07-09 14:30:00,2025-07-09 15:30:00,210.03500366210938,210.97630645246565,208.62304947657498,210.97630645246565,stop,-0.005181647220434759,-1.1561925706263456,0.004481647220434654
AAPL,SHORT,2025-07-21 09:30:00,2025-07-21 09:30:00,212.99000549316406,213.53199876206594,212.17701558981125,213.53199876206594,stop,-0.003244688740896195,-1.2750827591406928,0.00254468874089621
AAPL,SHORT,2025-07-21 09:30:00,2025-07-21 09:30:00,212.61000061035156,213.50199998276906,211.2720015517253,213.50199998276906,stop,-0.004895472319537208,-1.166846530422899,0.004195472319537126
AAPL,SHORT,2025-07-16 09:30:00,2025-07-16 09:30:00,211.42999267578125,211.95337706642346,210.64491608981794,211.95337706642346,stop,-0.003175450072236374,-1.2827768606003662,0.0024754500722364114
AAPL,SHORT,2025-07-18 12:30:00,2025-07-21 09:30:00,211.38890075683594,211.8589385157814,210.68384411841774,212.0500030517578,stop,-0.0038274219817356564,-1.7212968746741049,0.002223568774247793
AAPL,LONG,2025-07-23 09:30:00,2025-07-23 11:30:00,212.5399932861328,212.01322348986167,213.33014798053952,213.33014798053952,hedef,0.003517675352247429,1.4193044116079767,0.00247845023483168
AAPL,SHORT,2025-07-28 09:30:00,2025-07-28 12:30:00,214.6999969482422,215.28684988888415,213.81971753727925,213.81971753727925,hedef,0.0039000438913613157,1.4268300515923387,0.0027333625942409026
AAPL,SHORT,2025-07-29 09:30:00,2025-07-29 10:30:00,214.5399932861328,214.88825447350797,214.01760150507008,213.0399932861328,hedef,0.0067917033976945046,4.183905798762349,0.001623292618037331
AAPL,LONG,2025-07-31 11:30:00,2025-07-31 12:30:00,208.27000427246094,207.65909209398558,209.18637254017398,209.18637254017398,hedef,0.004199905165960672,1.431816712250794,0.002933270110640408
AAPL,SHORT,2025-08-01 09:30:00,2025-08-01 09:30:00,210.88999938964844,209.90117834739476,,210.88999938964844,stop,-0.0007,-0.18094897265943335,0.0038684939168871658
AAPL,SHORT,2025-08-06 09:30:00,2025-08-06 09:30:00,206.75999450683594,207.95561784299974,204.96655950259023,207.95561784299974,stop,-0.00648266283579465,-1.1210514982244681,0.005782662835794744
AAPL,SHORT,2025-08-06 09:30:00,2025-08-06 09:30:00,205.60000610351562,205.41560929807787,,205.60000610351562,stop,-0.0007,-0.18094897265943335,0.0038684939168871658
AAPL,SHORT,2025-08-11 11:30:00,2025-08-12 11:30:00,229.29159545898438,231.1112943358621,226.56204714366777,229.77999877929688,zaman,-0.0028300533032395653,-0.3566015484095767,0.007936177831704454
AAPL,LONG,2025-08-11 15:30:00,2025-08-12 10:30:00,226.77499389648438,224.655866517516,229.95368496493694,229.95368496493694,hedef,0.013816938172219939,1.4785973230163352,0.009344625448146637
AAPL,LONG,2025-08-20 09:30:00,2025-08-20 09:30:00,227.2050018310547,226.57699330595423,228.14701461870538,226.57699330595423,stop,-0.0034640611784041092,-1.253250545056368,0.002764061178404119
AAPL,LONG,2025-08-14 11:30:00,2025-08-14 14:30:00,231.75,230.69601960906178,233.33097058640732,233.33097058640732,hedef,0.006621879552998178,1.4560238497807865,0.004547919701998799
AAPL,SHORT,2025-08-15 09:30:00,2025-08-15 10:30:00,234.05499267578125,235.19771834699074,232.34090416896703,232.16140747070312,hedef,0.007890343142994504,1.6161133446737976,0.004882295644051575
AAPL,LONG,2025-08-18 10:30:00,2025-08-19 09:30:00,230.55999755859375,229.27685693717882,232.48470849071614,232.48470849071614,hedef,0.008147982965402511,1.4640631753510538,0.005565321976935034
AAPL,SHORT,2025-08-19 09:30:00,2025-08-19 14:30:00,231.77999877929688,233.186628042625,229.6700548843047,229.6700548843047,hedef,0.008903218164226878,1.4670446215186994,0.006068812109484561
AAPL,LONG,2025-08-19 10:30:00,2025-08-19 11:30:00,230.67999267578125,230.04000214689077,231.63997846911695,231.63997846911695,hedef,0.00396154770164634,1.4279114354783242,0.00277436513443097
AAPL,SHORT,2025-08-28 10:30:00,2025-08-28 12:30:00,231.8300018310547,232.92111762277943,230.19332814346757,232.92111762277943,stop,-0.0054065340253928946,-1.1487294038932634,0.004706534025392854
AAPL,SHORT,2025-08-26 15:30:00,2025-08-26 15:30:00,228.77000427246094,229.35640582082596,227.8904019499134,229.35640582082596,stop,-0.003263279876791169,-1.2730876196306562,0.0025632798767911205
MSFT,LONG,2025-07-02 09:30:00,2025-07-02 09:30:00,489.989990234375,489.2793590946787,491.0559369439195,489.2793590946787,stop,-0.002150297258840716,-1.4826596725139614,0.0014502972588407458
MSFT,SHORT,2025-06-30 09:30:00,2025-06-30 10:30:00,497.9750061035156,499.396603680348,495.8426097382671,495.8426097382671,hedef,0.004082135326296399,1.4299414948056914,0.0028547568841976313
MSFT,LONG,2025-07-01 10:30:00,2025-07-01 10:30:00,494.8900146484375,492.9223130791427,497.84156700237963,492.9223130791427,stop,-0.004676038131811133,-1.176054649576789,0.003976038131811167
MSFT,SHORT,2025-07-03 10:30:00,2025-07-07 09:30:00,499.0450134277344,500.88438028657214,496.28596313947776,496.28596313947776,hedef,0.005328660168961142,1.4457373050916742,0.003685773445974164
MSFT,SHORT,2025-07-03 09:30:00,2025-07-03 09:30:00,493.4949951171875,493.60289946388957,493.3331385971344,493.60289946388957,stop,-0.0009186533759607201,-4.201414096281462,0.00021865337596067738
MSFT,SHORT,2025-07-09 09:30:00,2025-07-09 09:30:00,500.1099853515625,500.21748117355537,499.9487416185732,500.21748117355537,stop,-0.0009149443625232283,-4.256656707730789,0.00021494436252318368
MSFT,SHORT,2025-07-11 11:30:00,2025-07-14 09:30:00,504.55999755859375,506.89676129949424,501.05485194724304,501.05485194724304,hedef,0.006746935207529315,1.4568154889835492,0.004631290138352931
MSFT,LONG,2025-07-23 09:30:00,2025-07-23 09:30:00,503.80999755859375,501.79936536339187,506.82594585139657,501.79936536339187,stop,-0.00469085410163591,-1.175401050044172,0.003990854101635885
MSFT,SHORT,2025-07-25 10:30:00,2025-07-25 10:30:00,512.6599731445312,513.3228840362189,511.66560680699985,513.3228840362189,stop,-0.00199308104087289,-1.5413427139318785,0.0012930810408728975
MSFT,LONG,2025-07-28 13:30:00,2025-07-28 14:30:00,510.8500061035156,510.2551815264565,511.74224296910427,510.2551815264565,stop,-0.0018643820494319225,-1.6011772513510822,0.001164382049431908
MSFT,SHORT,2025-07-29 09:30:00,2025-07-29 10:30:00,517.22998046875,518.3865292423475,515.4951573083538,514.344970703125,hedef,0.005377808469281687,2.4050553102737817,0.002236043573014335
MSFT,SHORT,2025-07-30 09:30:00,2025-07-30 10:30:00,515.6900024414062,517.7168735463391,512.649695784007,512.649695784007,hedef,0.005695609073291453,1.449114672246635,0.003930406048861037
MSFT,LONG,2025-08-07 11:30:00,2025-08-07 12:30:00,523.239990234375,520.7165501386967,527.0251503778925,520.7165501386967,stop,-0.005522720248404577,-1.145146300001869,0.004822720248404561
MSFT,SHORT,2025-08-11 10:30:00,2025-08-11 11:30:00,526.5700073242188,528.1652928613811,524.1770790184753,524.1770790184753,hedef,0.004344368787548714,1.433984231028505,0.003029579191699184
MSFT,LONG,2025-08-18 09:30:00,2025-08-18 10:30:00,518.6699829101562,517.4215459629412,520.5426383309789,517.4215459629412,stop,-0.003106996719205412,-1.2908188425911635,0.0024069967192053765
MSFT,SHORT,2025-08-08 13:30:00,2025-08-08 15:30:00,522.9550170898438,524.797819839394,520.1908129655183,520.1908129655183,hedef,0.005085739755797381,1.4432435167337154,0.0035238265038648508
MSFT,LONG,2025-08-11 14:30:00,2025-08-12 09:30:00,521.989990234375,519.578322310144,525.6074921207214,525.6074921207214,hedef,0.006730213134397789,1.456711288068319,0.004620142089598571
MSFT,LONG,2025-08-13 15:30:00,2025-08-13 15:30:00,521.3599853515625,520.0996137069654,523.2505428184581,520.0996137069654,stop,-0.003117469080883028,-1.2895590291248915,0.0024174690808830795
MSFT,LONG,2025-08-14 14:30:00,2025-08-14 15:30:00,520.6900024414062,519.2351915416705,522.8722187910099,522.8722187910099,hedef,0.003991008737198132,1.4284181878846192,0.002794005824798772
MSFT,SHORT,2025-08-15 09:30:00,2025-08-15 10:30:00,524.3825073242188,526.078872410065,521.8379596954494,521.8379596954494,hedef,0.00465246474325296,1.4381757486405329,0.0032349764955018913
MSFT,LONG,2025-08-15 15:30:00,2025-08-15 15:30:00,520.8599853515625,520.0169902005503,522.1244780780809,520.0169902005503,stop,-0.002318467869907936,-1.4325078137261702,0.0016184678699079826
MSFT,SHORT,2025-08-28 09:30:00,2025-08-28 15:30:00,508.2998962402344,510.8331529863641,504.5000111210398,510.8331529863641,stop,-0.0056837837167932,-1.1404555333413386,0.004983783716793141
NVDA,SHORT,2025-06-30 09:30:00,2025-06-30 10:30:00,158.40499877929688,158.7742190602165,157.85116835791746,157.11000061035156,hedef,0.007975235497142385,3.4215811927852093,0.0023308625596724316
NVDA,LONG,2025-07-01 09:30:00,2025-07-01 09:30:00,156.25999450683594,155.40013326720967,157.54978636627533,155.40013326720967,stop,-0.006202759950427705,-1.1272088926840422,0.005502759950427702
NVDA,SHORT,2025-07-03 09:30:00,2025-07-03 09:30:00,158.35000610351562,158.7267742153375,157.7848539357828,158.7267742153375,stop,-0.0030793375263629902,-1.294199537578901,0.002379337526362899
NVDA,SHORT,2025-07-10 12:30:00,2025-07-10 13:30:00,163.35000610351562,164.476438647272,161.66035728788106,164.476438647272,stop,-0.00759582186512161,-1.1015107428369741,0.006895821865121661
NVDA,LONG,2025-07-14 09:30:00,2025-07-14 10:30:00,162.39999389648438,161.5523433638937,163.67146969537038,163.72500610351562,hedef,0.007958942468161844,1.5248409085541224,0.005219523180099252
NVDA,SHORT,2025-07-17 09:30:00,2025-07-17 09:30:00,172.05999755859375,172.46378043684916,171.45432324121063,172.46378043684916,stop,-0.0030467562709797997,-1.2982840649692333,0.002346756270979881
NVDA,SHORT,2025-07-16 13:30:00,2025-07-17 09:30:00,171.0,171.8228091373188,169.76578629402178,172.05999755859375,stop,-0.0068988161321271385,-1.4337438721668494,0.004811749341045693
NVDA,LONG,2025-07-22 09:30:00,2025-07-22 09:30:00,169.96499633789062,168.84944573005737,171.6383222496405,168.84944573005737,stop,-0.0072634138314899505,-1.106651815346687,0.006563413831489988
NVDA,LONG,2025-07-21 11:30:00,2025-07-21 15:30:00,172.08999633789062,171.2059880415684,173.41600878237398,171.2059880415684,stop,-0.005836895317183532,-1.136269080208517,0.005136895317183499
NVDA,LONG,2025-08-01 09:30:00,2025-08-01 09:30:00,173.61500549316406,172.88146969245022,174.7153091942348,172.88146969245022,stop,-0.004925071436827599,-1.165677672074006,0.004225071436827622
NVDA,LONG,2025-08-01 09:30:00,2025-08-01 09:30:00,173.64999389648438,172.92646786139554,174.73528294911762,172.92646786139554,stop,-0.004866576795390786,-1.1680036236880118,0.004166576795390756
NVDA,SHORT,2025-07-30 09:30:00,2025-07-30 13:30:00,178.14999389648438,179.4381202894064,176.21780430710132,179.4381202894064,stop,-0.00793057219788914,-1.0968111486673717,0.00723057219788913
NVDA,LONG,2025-08-01 09:30:00,2025-08-01 09:30:00,174.08999633789062,175.0864715235049,,174.08999633789062,stop,-0.0007,-0.11327340969537296,0.006179738050461404
NVDA,LONG,2025-07-31 13:30:00,2025-07-31 13:30:00,178.58999633789062,177.47772324355407,180.25840597939546,177.47772324355407,stop,-0.006928081735508595,-1.1123941575797045,0.006228081735508565
NVDA,LONG,2025-08-01 13:30:00,2025-08-04 09:30:00,173.10499572753906,170.7851719254504,176.58473143067204,176.58473143067204,hedef,0.019901879142817804,1.4850760221037786,0.013401252761878502
NVDA,LONG,2025-08-06 09:30:00,2025-08-06 10:30:00,176.3249969482422,175.81682832082544,177.0872498893673,178.02999877929688,hedef,0.009469654674970162,3.2857928285597686,0.0028819999218030155
NVDA,SHORT,2025-08-06 13:30:00,2025-08-06 14:30:00,178.77499389648438,179.5131763005569,177.6677202903756,179.5131763005569,stop,-0.004829114413506496,-1.1695278769002426,0.004129114413506542
NVDA,SHORT,2025-08-08 09:30:00,2025-08-11 09:30:00,182.47999572753906,183.9627728937724,180.25582997818904,180.25582997818904,hedef,0.011988545601847344,1.4753867270304544,0.00812569706789824
NVDA,LONG,2025-08-13 10:30:00,2025-08-13 11:30:00,179.42010498046875,178.71754200610985,180.4739494420071,180.4739494420071,hedef,0.005673614117286819,1.448924121672052,0.003915742744857814
NVDA,LONG,2025-08-11 14:30:00,2025-08-12 09:30:00,182.16000366210938,180.17806504615547,185.13291158604022,180.17806504615547,stop,-0.011580207378729633,-1.0643370089956579,0.010880207378729679
NVDA,LONG,2025-08-13 10:30:00,2025-08-13 10:30:00,180.9232940673828,179.38255055103173,183.23440934190944,179.38255055103173,stop,-0.009216004112644859,-1.0821981754283827,0.008516004112644849
NVDA,LONG,2025-08-14 09:30:00,2025-08-14 10:30:00,179.7949981689453,179.27550673857488,180.57423531450098,182.57850646972656,hedef,0.01528156694640479,5.288921319045156,0.002889354184827176
NVDA,LONG,2025-08-19 09:30:00,2025-08-19 10:30:00,179.5050048828125,177.98424621687744,181.78614288171508,177.98424621687744,stop,-0.00917195690687219,-1.0826255383136125,0.008471956906872151
NVDA,SHORT,2025-08-26 14:30:00,2025-08-27 09:30:00,182.19500732421875,182.68307989706173,181.46289846495426,181.46289846495426,hedef,0.0038182706980641524,1.4253410179298351,0.0026788471320426934
NVDA,LONG,2025-08-28 09:30:00,2025-08-28 09:30:00,178.02000427246094,176.50527817281946,180.29209342192314,176.50527817281946,stop,-0.009208740946456705,-1.0822683408044695,0.008508740946456664
NVDA,LONG,2025-08-27 09:30:00,2025-08-27 10:30:00,179.83999633789062,178.74218938176537,181.4867067720785,181.4867067720785,hedef,0.008956530625667791,1.467236499033919,0.0061043537504452015
AMD,LONG,2025-07-07 09:30:00,2025-07-07 09:30:00,136.3800048828125,135.0500724528602,138.37490352774094,135.0500724528602,stop,-0.01045166727039689,-1.0717825968206447,0.009751667270396912
AMD,SHORT,2025-07-09 09:30:00,2025-07-09 09:30:00,139.25039672851562,139.84774138089682,138.35437974994383,139.84774138089682,stop,-0.004989715982251696,-1.1631809665013357,0.004289715982251646
AMD,LONG,2025-07-07 14:30:00,2025-07-07 15:30:00,134.0399932861328,133.42399224244835,134.9639948516595,134.9639948516595,hedef,0.006693476662254372,1.4564805953949589,0.004595651108169607
AMD,SHORT,2025-07-10 09:30:00,2025-07-10 09:30:00,142.96499633789062,140.71509748469074,,142.96499633789062,stop,-0.0007,-0.09087315916007736,0.007703044622526184
AMD,SHORT,2025-07-11 10:30:00,2025-07-11 12:30:00,144.38980102539062,145.8994616573437,142.12531007746102,145.8994616573437,stop,-0.011155451986443264,-1.066950716325572,0.010455451986443263
AMD,LONG,2025-07-14 09:30:00,2025-07-14 10:30:00,142.60000610351562,141.52836378632972,144.20746957929447,144.20746957929447,hedef,0.01107253441077669,1.4733866414536458,0.0075150229405178464
AMD,SHORT,2025-07-16 13:30:00,2025-07-16 14:30:00,156.7100067138672,158.78100412704796,153.603510594096,158.78100412704796,stop,-0.013915476513648294,-1.05296819976768,0.013215476513648286
AMD,LONG,2025-07-22 09:30:00,2025-07-22 09:30:00,154.25,152.77310922014718,156.46533616977922,152.77310922014718,stop,-0.010274656595480179,-1.0731096716649244,0.009574656595480216
AMD,SHORT,2025-07-24 09:30:00,2025-07-24 09:30:00,160.41000366210938,160.9105502539481,159.6591837743513,160.9105502539481,stop,-0.003820420051190065,-1.2243287725744072,0.0031204200511900353
AMD,LONG,2025-07-18 15:30:00,2025-07-21 09:30:00,157.14329528808594,156.31655192962182,158.3834103257821,158.3834103257821,hedef,0.007691619145587559,1.4619849875589004,0.005261079430391675
AMD,SHORT,2025-07-23 14:30:00,2025-07-24 09:30:00,159.14999389648438,160.4233840087148,157.23990872813874,160.4233840087148,stop,-0.008701194854325044,-1.0874869332324153,0.008001194854325154
AMD,SHORT,2025-07-31 09:30:00,2025-07-31 09:30:00,182.01499938964844,182.42259375951423,181.40360783484977,182.42259375951423,stop,-0.0029393449508699704,-1.3125914119341873,0.002239344950869866
AMD,LONG,2025-07-31 13:30:00,2025-08-01 09:30:00,175.56199645996094,173.6891689614513,178.3712377077254,170.13999938964844,stop,-0.03158366035726331,-2.960705389175968,0.010667613357522804
AMD,LONG,2025-07-31 12:30:00,2025-07-31 13:30:00,178.30999755859375,176.97248861319605,180.3162609766903,176.97248861319605,stop,-0.008201031707199623,-1.0933204960763083,0.007501031707199635
AMD,LONG,2025-08-01 13:30:00,2025-08-04 09:30:00,170.13999938964844,166.67521143080268,175.33718132791708,175.33718132791708,hedef,0.030346502626735307,1.49017890841168,0.020364335084490214
AMD,LONG,2025-08-06 09:30:00,2025-08-06 09:30:00,164.91000366210938,169.70005673340998,,164.91000366210938,stop,-0.0007,-0.09087315916007736,0.007703044622526184
AMD,LONG,2025-08-06 09:30:00,2025-08-06 09:30:00,164.91000366210938,172.17985409669123,,164.91000366210938,stop,-0.0007,-0.09087315916007736,0.007703044622526184
AMD,SHORT,2025-08-11 09:30:00,2025-08-11 09:30:00,176.7100067138672,177.64113418115997,175.313315512928,177.64113418115997,stop,-0.005969240178347623,-1.132846478108262,0.005269240178347595
AMD,SHORT,2025-08-08 09:30:00,2025-08-08 09:30:00,174.05499267578125,175.919203458289,171.25867650201963,175.919203458289,stop,-0.011410470029321461,-1.0653566088214181,0.01071047002932157
AMD,LONG,2025-08-08 12:30:00,2025-08-11 12:30:00,171.11000061035156,162.9571416201477,183.33928909565736,174.41000366210938,zaman,0.018585857284709663,0.3900749485734763,0.047646887739597424
AMD,SHORT,2025-08-11 09:30:00,2025-08-11 09:30:00,174.05499267578125,176.62112990869903,170.20578682640456,176.62112990869903,stop,-0.015443255527853937,-1.0474793371570852,0.014743255527853901
AMD,SHORT,2025-08-13 09:30:00,2025-08-13 09:30:00,180.0,178.93578129962117,,180.0,stop,-0.0007,-0.09087315916007736,0.007703044622526184
AMD,LONG,2025-08-19 09:30:00,2025-08-19 09:30:00,172.32000732421875,168.41603865936733,178.1759603214959,168.41603865936733,stop,-0.02335534179966766,-1.0308977902955416,0.02265534179966771
AMD,LONG,2025-08-25 09:30:00,2025-08-25 09:30:00,164.4250030517578,162.16420458909508,167.81620074575193,162.16420458909508,stop,-0.014449724316265199,-1.0509101116428883,0.013749724316265201
AMD,SHORT,2025-08-26 09:30:00,2025-08-26 09:30:00,168.63999938964844,168.61360724570835,,168.63999938964844,stop,-0.0007,-0.09087315916007736,0.007703044622526184
TSLA,LONG,2025-06-30 11:30:00,2025-06-30 14:30:00,320.5466003417969,317.26159316167247,325.47411111198346,317.26159316167247,stop,-0.010948142318844188,-1.0683050623441115,0.010248142318844208
TSLA,LONG,2025-07-01 13:30:00,2025-07-02 09:30:00,298.4200134277344,292.9464328556394,306.63038428587686,312.57501220703125,hedef,0.047233141687478254,2.5751543420171896,0.01834186825884744
TSLA,SHORT,2025-07-14 09:30:00,2025-07-14 09:30:00,317.7300109863281,318.63418445185835,316.3737507880328,318.63418445185835,stop,-0.003545728871261999,-1.245982674972628,0.002845728871262108
TSLA,SHORT,2025-07-10 09:30:00,2025-07-10 09:30:00,302.25,304.24373343568175,299.2593998464774,304.24373343568175,stop,-0.0072963058252498375,-1.1061200039150012,0.0065963058252497845
TSLA,SHORT,2025-07-15 09:30:00,2025-07-15 10:30:00,319.67498779296875,322.76795849431727,315.035531740946,315.035531740946,hedef,0.014313040522980857,1.479328935275484,0.009675360348653933
TSLA,SHORT,2025-07-16 10:30:00,2025-07-16 11:30:00,319.67498779296875,321.3797060736102,317.1179103720066,321.3797060736102,stop,-0.0060326608140686905,-1.1312665523660024,0.005332660814068623
TSLA,LONG,2025-07-24 09:30:00,2025-07-24 09:30:00,310.06500244140625,316.88508178285673,,310.06500244140625,stop,-0.0007,-0.08226208019414792,0.008509388509844631
TSLA,SHORT,2025-07-22 10:30:00,2025-07-22 10:30:00,327.6700134277344,330.89076018798016,322.8388932873657,330.89076018798016,stop,-0.010529238649438076,-1.0712160956677954,0.009829238649438101
TSLA,SHORT,2025-07-22 14:30:00,2025-07-23 14:30:00,334.3599853515625,338.1799185058586,328.63008562011834,333.81500244140625,zaman,0.0009299286219408904,0.08139695325832197,0.011424612159495234
TSLA,LONG,2025-07-23 12:30:00,2025-07-23 13:30:00,328.72149658203125,326.7081824498048,331.74146778037095,331.74146778037095,hedef,0.008987020714314764,1.4673452352695036,0.006124680476209909
TSLA,SHORT,2025-07-22 10:30:00,2025-07-22 10:30:00,329.7300109863281,331.01075530516766,327.8088945080688,331.01075530516766,stop,-0.004584221260322729,-1.18021630414068,0.0038842212603227154
TSLA,LONG,2025-07-24 09:30:00,2025-07-24 09:30:00,310.06500244140625,321.3747668414505,,310.06500244140625,stop,-0.0007,-0.08226208019414792,0.008509388509844631
TSLA,SHORT,2025-07-23 11:30:00,2025-07-23 11:30:00,333.6449890136719,335.5816756845026,330.7399590074258,335.5816756845026,stop,-0.006504632872071558,-1.1205933287129837,0.0058046328720716325
TSLA,SHORT,2025-07-23 15:30:00,2025-07-24 09:30:00,333.81500244140625,336.3499820696339,330.0125329990648,310.06500244140625,hedef,0.07094719178677053,9.342574881388773,0.007593965548844949
TSLA,LONG,2025-07-24 09:30:00,2025-07-24 09:30:00,310.06500244140625,328.4947924762161,,310.06500244140625,stop,-0.0007,-0.08226208019414792,0.008509388509844631
TSLA,SHORT,2025-08-07 09:30:00,2025-08-07 10:30:00,322.3999938964844,324.62084507020177,319.0687171359083,319.0687171359083,hedef,0.010132744490205159,1.4709660874432304,0.006888496326803465
TSLA,SHORT,2025-08-06 13:30:00,2025-08-07 09:30:00,319.5849914550781,321.5617514047595,316.61985153055605,321.5617514047595,stop,-0.006885396694259993,-1.1131697827318874,0.006185396694260048
TSLA,LONG,2025-08-01 13:30:00,2025-08-04 09:30:00,303.2349853515625,297.59679069316286,311.69227733916193,311.69227733916193,hedef,0.027690225060259067,1.489243543235957,0.01859348337350609
TSLA,SHORT,2025-08-04 13:30:00,2025-08-05 09:30:00,309.0567932128906,312.33871804487,304.13390596492155,312.33871804487,stop,-0.01131916419264297,-1.0659185588716105,0.010619164192642938
TSLA,SHORT,2025-08-07 15:30:00,2025-08-08 09:30:00,319.9599914550781,322.5642888265427,316.0535453978813,322.5642888265427,stop,-0.008839446934040117,-1.0860009292612331,0.008139446934040168
TSLA,LONG,2025-08-20 09:30:00,2025-08-20 10:30:00,317.260009765625,315.98962578596445,319.1655857351158,315.98962578596445,stop,-0.004704236085723645,-1.1748148673090786,0.004004236085723642
TSLA,SHORT,2025-08-11 09:30:00,2025-08-11 09:30:00,335.0,335.17018945751556,334.74471581372666,335.17018945751556,stop,-0.0012080282313898455,-2.377876182363374,0.0005080282313897374
TSLA,LONG,2025-08-15 11:30:00,2025-08-15 11:30:00,328.6300048828125,327.02981523619496,331.0302893527388,327.02981523619496,stop,-0.005569274329311946,-1.1437585875550615,0.004869274329311941
TSLA,SHORT,2025-08-25 11:30:00,2025-08-25 14:30:00,345.1000061035156,349.1814989348745,338.9777668564773,349.1814989348745,stop,-0.012526985682911405,-1.0591866785643842,0.011826985682911356
TSLA,SHORT,2025-08-26 14:30:00,2025-08-26 14:30:00,348.5,349.70218155700303,346.6967276644955,349.70218155700303,stop,-0.004149588398861003,-1.202922760359245,0.0034495883988609178
TSLA,LONG,2025-08-28 09:30:00,2025-08-28 10:30:00,346.04278564453125,343.56479393590826,349.75977320746574,343.56479393590826,stop,-0.007860940240402813,-1.0977525264141388,0.007160940240402772
TSLA,SHORT,2025-08-28 09:30:00,2025-08-28 10:30:00,352.9800109863281,355.54522193323237,349.13219456597176,345.1099853515625,hedef,0.02209595271634366,3.0404632577998716,0.007267298053893488
META,LONG,2025-07-01 10:30:00,2025-07-01 10:30:00,729.1900024414062,725.5935605615166,734.5846652612407,725.5935605615166,stop,-0.005632105305679446,-1.1419272210579032,0.004932105305679425
META,SHORT,2025-07-09 09:30:00,2025-07-09 09:30:00,724.9450073242188,727.223669519525,721.5270140312595,727.223669519525,stop,-0.003843220757829246,-1.2227015071265204,0.003143220757829298
META,LONG,2025-07-15 09:30:00,2025-07-16 09:30:00,716.260009765625,709.4692954803238,726.4460811935768,709.4692954803238,stop,-0.010180794952552606,-1.0738334710858366,0.00948079495255257
META,SHORT,2025-07-24 14:30:00,2025-07-25 14:30:00,718.6599731445312,723.8308727449737,710.9036237438676,713.5800170898438,zaman,0.006368650327720194,0.8851253025865514,0.0071951963288242335
META,LONG,2025-07-25 14:30:00,2025-07-25 15:30:00,714.780029296875,712.8072787460887,717.7391551230544,712.8072787460887,stop,-0.003459940778881087,-1.2536286304968458,0.0027599407788810805
META,SHORT,2025-07-28 09:30:00,2025-07-28 09:30:00,719.25,720.8347409646387,716.8728885530419,720.8347409646387,stop,-0.002903324246977667,-1.3177017640322812,0.002203324246977741
META,LONG,2025-07-28 13:30:00,2025-07-28 14:30:00,712.9299926757812,711.6958926474598,714.7811427182635,714.7811427182635,hedef,0.0023965383158232934,1.3844615547663652,0.0017310255438820917
META,SHORT,2025-07-29 09:30:00,2025-07-29 10:30:00,720.0250244140625,724.9298486529703,712.6677880557007,712.6677880557007,hedef,0.010018028691917901,1.4706401294177924,0.0068120191279452645
META,SHORT,2025-07-31 09:30:00,2025-07-31 09:30:00,775.635009765625,724.566126933676,,775.635009765625,stop,-0.0007,-0.1294355410929959,0.005408097297612169
META,SHORT,2025-08-05 09:30:00,2025-08-05 10:30:00,780.480712890625,785.0755249061124,773.5884948673939,773.5884948673939,hedef,0.008630734583696098,1.4660277412760252,0.005887156389130766
META,SHORT,2025-08-12 09:30:00,2025-08-12 09:30:00,776.5,783.3601516079841,766.2097725880238,783.3601516079841,stop,-0.009534709089483805,-1.0792329428066083,0.008834709089483719
META,LONG,2025-08-18 09:30:00,2025-08-18 09:30:00,761.8699951171875,758.3324370276443,767.1763322515022,758.3324370276443,stop,-0.005343256870877299,-1.15075625136968,0.0046432568708773235
META,SHORT,2025-08-12 09:30:00,2025-08-12 09:30:00,773.0,773.6886428189216,771.9670357716176,773.6886428189216,stop,-0.0015908703996397539,-1.7857484099627543,0.0008908703996398546
META,SHORT,2025-08-15 09:30:00,2025-08-15 09:30:00,790.75,795.6995514199913,783.325672870013,795.6995514199913,stop,-0.006959312576656795,-1.1118333669116738,0.006259312576656693
META,LONG,2025-08-18 09:30:00,2025-08-18 09:30:00,775.3200073242188,772.2923979651443,779.8614213628304,772.2923979651443,stop,-0.004604980305517003,-1.1792582664273579,0.0039049803055170433
META,LONG,2025-08-19 09:30:00,2025-08-19 09:30:00,764.7999877929688,756.2796778240171,777.5804527463963,756.2796778240171,stop,-0.01184057283596359,-1.0628333937856627,0.011140572835963631
META,SHORT,2025-08-22 09:30:00,2025-08-22 09:30:00,747.47998046875,749.7637637430175,744.0543055573487,749.7637637430175,stop,-0.003755310287822577,-1.2291092995660877,0.003055310287822502
META,LONG,2025-08-28 09:30:00,2025-08-28 09:30:00,743.8499755859375,742.6541881270354,745.6436567742908,742.6541881270354,stop,-0.0023075653668741198,-1.4354410802971407,0.0016075653668741643
AMZN,LONG,2025-07-01 09:30:00,2025-07-01 09:30:00,219.5800018310547,219.03474413125514,220.397888380754,219.03474413125514,stop,-0.0031831846946565817,-1.2818960673792126,0.0024831846946566276
AMZN,LONG,2025-07-02 09:30:00,2025-07-02 10:30:00,219.2100067138672,217.85825276883418,221.2376376314167,221.2376376314167,hedef,0.009049718787683658,1.4675665815484633,0.006166479191789098
AMZN,LONG,2025-07-02 15:30:00,2025-07-03 09:30:00,219.7100067138672,218.98862562724506,220.79207834380037,221.7050018310547,hedef,0.00888012860691243,2.7046080802874197,0.0032833328686826726
AMZN,LONG,2025-07-10 09:30:00,2025-07-10 11:30:00,219.77999877929688,218.35683340737742,221.91474683717604,221.91474683717604,hedef,0.009513113430412256,1.4691139198415317,0.006475408953608174
AMZN,SHORT,2025-07-11 09:30:00,2025-07-11 09:30:00,223.4949951171875,224.35524395890934,222.20462185460474,224.35524395890934,stop,-0.004549074299273614,-1.1818619090133282,0.0038490742992735817
AMZN,SHORT,2025-07-14 10:30:00,2025-07-14 14:30:00,226.10000610351562,226.74928200317004,225.126092254034,225.126092254034,hedef,0.004107447249849883,1.430353180759118,0.0028716314998998888
AMZN,LONG,2025-07-14 15:30:00,2025-07-15 09:30:00,224.99000549316406,224.17885931084868,226.20672476663714,226.20672476663714,hedef,0.005207881433693529,1.4445254109805763,0.003605254289128983
AMZN,LONG,2025-07-16 09:30:00,2025-07-16 09:30:00,225.32000732421875,224.8578133142301,226.01329833920173,224.8578133142301,stop,-0.002751278159793335,-1.3412506473868415,0.0020512781597933614
AMZN,SHORT,2025-07-21 09:30:00,2025-07-21 09:30:00,226.8350067138672,227.32123272862796,226.105667691726,227.32123272862796,stop,-0.0028435228265895835,-1.3265652183950531,0.002143522826589577
AMZN,SHORT,2025-07-21 09:30:00,2025-07-21 09:30:00,226.86000061035156,227.2012223526514,226.3481679969018,227.2012223526514,stop,-0.002204107120610998,-1.465392384895898,0.0015041071206109609
AMZN,LONG,2025-07-18 10:30:00,2025-07-18 11:30:00,223.02999877929688,222.1230838322676,224.39037119984079,224.52499389648438,hedef,0.006503112251132071,1.5992559414557925,0.004066336152056017
AMZN,LONG,2025-08-01 09:30:00,2025-08-01 09:30:00,217.1999969482422,227.00906604896895,,217.1999969482422,stop,-0.0007,-0.15962545036334708,0.004385265622785255
AMZN,SHORT,2025-07-24 13:30:00,2025-07-25 13:30:00,232.03500366210938,234.1354281254588,228.88436696708527,231.7899932861328,zaman,0.0003559198918683732,0.03931865908731664,0.009052187946643007
AMZN,SHORT,2025-07-31 09:30:00,2025-07-31 09:30:00,235.77499389648438,234.34277612726862,,235.77499389648438,stop,-0.0007,-0.15962545036334708,0.004385265622785255
AMZN,LONG,2025-08-04 10:30:00,2025-08-04 10:30:00,213.39999389648438,212.66674834785317,214.49986221943118,212.66674834785317,stop,-0.004136014852872371,-1.2037243812886247,0.003436014852872414
AMZN,SHORT,2025-08-13 09:30:00,2025-08-14 09:30:00,224.6300048828125,226.28408404991458,222.14888613215936,227.39999389648438,stop,-0.01303134021929505,-1.7697036969628805,0.007363571789819447
AMZN,LONG,2025-08-11 09:30:00,2025-08-11 09:30:00,221.39500427246094,220.74817747117243,222.3652444743937,220.74817747117243,stop,-0.00362159619145016,-1.239595054938978,0.0029215961914501516
AMZN,SHORT,2025-08-12 09:30:00,2025-08-12 10:30:00,223.1750030517578,223.8657590482718,222.13886905698683,220.8000030517578,hedef,0.010441872824122655,3.3736442552076475,0.0030951315652218815
AMZN,SHORT,2025-08-12 09:30:00,2025-08-12 09:30:00,222.69000244140625,223.1157590482718,222.05136753110793,223.1157590482718,stop,-0.0026118802020650084,-1.366131726895777,0.001911880202065075
AMZN,LONG,2025-08-12 10:30:00,2025-08-12 11:30:00,220.8000030517578,220.32405978084236,221.513917958131,221.513917958131,hedef,0.00303331021968265,1.4072158315729943,0.0021555401464550023
AMZN,SHORT,2025-08-12 13:30:00,2025-08-13 09:30:00,222.25,223.57061678517383,220.26907482223925,223.57061678517383,stop,-0.006642032779184814,-1.1178048028365182,0.005942032779184818
AMZN,LONG,2025-08-21 09:30:00,2025-08-22 09:30:00,220.8000030517578,219.2597452839619,223.1103897034517,223.1103897034517,hedef,0.010263707517034404,1.4713294738493625,0.006975805011356159
AMZN,LONG,2025-08-20 10:30:00,2025-08-20 10:30:00,221.44000244140625,220.99191031156394,222.11214063616973,220.99191031156394,stop,-0.002723537413755605,-1.3459288645920744,0.0020235374137555612
AMZN,SHORT,2025-08-13 13:30:00,2025-08-13 14:30:00,224.66009521484375,224.9910321493968,224.16368981301417,224.09500122070312,hedef,0.002315328739624234,1.571785802029478,0.0014730561483852947
AMZN,LONG,2025-08-19 09:30:00,2025-08-19 10:30:00,230.13999938964844,228.26466622457048,232.95299913726538,228.26466622457048,stop,-0.008848662423096863,-1.0859036690507515,0.008148662423096855
AMZN,SHORT,2025-08-28 10:30:00,2025-08-28 10:30:00,231.4199981689453,231.96414568901466,230.6037768888413,231.96414568901466,stop,-0.0030513418216869476,-1.2977023559670564,0.0023513418216868903
AMZN,LONG,2025-08-21 09:30:00,2025-08-21 09:30:00,222.47500610351562,220.83973185622753,224.92791747444778,220.83973185622753,stop,-0.008050372861782083,-1.095233264102773,0.007350372861782129
AMZN,SHORT,2025-08-22 09:30:00,2025-08-22 09:30:00,224.22500610351562,224.82052994063943,223.3317203478299,224.82052994063943,stop,-0.00335592070872267,-1.263562085155993,0.002655920708722726
GOOGL,LONG,2025-07-08 10:30:00,2025-07-08 10:30:00,174.41000366210938,173.46353711637175,175.8297034807158,173.46353711637175,stop,-0.0061266757976293435,-1.12899241194872,0.005426675797629385
GOOGL,SHORT,2025-07-09 09:30:00,2025-07-09 10:30:00,178.69500732421875,179.5919549625581,177.34958586670973,177.34958586670973,hedef,0.007329149681657965,1.4601548630742411,0.005019433121105399
GOOGL,SHORT,2025-07-16 14:30:00,2025-07-16 15:30:00,183.9499969482422,184.3929386331803,183.285584420835,183.1300048828125,hedef,0.004257690019208927,1.768183245497562,0.0024079461390953427
GOOGL,SHORT,2025-07-21 09:30:00,2025-07-21 09:30:00,186.25,186.4756559019746,185.91151614703813,186.4756559019746,stop,-0.0019115753126151764,-1.5777602041832097,0.0012115753126152522
GOOGL,LONG,2025-08-01 09:30:00,2025-08-04 09:30:00,188.92999267578125,187.38625656850928,191.2455968366892,191.2455968366892,hedef,0.012056413754706096,1.4755230195386728,0.008170942503137345
GOOGL,SHORT,2025-07-24 09:30:00,2025-07-24 09:30:00,197.02999877929688,192.592704678457,,197.02999877929688,stop,-0.0007,-0.1486119062294087,0.004710255172418194
GOOGL,LONG,2025-08-01 09:30:00,2025-08-01 09:30:00,189.02000427246094,189.11416184194678,,189.02000427246094,stop,-0.0007,-0.1486119062294087,0.004710255172418194
GOOGL,SHORT,2025-07-29 11:30:00,2025-07-29 12:30:00,194.14999389648438,195.06602912493014,192.77594105381573,195.06602912493014,stop,-0.005418183143153532,-1.1483621934039787,0.004718183143153587
GOOGL,LONG,2025-07-31 14:30:00,2025-07-31 15:30:00,192.24789428710938,191.12019651991892,193.93944093789506,191.12019651991892,stop,-0.006565852374467684,-1.1193347454577756,0.005865852374467693
GOOGL,LONG,2025-08-13 14:30:00,2025-08-13 14:30:00,200.89500427246094,200.33457615204748,201.73564645308113,200.33457615204748,stop,-0.003489656828167786,-1.2509269215238141,0.0027896568281677615
GOOGL,SHORT,2025-08-14 09:30:00,2025-08-15 09:30:00,202.7100067138672,204.57069276098147,199.91897764319577,204.57069276098147,stop,-0.009879053749135856,-1.0762605840570285,0.009179053749135895
GOOGL,LONG,2025-08-15 13:30:00,2025-08-18 13:30:00,201.91000366210938,197.43746606423215,208.6188100589252,203.0449981689453,zaman,0.00492128912015325,0.2221686196096052,0.022151144157086366
GOOGL,LONG,2025-08-26 09:30:00,2025-08-26 11:30:00,206.1199951171875,205.20797613670527,207.48802358791085,207.48802358791085,hedef,0.00643704882170979,1.4547991874010904,0.004424699214473156
GOOGL,LONG,2025-08-27 11:30:00,2025-08-27 12:30:00,206.44000244140625,205.70128568597946,207.54807757454643,207.54807757454643,hedef,0.005167540786842762,1.444108482466396,0.003578360524561914
NFLX,SHORT,2025-06-30 09:30:00,2025-06-30 09:30:00,133.10000610351562,133.17646836340813,132.98531271367688,133.17646836340813,stop,-0.0012744722493328248,-2.218509685738178,0.0005744722493328949
NFLX,LONG,2025-07-01 10:30:00,2025-07-01 10:30:00,131.86500549316406,131.51966602033073,132.38301470241407,131.51966602033073,stop,-0.003318886425111766,-1.2672891780597835,0.002618886425111728
NFLX,LONG,2025-07-10 09:30:00,2025-07-10 09:30:00,127.2030029296875,125.95523547939425,129.07465410512737,125.95523547939425,stop,-0.010509260957329479,-1.07136113546627,0.009809260957329495
NFLX,LONG,2025-07-10 09:30:00,2025-07-10 09:30:00,126.96400451660156,126.4882326107419,127.67766237539105,126.4882326107419,stop,-0.004447297572025188,-1.1868012845378764,0.003747297572025213
NFLX,LONG,2025-07-10 14:30:00,2025-07-11 09:30:00,125.09599304199219,124.54550025316097,125.92173222523903,124.54550025316097,stop,-0.005100562923277951,-1.1590705580636564,0.0044005629232779
NFLX,LONG,2025-07-18 09:30:00,2025-07-18 09:30:00,123.53900146484375,123.08667471023841,124.21749159675176,123.08667471023841,stop,-0.00436140853691499,-1.1911832544613423,0.003661408536915032
NFLX,LONG,2025-07-16 10:30:00,2025-07-17 10:30:00,125.73649597167969,124.27626922186585,127.92683609640045,126.0270004272461,zaman,0.001610422708390325,0.13866949664635034,0.011613388288971696
NFLX,SHORT,2025-07-17 12:30:00,2025-07-17 13:30:00,126.59100341796875,127.14609233326513,125.75837004502418,127.14609233326513,stop,-0.005084900192817343,-1.159638753271223,0.0043849001928172515
NFLX,LONG,2025-07-18 09:30:00,2025-07-18 09:30:00,124.3499984741211,124.43671133133216,,124.3499984741211,stop,-0.0007,-0.1401870692653273,0.004993327870169921
NFLX,LONG,2025-07-22 11:30:00,2025-07-22 12:30:00,120.5999984741211,119.7423235787922,121.88651081711444,119.7423235787922,stop,-0.007811732223719192,-1.0984289028297902,0.007111732223719242
NFLX,SHORT,2025-07-24 14:30:00,2025-07-24 14:30:00,117.8425064086914,118.16253406169561,117.36246492918511,118.16253406169561,stop,-0.0034157234070898096,-1.2577582084289807,0.0027157234070897167
NFLX,SHORT,2025-07-30 15:30:00,2025-07-31 09:30:00,118.46500396728516,118.76428346268374,118.0160847241873,118.76428346268374,stop,-0.003226311445371965,-1.2770838097901365,0.002526311445371894
NFLX,SHORT,2025-07-31 09:30:00,2025-07-31 15:30:00,118.5,119.81225599903188,116.53161600145219,116.53161600145219,hedef,0.016410835430783234,1.4819394995965072,0.01107389028718883
NFLX,LONG,2025-08-01 13:30:00,2025-08-04 09:30:00,115.843994140625,115.26579583931937,116.71129159258345,116.76499938964844,hedef,0.007750392731671752,1.55281751635713,0.0049911806442356306
NFLX,SHORT,2025-08-04 09:30:00,2025-08-05 09:30:00,117.06400299072266,117.89151150331959,115.82274022182725,116.76600646972656,zaman,0.001845586289405377,0.2610870046817545,0.007068855424861182
NFLX,LONG,2025-08-05 11:30:00,2025-08-05 12:30:00,115.68000793457031,115.43223511083971,116.05166717016621,116.05166717016621,hedef,0.0030128216641038597,1.406624135615151,0.002141881109402605
NFLX,SHORT,2025-08-06 11:30:00,2025-08-06 12:30:00,116.98100280761719,117.74187159586947,115.83969962523877,117.74187159586947,stop,-0.007204208119189947,-1.1076226324823104,0.0065042081191899115
NFLX,SHORT,2025-08-08 09:30:00,2025-08-08 09:30:00,118.3895034790039,119.16101254283888,117.23223988325145,119.16101254283888,stop,-0.00721670157542128,-1.1074163043832086,0.006516701575421292
NFLX,LONG,2025-08-12 09:30:00,2025-08-12 11:30:00,121.05450439453125,120.26109453116118,122.24461918958636,122.24461918958636,hedef,0.009631230989772787,1.4694850013887197,0.0065541539931819
NFLX,SHORT,2025-08-15 09:30:00,2025-08-15 09:30:00,124.0510025024414,124.45538122060151,123.44443442520125,124.45538122060151,stop,-0.003959777913944273,-1.2147385553493188,0.0032597779139442655
NFLX,SHORT,2025-08-15 13:30:00,2025-08-18 09:30:00,124.20350646972656,124.74200426782456,123.39575977257957,124.74200426782456,stop,-0.005035608658755819,-1.1614536862283986,0.004335608658755913
NFLX,LONG,2025-08-19 09:30:00,2025-08-19 09:30:00,123.031005859375,122.74823634782855,123.45516012669466,122.74823634782855,stop,-0.0029983597473766882,-1.3045650276459213,0.002298359747376647
NFLX,LONG,2025-08-21 12:30:00,2025-08-21 14:30:00,119.9260025024414,119.28414718790427,120.88878547424711,120.88878547424711,hedef,0.007828141951834877,1.4626314529812858,0.005352094634556609
NFLX,SHORT,2025-08-25 09:30:00,2025-08-25 09:30:00,120.9000015258789,121.40120256557279,120.14819996633808,121.40120256557279,stop,-0.0048455834025494466,-1.168854400461358,0.00414558340254941
NFLX,SHORT,2025-08-27 10:30:00,2025-08-27 11:30:00,122.55073547363281,123.18853647070503,121.59403397802448,121.59403397802448,hedef,0.0076065749006799304,1.4615708548477666,0.005204383267119959
NFLX,LONG,2025-08-27 09:30:00,2025-08-27 10:30:00,121.80699157714844,121.18470888458516,122.74041561599336,122.74041561599336,hedef,0.007463140077256659,1.4608515573282574,0.005108760051504446
AVGO,LONG,2025-07-01 10:30:00,2025-07-01 11:30:00,264.2699890136719,263.28716529087427,265.7442245978683,266.0899963378906,hedef,0.006686923978812521,1.7980369067464586,0.003719013749785863
AVGO,LONG,2025-07-01 09:30:00,2025-07-01 10:30:00,268.2225036621094,266.75689838472607,270.42091157818436,266.75689838472607,stop,-0.006164139874071017,-1.1281079943289256,0.0054641398740710645
AVGO,SHORT,2025-07-03 09:30:00,2025-07-07 13:30:00,275.67999267578125,277.83275289039494,272.4508523538607,273.3800048828125,zaman,0.007642962326155057,0.9787489492757073,0.007808909865814919
AVGO,SHORT,2025-07-09 09:30:00,2025-07-09 09:30:00,276.5,277.669887108099,274.7451693378515,277.669887108099,stop,-0.004931056448820825,-1.1654433138548674,0.00423105644882089
AVGO,LONG,2025-07-14 09:30:00,2025-07-14 09:30:00,271.79998779296875,271.04691774934054,272.92959285841107,271.04691774934054,stop,-0.003470677253311149,-1.2526458103929332,0.0027706772533111
AVGO,SHORT,2025-07-11 11:30:00,2025-07-14 09:30:00,276.45001220703125,279.5631707030441,271.780274463012,271.780274463012,hedef,0.016691797930260634,1.4822399012089473,0.011261198620173723
AVGO,LONG,2025-07-11 13:30:00,2025-07-14 09:30:00,273.82000732421875,271.77575547915836,276.8863850918093,271.77575547915836,stop,-0.008165677417208826,-1.093762422467707,0.0074656774172088694
AVGO,LONG,2025-07-23 09:30:00,2025-07-23 11:30:00,273.79998779296875,269.453134088574,280.3202683495608,280.3202683495608,hedef,0.023614027930206817,1.4874023831298289,0.015876018620138013
AVGO,LONG,2025-07-22 09:30:00,2025-07-22 10:30:00,277.45001220703125,275.5643702946888,280.278475075545,280.278475075545,hedef,0.009994495383201385,1.4705723541261226,0.006796330255467466
AVGO,LONG,2025-07-22 09:30:00,2025-07-22 09:30:00,282.3399963378906,280.8943568669544,284.508455544295,280.8943568669544,stop,-0.00582020786883538,-1.1367131995286046,0.00512020786883536
AVGO,SHORT,2025-07-24 09:30:00,2025-07-24 09:30:00,289.7099914550781,290.67956023929605,288.25563827875123,290.67956023929605,stop,-0.004046687421266426,-1.2091620494796782,0.003346687421266471
AVGO,SHORT,2025-07-30 09:30:00,2025-07-30 13:30:00,299.2749938964844,302.31908167594014,294.70886222730076,302.31908167594014,stop,-0.010871540695139702,-1.0688194660947015,0.010171540695139663
AVGO,SHORT,2025-08-07 09:30:00,2025-08-07 09:30:00,306.1700134277344,307.0896129929014,304.79061407998387,307.0896129929014,stop,-0.003703558561700981,-1.2330568842325014,0.003003558561701075
AVGO,SHORT,2025-08-06 10:30:00,2025-08-06 13:30:00,297.8800048828125,301.3613133847613,292.65804212988934,301.3613133847613,stop,-0.01238694925769964,-1.0598958705616643,0.01168694925769972
AVGO,LONG,2025-08-05 15:30:00,2025-08-06 09:30:00,293.1000061035156,291.31315739550996,295.7802791655241,295.7802791655241,hedef,0.00894456842782152,1.4671936404251469,0.006096378951880995
AVGO,SHORT,2025-08-06 10:30:00,2025-08-06 10:30:00,295.6400146484375,297.16130117773,293.3580848544987,297.16130117773,stop,-0.005845739595167953,-1.1360348667191063,0.005145739595168041
AVGO,SHORT,2025-08-11 09:30:00,2025-08-11 15:30:00,307.9700012207031,310.47939344906536,304.2059128781598,304.2059128781598,hedef,0.012022256478304993,1.475454614249622,0.008148170985536685
AVGO,LONG,2025-08-11 14:30:00,2025-08-12 11:30:00,304.4150085449219,301.14669934740385,309.31747234119894,309.31747234119894,hedef,0.0159045403763449,1.4813717130083104,0.010736360250896514
AVGO,LONG,2025-08-15 09:30:00,2025-08-15 09:30:00,306.2900085449219,304.607023323188,308.8144863775227,304.607023323188,stop,-0.006194744114341699,-1.1273944674098595,0.00549474411434168
AVGO,SHORT,2025-08-14 13:30:00,2025-08-15 09:30:00,311.8599853515625,314.32323199032845,308.16511539341354,308.16511539341354,hedef,0.01164784881581935,1.4746789476584699,0.007898565877212854
AVGO,LONG,2025-08-18 09:30:00,2025-08-18 09:30:00,301.5199890136719,299.60388569139957,304.39414399708033,299.60388569139957,stop,-0.00705481358479828,-1.1101527197704941,0.006354813584798267
AVGO,LONG,2025-08-19 09:30:00,2025-08-19 09:30:00,300.82000732421875,298.85588629778715,303.76618886386615,298.85588629778715,stop,-0.007229223384782013,-1.1072103003293587,0.006529223384782057
AVGO,SHORT,2025-08-25 11:30:00,2025-08-25 15:30:00,298.32501220703125,300.2475242263657,295.44124417802954,295.44124417802954,hedef,0.009466531169034042,1.4689650822250533,0.00644435411268933
AVGO,SHORT,2025-08-27 12:30:00,2025-08-27 12:30:00,298.07000732421875,300.3780431251824,294.60795362277327,300.3780431251824,stop,-0.00844326750176213,-1.0904011129462658,0.007743267501762177
AAPL,LONG,2025-09-02 09:30:00,2025-09-02 09:30:00,229.6999969482422,229.28099261210647,230.32850345244577,229.28099261210647,stop,-0.002524137316946195,-1.3837430403385893,0.001824137316946188
AAPL,SHORT,2025-08-29 10:30:00,2025-08-29 11:30:00,233.00999450683594,233.46625070840648,232.32561020448014,232.32561020448014,hedef,0.0027371456954209173,1.3978600208809067,0.0019580971302806246
AAPL,LONG,2025-09-10 09:30:00,2025-09-10 11:30:00,228.39999389648438,226.892675552578,230.66097141234394,226.892675552578,stop,-0.0072994675314637875,-1.106069163407905,0.006599467531463792
AAPL,SHORT,2025-09-04 14:30:00,2025-09-05 09:30:00,238.49000549316406,239.97036572578065,236.26946514423918,239.99000549316406,stop,-0.006989571744938272,-1.1260387621321135,0.00620722126093046
AAPL,LONG,2025-09-08 12:30:00,2025-09-08 12:30:00,237.14999389648438,236.67097424988884,237.86852336637767,236.67097424988884,stop,-0.0027199015767405904,-1.3465515389762424,0.0020199015767405977
AAPL,SHORT,2025-09-16 09:30:00,2025-09-17 09:30:00,239.99000549316406,241.38922808965017,237.89117159843488,239.6300048828125,zaman,0.0008000650115065684,0.137224489504773,0.0058303369492858645
AAPL,SHORT,2025-09-16 09:30:00,2025-09-16 09:30:00,239.92999267578125,240.2192146619158,239.4961596965794,240.2192146619158,stop,-0.0019054432332908594,-1.580699265355679,0.0012054432332908743
AAPL,SHORT,2025-09-15 09:30:00,2025-09-15 10:30:00,237.75999450683594,238.8517730001535,236.12232676685957,236.12232676685957,hedef,0.006687902834003757,1.456445378625399,0.004591935222669205
AAPL,SHORT,2025-09-16 09:30:00,2025-09-16 09:30:00,237.0,238.25922320683767,235.11116518974347,238.25922320683767,stop,-0.006013178087922754,-1.1317478895712605,0.005313178087922677
AAPL,SHORT,2025-09-18 09:30:00,2025-09-18 10:30:00,239.9499969482422,241.28478534680218,237.9478143504022,237.56500244140625,hedef,0.009739547977366292,1.7508426878503924,0.005562777310007263
AAPL,SHORT,2025-09-18 09:30:00,2025-09-18 09:30:00,239.9499969482422,240.16479022961468,239.62780702618346,240.16479022961468,stop,-0.0015951585084571169,-1.7819844121309831,0.0008951585084571807
AAPL,SHORT,2025-09-25 14:30:00,2025-09-26 09:30:00,256.6173095703125,257.4174183246799,255.41714643876142,254.0,hedef,0.009999271337911652,3.2070466600846648,0.0031179064097706876
AAPL,SHORT,2025-10-01 09:30:00,2025-10-01 09:30:00,256.56500244140625,257.4275192494774,255.27122722929948,257.4275192494774,stop,-0.004061786681206347,-1.208222610885259,0.0033617866812062844
AAPL,LONG,2025-09-30 12:30:00,2025-09-30 15:30:00,253.47000122070312,252.93893067216678,254.26660704350763,254.26660704350763,hedef,0.0029428011952818745,1.4045437552809996,0.00209520079685458
AAPL,SHORT,2025-09-30 15:30:00,2025-10-01 09:30:00,255.0,255.98646594880623,253.52030107679064,255.98646594880623,stop,-0.00456849391688715,-1.1809489726594293,0.0038684939168871658
AAPL,SHORT,2025-10-02 10:30:00,2025-10-03 09:30:00,256.2300109863281,258.8642353189382,252.278674487413,258.8642353189382,stop,-0.0109807017900437,-1.0680887369651995,0.010280701790043754
AAPL,LONG,2025-10-03 09:30:00,2025-10-03 09:30:00,254.6649932861328,254.08352597291736,255.537194255956,254.08352597291736,stop,-0.0029832636151217668,-1.3065787039937011,0.0022832636151217636
AAPL,SHORT,2025-10-03 10:30:00,2025-10-03 10:30:00,257.8599853515625,258.2598557542044,257.26017974759964,258.2598557542044,stop,-0.0022507268492889193,-1.451401225380871,0.001550726849288895
AAPL,SHORT,2025-10-06 09:30:00,2025-10-06 10:30:00,258.5487060546875,259.30963633627096,257.4073106323123,257.4073106323123,hedef,0.0042146243846749925,1.4320440486304147,0.0029430829231166427
AAPL,LONG,2025-10-09 09:30:00,2025-10-09 09:30:00,256.1802062988281,255.4472890984452,257.27958209940255,255.4472890984452,stop,-0.0035609439073056243,-1.244674492992508,0.0028609439073056177
AAPL,SHORT,2025-10-08 09:30:00,2025-10-08 09:30:00,256.82000732421875,257.45735249068224,255.86398957452352,257.45735249068224,stop,-0.0031816803531155785,-1.2820669467448988,0.00248168035311549
AAPL,LONG,2025-10-09 09:30:00,2025-10-09 09:30:00,255.86000061035156,255.37728177422645,256.58407886453926,255.37728177422645,stop,-0.0025866522120440933,-1.3710275775955663,0.0018866522120440667
AAPL,SHORT,2025-10-20 09:30:00,2025-10-20 09:30:00,258.20001220703125,258.608764027424,257.58688447644215,258.608764027424,stop,-0.0022830821110303096,-1.4421754216807252,0.001583082111030282
AAPL,SHORT,2025-10-20 09:30:00,2025-10-20 09:30:00,255.88499450683594,256.3816827285959,255.13996217419603,256.3816827285959,stop,-0.002641060368612968,-1.36062762978379,0.001941060368612862
AAPL,SHORT,2025-10-15 09:30:00,2025-10-15 09:30:00,249.3800048828125,249.7684934768222,248.79727199179797,249.7684934768222,stop,-0.002257817733591982,-1.4493465345178964,0.0015578177335919263
AAPL,LONG,2025-10-16 09:30:00,2025-10-16 10:30:00,246.21400451660156,244.61482754707546,248.61276997089072,248.61276997089072,hedef,0.009542603630523483,1.4692074099104284,0.006495069087015601
AAPL,LONG,2025-10-15 12:30:00,2025-10-15 13:30:00,247.49000549316406,246.6440795285197,248.75889444013058,248.75889444013058,hedef,0.004927031067125421,1.4414866038312504,0.003418020711417038
AAPL,SHORT,2025-10-17 12:30:00,2025-10-17 13:30:00,250.8699951171875,251.91470799067537,249.3029258069557,251.91470799067537,stop,-0.0048643596038651865,-1.1680930723058383,0.004164359603865167
AAPL,SHORT,2025-10-24 11:30:00,2025-10-27 09:30:00,263.489990234375,264.45928445142573,262.0360489087989,264.8800048828125,stop,-0.005975398307165613,-1.6243340916570892,0.0036786756726073016
AAPL,SHORT,2025-10-24 11:30:00,2025-10-27 09:30:00,263.6619873046875,265.3742929963476,261.0935287671973,265.3742929963476,stop,-0.007194321419497462,-1.107786472948261,0.0064943214194974844
MSFT,SHORT,2025-08-29 10:30:00,2025-09-02 09:30:00,507.2300109863281,510.3514197397985,502.54789785612263,500.0,hedef,0.014053910119137236,2.2837652954632706,0.006153832947306587
MSFT,SHORT,2025-09-05 09:30:00,2025-09-05 09:30:00,509.7200012207031,510.9690440953636,507.84643690871246,510.9690440953636,stop,-0.0031504490144965364,-1.285661932102587,0.0024504490144965667
MSFT,LONG,2025-08-29 15:30:00,2025-09-02 09:30:00,505.9549865722656,504.38926265484906,508.30357244839047,500.0,stop,-0.01246979519978516,-4.02954505113282,0.0030945913351383284
MSFT,LONG,2025-09-05 09:30:00,2025-09-05 10:30:00,500.0,496.70093881479266,504.948591777811,496.70093881479266,stop,-0.007298122370414683,-1.106090787757854,0.006598122370414672
MSFT,SHORT,2025-09-03 15:30:00,2025-09-04 10:30:00,505.2149963378906,507.9098782379208,501.1726734878454,507.9098782379208,stop,-0.006034128874962874,-1.1312304251375918,0.0053341288749628015
MSFT,LONG,2025-09-05 09:30:00,2025-09-05 09:30:00,503.20001220703125,502.21094858041766,504.6836076469516,502.21094858041766,stop,-0.0026655476999603795,-1.356134832044043,0.00196554769996042
MSFT,SHORT,2025-09-10 09:30:00,2025-09-10 09:30:00,502.9800109863281,502.35945938057074,,502.9800109863281,stop,-0.0007,-0.20967485067251604,0.0033385024372489286
MSFT,LONG,2025-09-11 09:30:00,2025-09-11 10:30:00,498.1499938964844,496.6159238644603,500.4510989445205,502.25,hedef,0.008030465028104871,2.607688059363351,0.0030795343788418673
MSFT,LONG,2025-09-16 15:30:00,2025-09-17 09:30:00,508.75,506.87654093279224,511.56018860081167,506.87654093279224,stop,-0.00438247482497841,-1.1900895547885015,0.003682474824978401
MSFT,LONG,2025-09-17 14:30:00,2025-09-17 15:30:00,507.1099853515625,505.8163287184292,509.05047030126246,510.8399963378906,hedef,0.00715542800195943,2.8049088887436526,0.002551037586523682
MSFT,LONG,2025-09-18 11:30:00,2025-09-19 09:30:00,508.4800109863281,506.4024627531216,511.59633333613795,511.59633333613795,hedef,0.005928701782720736,1.4510499922110933,0.004085801188480521
MSFT,SHORT,2025-09-19 09:30:00,2025-09-19 09:30:00,511.7650146484375,513.1895199334276,509.6282567209523,513.1895199334276,stop,-0.0034835143947241293,-1.2514806466698392,0.0027835143947241054
MSFT,SHORT,2025-09-19 15:30:00,2025-09-19 15:30:00,513.1099853515625,514.9982707240866,510.2775572927763,514.9982707240866,stop,-0.004380079176846096,-1.1902132987801108,0.0036800791768461876
MSFT,LONG,2025-09-25 09:30:00,2025-09-25 09:30:00,508.0,506.80701129576795,509.7894830563481,506.80701129576795,stop,-0.0030484029610867375,-1.298074909459364,0.002348402961086713
MSFT,LONG,2025-09-26 10:30:00,2025-09-29 09:30:00,507.9849853515625,504.91764145295696,512.5860011994708,512.5860011994708,hedef,0.00885738551450308,1.4668778590113378,0.006038257009668737
MSFT,LONG,2025-10-01 09:30:00,2025-10-01 12:30:00,512.75,509.53920128505064,517.5661980724241,517.5661980724241,hedef,0.009192877761919216,1.4680609066141403,0.006261918507946099
MSFT,SHORT,2025-10-03 10:30:00,2025-10-06 09:30:00,519.5999755859375,521.7472013795972,516.379136895448,521.7472013795972,stop,-0.004832459381350762,-1.1693906546690125,0.00413245938135067
MSFT,LONG,2025-10-10 11:30:00,2025-10-10 12:30:00,515.6099853515625,514.874325836505,516.7134746241487,514.874325836505,stop,-0.002126775151679549,-1.4906168986584538,0.0014267751516795722
MSFT,LONG,2025-10-10 10:30:00,2025-10-10 11:30:00,517.719970703125,516.5608098570565,519.4587119722278,516.5608098570565,stop,-0.002938972633206049,-1.3126433926071241,0.0022389726332060146
MSFT,LONG,2025-10-09 09:30:00,2025-10-09 09:30:00,522.3200073242188,521.3515643995108,523.7726717112806,521.3515643995108,stop,-0.0025541179949608245,-1.3775380002256867,0.0018541179949608465
MSFT,LONG,2025-10-10 10:30:00,2025-10-10 10:30:00,518.8099975585938,517.6158025328377,520.6012900972278,517.6158025328377,stop,-0.0030017964792035884,-1.304110292254048,0.002301796479203633
MSFT,SHORT,2025-10-22 09:30:00,2025-10-22 09:30:00,522.1124877929688,523.5318080029516,519.9835074779944,523.5318080029516,stop,-0.00341841843121301,-1.2575026684496515,0.002718418431212958
MSFT,LONG,2025-10-14 09:30:00,2025-10-14 09:30:00,509.8500061035156,509.4999472869457,510.3750943283705,509.4999472869457,stop,-0.0013865917669496292,-2.019528683121061,0.0006865917669496699
MSFT,SHORT,2025-10-14 12:30:00,2025-10-14 14:30:00,514.1483154296875,515.0950068713607,512.7282782671776,515.0950068713607,stop,-0.0025412808391330416,-1.3801701430453865,0.0018412808391330866
MSFT,LONG,2025-10-16 13:30:00,2025-10-17 13:30:00,509.8500061035156,505.8575058939562,515.8387564178547,514.97998046875,zaman,0.009361732477831598,1.195511361410461,0.007830734847042066
MSFT,LONG,2025-10-15 12:30:00,2025-10-15 12:30:00,513.4600219726562,510.74508087302075,517.5324336221095,510.74508087302075,stop,-0.005987541353667602,-1.1323866714563768,0.005287541353667603
MSFT,SHORT,2025-10-16 10:30:00,2025-10-16 11:30:00,515.9500122070312,517.3213404562492,513.8930198332043,513.8930198332043,hedef,0.0037868055531734336,1.424751785358224,0.0026578703687823915
MSFT,SHORT,2025-10-17 13:30:00,2025-10-20 10:30:00,514.969970703125,517.0087981116768,511.9117295902973,517.0087981116768,stop,-0.004659119025460867,-1.176807010725932,0.003959119025460951
MSFT,SHORT,2025-10-21 14:30:00,2025-10-22 09:30:00,517.280029296875,518.8289065009268,514.9567134907973,521.1500244140625,stop,-0.008181431522589287,-2.73236065882073,0.002994272185912801
MSFT,SHORT,2025-10-23 11:30:00,2025-10-23 15:30:00,523.510009765625,525.3544331677559,520.7433746624286,520.7433746624286,hedef,0.005084779758910619,1.4432332067397993,0.003523186505940307
MSFT,SHORT,2025-10-24 09:30:00,2025-10-24 09:30:00,523.1699829101562,524.0719046557572,521.8171002917549,524.0719046557572,stop,-0.0024239554543706516,-1.4060429741530849,0.001723955454370586
NVDA,LONG,2025-09-05 09:30:00,2025-09-05 09:30:00,167.93499755859375,167.1513533112748,169.11046392957218,167.1513533112748,stop,-0.005366354593809707,-1.1500100315841069,0.004666354593809676
NVDA,SHORT,2025-09-04 09:30:00,2025-09-05 09:30:00,171.52499389648438,172.4917857381397,170.0748061340014,168.02999877929688,hedef,0.02017601073635209,3.579560738206965,0.005636448774566245
NVDA,LONG,2025-09-05 09:30:00,2025-09-05 09:30:00,168.02999877929688,168.8062605378373,,168.02999877929688,stop,-0.0007,-0.11327340969537296,0.006179738050461404
NVDA,SHORT,2025-09-08 09:30:00,2025-09-08 14:30:00,170.8614959716797,171.93780972831584,169.24702533672547,169.24702533672547,hedef,0.009249002104147674,1.4682506156000963,0.006299334736098487
NVDA,SHORT,2025-09-11 09:30:00,2025-09-11 09:30:00,179.69000244140625,179.37393409102285,,179.69000244140625,stop,-0.0007,-0.11327340969537296,0.006179738050461404
NVDA,LONG,2025-09-15 09:30:00,2025-09-15 09:30:00,175.66000366210938,176.38982741103814,,175.66000366210938,stop,-0.0007,-0.11327340969537296,0.006179738050461404
NVDA,SHORT,2025-09-15 12:30:00,2025-09-15 13:30:00,178.11000061035156,178.66101145133237,177.28348434888034,177.2718963623047,hedef,0.004505542895821924,1.456381958831112,0.0030936547026702114
NVDA,LONG,2025-09-16 11:30:00,2025-09-16 15:30:00,175.48899841308594,174.44076766810764,177.06134453055338,174.44076766810764,stop,-0.006673199200276058,-1.1171901315408344,0.005973199200276095
NVDA,SHORT,2025-09-19 09:30:00,2025-09-19 11:30:00,177.77999877929688,178.9329883563447,176.05051441372512,176.05051441372512,hedef,0.009528228020289275,1.469161907042647,0.00648548534685952
NVDA,LONG,2025-09-19 12:30:00,2025-09-22 11:30:00,176.05999755859375,174.12639511346217,178.96040122629114,178.96040122629114,hedef,0.0162739504028002,1.4817894316381564,0.010982633601866715
NVDA,LONG,2025-09-25 09:30:00,2025-09-25 09:30:00,174.0,174.62479289993968,,174.0,stop,-0.0007,-0.11327340969537296,0.006179738050461404
NVDA,SHORT,2025-09-29 09:30:00,2025-09-30 09:30:00,182.9949951171875,184.6304170546543,180.54186221098732,184.6304170546543,stop,-0.009636976316863187,-1.07832626776455,0.008936976316863124
NVDA,SHORT,2025-09-29 09:30:00,2025-09-29 09:30:00,181.5,180.3404085097324,,181.5,stop,-0.0007,-0.11327340969537296,0.006179738050461404
NVDA,SHORT,2025-09-26 13:30:00,2025-09-29 09:30:00,177.67999267578125,178.73068937726478,176.10394762355594,181.5,stop,-0.022199366736182023,-3.7540646254266643,0.005913421571334558
NVDA,SHORT,2025-10-01 10:30:00,2025-10-01 10:30:00,186.73500061035156,187.43880412917488,185.67929533211657,187.43880412917488,stop,-0.004468996259527757,-1.1857258409929428,0.0037689962595277167
NVDA,LONG,2025-10-03 13:30:00,2025-10-06 09:30:00,185.88999938964844,183.82845726269423,188.98231258007974,183.82845726269423,stop,-0.011790118530975745,-1.063119253238353,0.011090118530975735
NVDA,LONG,2025-10-03 12:30:00,2025-10-03 13:30:00,187.1699981689453,186.28969269074778,188.4904563862416,186.28969269074778,stop,-0.005403240299243516,-1.14883356058004,0.004703240299243564
NVDA,SHORT,2025-10-09 09:30:00,2025-10-09 09:30:00,191.97869873046875,191.12107180821923,,191.97869873046875,stop,-0.0007,-0.11327340969537296,0.006179738050461404
NVDA,SHORT,2025-10-09 09:30:00,2025-10-09 09:30:00,191.97869873046875,190.43106936681298,,191.97869873046875,stop,-0.0007,-0.11327340969537296,0.006179738050461404
NVDA,LONG,2025-10-06 13:30:00,2025-10-07 09:30:00,185.5,183.25011762088047,188.8748235686793,188.8748235686793,hedef,0.017993118968621526,1.4835102490937702,0.012128745979081005
NVDA,SHORT,2025-10-08 09:30:00,2025-10-08 09:30:00,188.02000427246094,189.13553859756226,186.34670278480894,189.13553859756226,stop,-0.006633061906991499,-1.1179829253382796,0.005933061906991527
NVDA,LONG,2025-10-10 15:30:00,2025-10-10 15:30:00,185.24000549316406,184.29966529061144,186.65051579699298,184.29966529061144,stop,-0.005776334348237288,-1.137894778393198,0.005076334348237323
NVDA,LONG,2025-10-10 15:30:00,2025-10-10 15:30:00,184.9600067138672,184.4046610181505,185.7930252574422,184.4046610181505,stop,-0.0037025177095489576,-1.2331376756825678,0.0030025177095489644
NVDA,LONG,2025-10-14 13:30:00,2025-10-15 09:30:00,181.5500030517578,179.58008600311933,184.50487862471553,184.83999633789062,hedef,0.017921692265655743,1.6516854289734026,0.010850548143901038
NVDA,SHORT,2025-10-17 09:30:00,2025-10-17 09:30:00,182.4199981689453,183.38904815534488,180.96642318934596,183.38904815534488,stop,-0.006012191624418761,-1.1317723548943928,0.005312191624418823
NVDA,LONG,2025-10-17 11:30:00,2025-10-17 12:30:00,180.33999633789062,179.65366073339288,181.36949974463724,182.6199951171875,hedef,0.012442779336786702,3.269436650705882,0.0038057869492899537
NVDA,SHORT,2025-10-23 09:30:00,2025-10-24 09:30:00,181.3350067138672,183.52395654918132,178.051581960896,183.8350067138672,stop,-0.014486637480013963,-1.2000889478231025,0.012071303136564963
AMD,LONG,2025-09-02 09:30:00,2025-09-02 09:30:00,158.05499267578125,158.17399931064853,,158.05499267578125,stop,-0.0007,-0.09087315916007736,0.007703044622526184
AMD,LONG,2025-08-29 09:30:00,2025-09-02 09:30:00,163.88999938964844,161.6588257123506,167.2367599055952,158.05499267578125,stop,-0.03630318955151409,-2.666636745484376,0.013613848835237538
AMD,LONG,2025-08-29 09:30:00,2025-08-29 09:30:00,165.7899932861328,164.5788238812959,167.60674739338816,164.5788238812959,stop,-0.008005443355357321,-1.0958189621012804,0.0073054433553572905
AMD,SHORT,2025-08-28 14:30:00,2025-08-29 09:30:00,168.60000610351562,171.06650440560216,164.9002586503858,164.9002586503858,hedef,0.021743934277548484,1.486328796094382,0.014629289518365587
AMD,SHORT,2025-09-03 15:30:00,2025-09-03 15:30:00,162.6699981689453,163.76106174141887,161.03340281023497,163.76106174141887,stop,-0.007407220659954771,-1.104365136542965,0.006707220659954794
AMD,SHORT,2025-09-10 09:30:00,2025-09-10 10:30:00,163.6199951171875,164.82892882036455,161.80659456242194,161.27499389648438,hedef,0.014131996642730548,1.9126584159272473,0.007388667273282787
AMD,LONG,2025-09-05 09:30:00,2025-09-05 09:30:00,157.1199951171875,157.71118236693647,,157.1199951171875,stop,-0.0007,-0.09087315916007736,0.007703044622526184
AMD,LONG,2025-09-18 09:30:00,2025-09-18 10:30:00,150.82000732421875,149.13066481302525,153.354021091009,154.64500427246094,hedef,0.025161336444040595,2.246337212041345,0.011201050451893369
AMD,LONG,2025-09-18 09:30:00,2025-09-18 09:30:00,150.82000732421875,154.9006690854862,,150.82000732421875,stop,-0.0007,-0.09087315916007736,0.007703044622526184
AMD,LONG,2025-09-18 09:30:00,2025-09-18 09:30:00,150.82000732421875,154.83066176126744,,150.82000732421875,stop,-0.0007,-0.09087315916007736,0.007703044622526184
AMD,LONG,2025-09-17 12:30:00,2025-09-17 13:30:00,158.41000366210938,157.52652971069728,159.73521458922752,157.52652971069728,stop,-0.006277134846209364,-1.1255124753664145,0.005577134846209342
AMD,LONG,2025-09-17 10:30:00,2025-09-17 10:30:00,159.99000549316406,159.14686229363346,161.25472029245998,159.14686229363346,stop,-0.005969974189522908,-1.1328279750196237,0.005269974189522898
AMD,SHORT,2025-09-22 09:30:00,2025-09-22 09:30:00,160.4510040283203,161.7144486486215,158.55583709786853,161.7144486486215,stop,-0.008574332902760627,-1.0888964193721797,0.007874332902760663
AMD,SHORT,2025-09-22 09:30:00,2025-09-22 09:30:00,158.8350067138672,159.93184061639494,157.18975586007556,159.93184061639494,stop,-0.007605492216231934,-1.1013685886655042,0.006905492216231883
AMD,LONG,2025-09-25 09:30:00,2025-09-25 09:30:00,156.77870178222656,155.81153642450752,158.2294498188051,155.81153642450752,stop,-0.006868984350071183,-1.1134708665603719,0.006168984350071228
AMD,SHORT,2025-09-24 09:30:00,2025-09-24 09:30:00,163.0,162.75924275865515,,163.0,stop,-0.0007,-0.09087315916007736,0.007703044622526184
AMD,SHORT,2025-09-24 09:30:00,2025-09-24 09:30:00,163.0,163.47623799791296,162.28564300313056,163.47623799791296,stop,-0.0036217055086685485,-1.2395860903582632,0.0029217055086684695
AMD,LONG,2025-09-24 11:30:00,2025-09-24 11:30:00,160.02000427246094,159.11471513632353,161.37793797666706,159.11471513632353,stop,-0.006357349781068688,-1.1237328479038826,0.005657349781068656
AMD,SHORT,2025-09-29 09:30:00,2025-09-30 09:30:00,163.0,165.184319828387,159.7235202574195,159.7235202574195,hedef,0.019901102715217812,1.485075445648417,0.01340073514347855
AMD,LONG,2025-09-26 10:30:00,2025-09-26 10:30:00,158.5800018310547,158.33065673375827,158.9540194769993,158.33065673375827,stop,-0.0022723615488544286,-1.445190230268618,0.001572361548854412
AMD,LONG,2025-09-26 10:30:00,2025-09-29 09:30:00,157.17999267578125,154.6804644730161,160.92928497992898,160.92928497992898,hedef,0.023653495857335317,1.4874232271112684,0.01590233057155688
AMD,SHORT,2025-10-01 09:30:00,2025-10-01 10:30:00,163.38999938964844,164.38000065145297,161.90499749694163,161.90499749694163,hedef,0.008888695135896385,1.4669919613856255,0.006059130090597565
AMD,SHORT,2025-10-15 10:30:00,2025-10-15 12:30:00,236.0749969482422,239.62019838020638,230.7571948002959,230.7571948002959,hedef,0.02232590158504664,1.486681998104835,0.015017267723364404
AMD,LONG,2025-10-13 12:30:00,2025-10-14 09:30:00,216.83999633789062,214.3723639500246,220.54144491968964,220.54144491968964,hedef,0.01686995316505733,1.4824252593373057,0.011379968776704984
AMD,SHORT,2025-10-14 09:30:00,2025-10-14 12:30:00,220.14500427246094,224.38212467165613,213.78932367366815,224.38212467165613,stop,-0.0199469523130816,-1.03636939441702,0.01924695231308156
AMD,SHORT,2025-10-20 09:30:00,2025-10-20 10:30:00,238.61000061035156,241.40905582540694,234.4114177877685,241.40905582540694,stop,-0.012430670164266099,-1.0596726350837393,0.011730670164266136
AMD,SHORT,2025-10-24 09:30:00,2025-10-24 09:30:00,243.38999938964844,243.0247337716585,,243.38999938964844,stop,-0.0007,-0.09087315916007736,0.007703044622526184
AMD,SHORT,2025-10-24 09:30:00,2025-10-24 09:30:00,243.38999938964844,240.28713916716632,,243.38999938964844,stop,-0.0007,-0.09087315916007736,0.007703044622526184
TSLA,LONG,2025-08-29 09:30:00,2025-08-29 11:30:00,338.510009765625,334.8751398599665,343.96231462411276,334.8751398599665,stop,-0.011437850582838492,-1.0651899553453208,0.010737850582838522
TSLA,LONG,2025-08-29 09:30:00,2025-08-29 09:30:00,341.92999267578125,340.1151300943415,344.6522865479409,340.1151300943415,stop,-0.00600770222067245,-1.1318838116565204,0.005307702220672397
TSLA,LONG,2025-09-02 13:30:00,2025-09-03 09:30:00,328.2300109863281,325.4213576573325,332.4429909798215,335.1000061035156,hedef,0.020730429537942664,2.422637583906986,0.008556966867702397
TSLA,SHORT,2025-09-05 09:30:00,2025-09-05 09:30:00,347.9800109863281,343.4945445490767,,347.9800109863281,stop,-0.0007,-0.08226208019414792,0.008509388509844631
TSLA,SHORT,2025-09-10 09:30:00,2025-09-10 10:30:00,350.70001220703125,356.0325627477398,342.7011863959684,356.0325627477398,stop,-0.01590544726288908,-1.0460361334920083,0.01520544726288903
TSLA,SHORT,2025-09-10 10:30:00,2025-09-10 14:30:00,354.68798828125,358.61285097292915,348.8006942437313,348.8006942437313,hedef,0.016398515405180204,1.4819260944321275,0.01106567693678685
TSLA,SHORT,2025-09-10 09:30:00,2025-09-10 09:30:00,350.70001220703125,350.9225773961773,350.36616442331217,350.9225773961773,stop,-0.0013346312557716783,-2.1030027179311643,0.0006346312557715694
TSLA,SHORT,2025-09-17 13:30:00,2025-09-17 13:30:00,421.54998779296875,423.5433866350928,418.55988952978265,423.5433866350928,stop,-0.005428736567068959,-1.1480310840055816,0.004728736567068914
TSLA,LONG,2025-09-17 13:30:00,2025-09-17 14:30:00,412.6200866699219,409.37662679264156,417.48527648584235,418.9100036621094,hedef,0.01504384584122096,1.9138183328040788,0.007860644651250201
TSLA,LONG,2025-09-18 15:30:00,2025-09-19 15:30:00,418.9100036621094,411.4566774886331,430.0899929223238,425.8699951171875,zaman,0.015914526734224367,0.894467020139177,0.017792189511635772
TSLA,SHORT,2025-09-19 09:30:00,2025-09-19 10:30:00,428.94000244140625,432.53202034363255,423.5519755880668,423.5519755880668,hedef,0.012361259902719057,1.476117045398044,0.008374173268479376
TSLA,LONG,2025-09-26 10:30:00,2025-09-26 11:30:00,423.30999755859375,418.7662082552137,430.12568151366384,430.12568151366384,hedef,0.015900928384349623,1.4813675340428605,0.010733952256232963
TSLA,SHORT,2025-09-26 13:30:00,2025-09-26 13:30:00,433.0906066894531,434.89800305381823,430.37951214290547,434.89800305381823,stop,-0.0048732522858919375,-1.1677348868570363,0.004173252285891978
TSLA,SHORT,2025-10-01 09:30:00,2025-10-01 09:30:00,446.0,451.21732169110834,438.17401746333746,451.21732169110834,stop,-0.012398030697552263,-1.059839131739191,0.011698030697552328
TSLA,LONG,2025-10-03 09:30:00,2025-10-03 09:30:00,434.79998779296875,432.81567839020784,437.7764518971101,432.81567839020784,stop,-0.0052637292053138935,-1.1533833337843291,0.004563729205313935
TSLA,LONG,2025-10-10 11:30:00,2025-10-10 12:30:00,420.92999267578125,416.2500336745404,427.9499311776425,416.2500336745404,stop,-0.011818140979907597,-1.062960165846517,0.011118140979907654
TSLA,LONG,2025-10-09 09:30:00,2025-10-10 09:30:00,431.739990234375,424.91496554821117,441.97752726362074,441.97752726362074,hedef,0.023512274194679585,1.4873483244358245,0.01580818279645299
TSLA,SHORT,2025-10-10 09:30:00,2025-10-10 09:30:00,438.2900085449219,441.6022035721676,433.3217160040533,441.6022035721676,stop,-0.008257085406171726,-1.0926283034234774,0.0075570854061717185
TSLA,LONG,2025-10-10 10:30:00,2025-10-10 10:30:00,429.4516906738281,426.4860630874934,433.90013205333025,426.4860630874934,stop,-0.007605613950853318,-1.1013668017039233,0.006905613950853323
TSLA,SHORT,2025-10-15 09:30:00,2025-10-15 12:30:00,437.6549987792969,443.44363874504484,428.97203883067493,428.97203883067493,hedef,0.019639736716912527,1.4848788315953645,0.01322649114460838
TSLA,LONG,2025-10-16 13:30:00,2025-10-17 09:30:00,423.9100036621094,417.553385612927,433.44493073588296,433.44493073588296,hedef,0.02229280977425028,1.486662404430085,0.014995206516166844
TSLA,LONG,2025-10-15 12:30:00,2025-10-15 12:30:00,429.2300109863281,426.5470437824306,433.2544617921744,426.5470437824306,stop,-0.00695065148108428,-1.1119883266757535,0.0062506514810843255
TSLA,SHORT,2025-10-17 09:30:00,2025-10-17 09:30:00,435.8900146484375,439.6666348280796,430.2250843789743,439.6666348280796,stop,-0.009364158509545494,-1.0807926123730205,0.008664158509545387
TSLA,LONG,2025-10-23 09:30:00,2025-10-23 09:30:00,420.1000061035156,421.05869554219396,,420.1000061035156,stop,-0.0007,-0.08226208019414792,0.008509388509844631
TSLA,SHORT,2025-10-23 12:30:00,2025-10-24 09:30:00,445.4800109863281,450.1371301939943,438.49433217482886,450.1371301939943,stop,-0.011154159766573933,-1.0669589919830902,0.010454159766573963
TSLA,LONG,2025-10-23 09:30:00,2025-10-23 09:30:00,420.1000061035156,428.74860643086583,,420.1000061035156,stop,-0.0007,-0.08226208019414792,0.008509388509844631
TSLA,SHORT,2025-10-27 09:30:00,2025-10-27 10:30:00,448.9949951171875,451.97675384310605,444.52235702830967,451.97675384310605,stop,-0.00734096205602549,-1.1054064146270752,0.0066409620560254025
META,SHORT,2025-09-04 09:30:00,2025-09-04 09:30:00,753.7913818359375,757.0030963698534,748.9738100350636,757.0030963698534,stop,-0.0049607472190694385,-1.1642904317034202,0.004260747219069383
META,SHORT,2025-09-04 09:30:00,2025-09-04 09:30:00,755.0,759.0831134596972,748.8753298104542,759.0831134596972,stop,-0.006108097297612269,-1.1294355410930144,0.005408097297612169
META,SHORT,2025-09-05 09:30:00,2025-09-08 09:30:00,754.0150146484375,761.3876056725944,742.9561281122021,761.3876056725944,stop,-0.01047777747250097,-1.071590911326093,0.009777777472500887
META,SHORT,2025-09-05 14:30:00,2025-09-08 09:30:00,752.614990234375,758.1629614140188,744.2930334649093,758.1629614140188,stop,-0.008071592715574415,-1.0949591257966673,0.00737159271557439
META,LONG,2025-09-11 09:30:00,2025-09-12 09:30:00,750.1799926757812,744.7889689443717,758.2665282728956,744.7889689443717,stop,-0.007886306998378521,-1.0974074723161615,0.0071863069983785265
META,SHORT,2025-09-09 09:30:00,2025-09-10 09:30:00,761.6074829101562,766.7503091889469,753.8932434919703,753.8932434919703,hedef,0.009928891313816001,1.4703817534708148,0.006752594209210634
META,SHORT,2025-09-12 12:30:00,2025-09-12 12:30:00,754.0399780273438,755.6122106715862,751.68162906098,755.6122106715862,stop,-0.0027850786298567404,-1.3357187541882016,0.0020850786298567798
META,LONG,2025-09-23 14:30:00,2025-09-23 14:30:00,753.3300170898438,751.7024281029857,755.7714005701309,751.7024281029857,stop,-0.002860525865072427,-1.3239951954828781,0.0021605258650724607
META,LONG,2025-09-22 15:30:00,2025-09-23 09:30:00,764.75,762.4822604421822,768.1516093367267,762.4822604421822,stop,-0.003665334498617578,-1.2360610583144538,0.002965334498617557
META,LONG,2025-09-19 12:30:00,2025-09-19 15:30:00,771.1199951171875,766.1088079227201,778.6367759088887,778.6367759088887,hedef,0.009547874311778037,1.4692240594816317,0.006498582874518605
META,LONG,2025-09-25 09:30:00,2025-09-25 09:30:00,753.0,750.8121585782544,756.2817621326184,750.8121585782544,stop,-0.003605499896076469,-1.2409223971906709,0.0029054998960764784
META,SHORT,2025-09-29 09:30:00,2025-09-29 10:30:00,749.5599975585938,752.1927223569132,745.6109103611145,745.6109103611145,hedef,0.005068540490877105,1.443058233960707,0.0035123603272514342
META,LONG,2025-09-29 15:30:00,2025-09-30 09:30:00,741.1300048828125,737.119188975203,747.1462287442268,737.119188975203,stop,-0.006111757561001318,-1.1293479968586118,0.0054117575610013475
META,LONG,2025-09-29 15:30:00,2025-09-29 15:30:00,741.780029296875,739.4659907330155,745.2510871426643,739.4659907330155,stop,-0.0038195751738597456,-1.224389527736191,0.0031195751738597997
META,LONG,2025-10-03 11:30:00,2025-10-06 09:30:00,715.3599853515625,709.923177882799,723.5151965547077,705.0,stop,-0.01518219856254762,-1.997631404773405,0.00760010006163763
META,SHORT,2025-10-09 11:30:00,2025-10-09 11:30:00,723.5499877929688,728.0089126054305,716.861600574276,728.0089126054305,stop,-0.006862566357112098,-1.113589040577589,0.006162566357112017
META,LONG,2025-10-14 09:30:00,2025-10-15 09:30:00,700.93359375,690.3873104135533,716.7530187546699,716.8599853515625,hedef,0.022521683970597263,1.4968500635913429,0.015046052051841272
META,LONG,2025-10-10 15:30:00,2025-10-10 15:30:00,707.9542236328125,705.4628099080802,711.6913442199109,705.4628099080802,stop,-0.00421917347416586,-1.1989103421978617,0.0035191734741658854
META,LONG,2025-10-10 10:30:00,2025-10-10 11:30:00,717.5198974609375,713.0354694437851,724.246539486666,712.9099731445312,stop,-0.007124803455234107,-1.1399866883971463,0.006249900571428411
META,LONG,2025-10-14 15:30:00,2025-10-15 09:30:00,708.0,699.0597570294232,721.4103644558652,721.4103644558652,hedef,0.01874119273427286,1.4841615042828162,0.012627461822848634
META,LONG,2025-10-16 13:30:00,2025-10-16 13:30:00,708.77001953125,704.5713884485391,715.0679661553163,704.5713884485391,stop,-0.006623827147045091,-1.1181668510279141,0.005923827147045099
META,SHORT,2025-10-16 09:30:00,2025-10-16 09:30:00,721.239990234375,724.1886516098522,716.8169981711592,724.1886516098522,stop,-0.0047883220778134,-1.1712193869946512,0.004088322077813478
META,LONG,2025-10-16 12:30:00,2025-10-16 13:30:00,712.3499755859375,709.2155205208276,717.0516581836024,709.2155205208276,stop,-0.0051001616797020305,-1.1590850634487095,0.0044001616797020495
META,SHORT,2025-10-20 09:30:00,2025-10-20 09:30:00,721.25,725.7671752980318,714.4742370529523,725.7671752980318,stop,-0.006962981349090868,-1.111767856390243,0.006262981349090906
META,SHORT,2025-10-22 09:30:00,2025-10-22 09:30:00,736.260009765625,738.7210823614794,732.5684008718434,738.7210823614794,stop,-0.004042667757600726,-1.209413573457387,0.00334266775760076
META,LONG,2025-10-22 10:30:00,2025-10-22 11:30:00,730.3101196289062,728.5606577220973,732.9343124891197,728.5606577220973,stop,-0.0030955054979902802,-1.2922138983138671,0.002395505497990248
META,SHORT,2025-10-22 15:30:00,2025-10-23 09:30:00,733.6300048828125,740.8390506800489,722.8164361869578,740.8390506800489,stop,-0.010526541648044972,-1.0712356417009905,0.00982654164804498
META,SHORT,2025-10-24 14:30:00,2025-10-24 15:30:00,740.5399780273438,742.6253200991454,737.4119649196414,737.4119649196414,hedef,0.004023962514535385,1.428976642437572,0.002815975009690321
AMZN,LONG,2025-09-02 09:30:00,2025-09-02 09:30:00,223.61500549316406,225.9654189500429,,223.61500549316406,stop,-0.0007,-0.15962545036334708,0.004385265622785255
AMZN,LONG,2025-09-02 09:30:00,2025-09-02 09:30:00,223.61500549316406,227.26542200180072,,223.61500549316406,stop,-0.0007,-0.15962545036334708,0.004385265622785255
AMZN,LONG,2025-08-29 10:30:00,2025-09-02 09:30:00,228.63999938964844,227.95666771108904,229.66499690748753,223.61500549316406,stop,-0.02267775502929733,-7.587884564327912,0.0029886794978286526
AMZN,SHORT,2025-09-04 09:30:00,2025-09-04 09:30:00,232.42999267578125,232.73939031950047,231.9658962102024,232.73939031950047,stop,-0.002031143369912802,-1.5258637167279863,0.0013311433699126952
AMZN,SHORT,2025-09-04 09:30:00,2025-09-04 09:30:00,231.18499755859375,227.2342938839536,,231.18499755859375,stop,-0.0007,-0.15962545036334708,0.004385265622785255
AMZN,SHORT,2025-09-08 10:30:00,2025-09-08 10:30:00,235.69000244140625,236.070673561668,235.11899576101362,236.070673561668,stop,-0.002315134780086347,-1.433400363010307,0.0016151347800863504
AMZN,LONG,2025-09-10 09:30:00,2025-09-10 09:30:00,233.02499389648438,231.86256751922622,234.7686334623716,231.86256751922622,stop,-0.005688419301384162,-1.1403250123352158,0.004988419301384196
AMZN,LONG,2025-09-10 09:30:00,2025-09-10 09:30:00,235.85000610351562,235.01137123016372,237.10795841354349,235.01137123016372,stop,-0.004255797547801776,-1.1968616015365623,0.0035557975478017435
AMZN,LONG,2025-09-11 15:30:00,2025-09-12 09:30:00,229.61000061035156,229.01924379673622,230.49613583077456,229.01924379673622,stop,-0.0032728705720351465,-1.272069651543456,0.002572870572035135
AMZN,LONG,2025-09-22 15:30:00,2025-09-23 09:30:00,227.6300048828125,226.22247095539885,229.741305773933,226.22247095539885,stop,-0.00688342879770295,-1.1132057993875515,0.006183428797702979
AMZN,SHORT,2025-09-16 09:30:00,2025-09-16 09:30:00,233.25,233.8029764644244,232.4205353033634,233.8029764644244,stop,-0.003070745828186083,-1.2952657310107287,0.0023707458281860836
AMZN,LONG,2025-09-17 09:30:00,2025-09-17 09:30:00,231.2624053955078,230.76018030916092,232.01574302502814,230.76018030916092,stop,-0.002871667658165122,-1.3223329303487596,0.002171667658165128
AMZN,LONG,2025-09-17 14:30:00,2025-09-17 14:30:00,230.25999450683594,229.63512633767508,231.19729676057722,229.63512633767508,stop,-0.003413750473672949,-1.257945602143939,0.002713750473672974
AMZN,LONG,2025-09-18 15:30:00,2025-09-19 15:30:00,231.10000610351562,228.63491657444882,234.79764039711583,231.60000610351562,zaman,0.0014635654988949592,0.13720799660187688,0.010666765313552717
AMZN,SHORT,2025-09-19 09:30:00,2025-09-19 09:30:00,232.8800048828125,233.55283159081594,231.87076482080732,233.55283159081594,stop,-0.0035891561915846965,-1.2422852741706942,0.0028891561915846504
AMZN,LONG,2025-09-19 15:30:00,2025-09-19 15:30:00,231.2100067138672,230.76807986892746,231.87289698127677,230.76807986892746,stop,-0.0026113655642363226,-1.3662303083710277,0.0019113655642362993
AMZN,SHORT,2025-09-26 09:30:00,2025-09-26 09:30:00,219.8300018310547,220.74313330021238,218.46030462731815,220.74313330021238,stop,-0.004853807312704538,-1.1685200942901255,0.004153807312704554
AMZN,SHORT,2025-10-02 11:30:00,2025-10-02 12:30:00,222.1699981689453,222.5978462279805,221.52822608039253,222.5978462279805,stop,-0.002625768837202968,-1.3634911867286597,0.0019257688372029842
AMZN,LONG,2025-10-03 12:30:00,2025-10-06 09:30:00,220.52999877929688,218.88520873213437,222.99718385004064,218.88520873213437,stop,-0.008158350592966622,-1.0938545314107508,0.007458350592966643
AMZN,LONG,2025-10-03 12:30:00,2025-10-03 12:30:00,221.91000366210938,221.31620848799375,222.80069642328283,221.31620848799375,stop,-0.0033758377915209187,-1.2616003115802006,0.00267583779152096
AMZN,SHORT,2025-10-08 10:30:00,2025-10-08 10:30:00,223.49000549316406,224.26503020738932,222.32746842182618,224.26503020738932,stop,-0.004167827174262528,-1.2018555034101388,0.0034678271742624267
AMZN,LONG,2025-10-10 12:30:00,2025-10-13 12:30:00,218.3300018310547,215.93437113141584,221.92344788051295,220.0500030517578,zaman,0.0071779883949897655,0.6541785508332589,0.010972521776886164
AMZN,SHORT,2025-10-21 09:30:00,2025-10-21 09:30:00,220.1699981689453,220.74244632108056,219.31132594074245,220.74244632108056,stop,-0.003300027964282381,-1.269227873552215,0.0026000279642823497
AMZN,LONG,2025-10-14 15:30:00,2025-10-15 15:30:00,215.39999389648438,212.50584507327403,219.7412171312999,215.6300048828125,zaman,0.0003678319073613718,0.027376266888958552,0.013436160191356348
AMZN,LONG,2025-10-16 13:30:00,2025-10-17 10:30:00,213.61500549316406,212.56702228369636,215.18698030736562,212.56702228369636,stop,-0.00560594378914655,-1.1426840644910308,0.004905943789146586
AMZN,SHORT,2025-10-21 09:30:00,2025-10-21 09:30:00,218.40499877929688,218.66244449002588,218.0188302132034,218.66244449002588,stop,-0.0018787537472489619,-1.5938475289123737,0.001178753747248964
GOOGL,SHORT,2025-09-03 09:30:00,2025-09-03 09:30:00,226.10000610351562,214.72770297623512,,226.10000610351562,stop,-0.0007,-0.1486119062294087,0.004710255172418194
GOOGL,SHORT,2025-09-09 09:30:00,2025-09-09 12:30:00,236.031005859375,238.2083843174498,232.76493817226282,238.2083843174498,stop,-0.009924967923799231,-1.0758810226531097,0.009224967923799213
GOOGL,SHORT,2025-09-11 13:30:00,2025-09-11 14:30:00,240.63999938964844,241.75097565192243,238.97353499623745,241.75097565192243,stop,-0.005316756420760648,-1.151621601012403,0.00461675642076063
GOOGL,LONG,2025-09-24 11:30:00,2025-09-25 09:30:00,247.98500061035156,246.19001959680472,250.67747213067184,243.0,stop,-0.020802024711503796,-2.8738967553676513,0.007238264447966447
GOOGL,LONG,2025-09-23 10:30:00,2025-09-23 11:30:00,251.52999877929688,250.20598908061118,253.51601332732542,253.51601332732542,hedef,0.007695736324362579,1.4620048102322993,0.005263824216241666
GOOGL,LONG,2025-09-29 15:30:00,2025-09-30 09:30:00,243.0,240.64465383523228,246.53301924715157,240.64465383523228,stop,-0.010392782571060542,-1.0722186838369734,0.009692782571060592
GOOGL,LONG,2025-09-29 13:30:00,2025-09-29 14:30:00,244.9199981689453,243.6346890072951,246.84796191142064,243.6346890072951,stop,-0.005947873474029774,-1.1333873622266522,0.0052478734740297305
GOOGL,SHORT,2025-10-06 09:30:00,2025-10-06 12:30:00,247.0,249.51528235995357,243.22707646006964,249.51528235995357,stop,-0.010883329392524642,-1.0687397974687838,0.010183329392524589
GOOGL,LONG,2025-09-29 12:30:00,2025-09-29 12:30:00,246.5489959716797,245.88057474335807,247.55162781416212,245.88057474335807,stop,-0.0034111091070854966,-1.2581969121679675,0.0027111091070855515
GOOGL,SHORT,2025-10-06 12:30:00,2025-10-06 13:30:00,249.3800048828125,251.25006815211344,246.5749099788611,246.5749099788611,hedef,0.011048275118406425,1.4733292440981378,0.00749885007893762
GOOGL,SHORT,2025-10-03 12:30:00,2025-10-03 14:30:00,245.82000732421875,246.91168436635914,244.18249176100818,244.18249176100818,hedef,0.006461441357174836,1.4549647014940763,0.004440960904783258
GOOGL,SHORT,2025-10-15 09:30:00,2025-10-15 09:30:00,250.4600067138672,251.40133716612124,249.04801103548613,251.40133716612124,stop,-0.004458406240599754,-1.1862491586030144,0.003758406240599735
GOOGL,SHORT,2025-10-13 11:30:00,2025-10-13 15:30:00,242.50999450683594,243.76434214186213,240.62847305429665,243.76434214186213,stop,-0.005872354391319134,-1.1353348875658857,0.005172354391319054
GOOGL,LONG,2025-10-21 10:30:00,2025-10-21 11:30:00,245.42999267578125,243.47594300782094,248.3610671777217,248.3610671777217,hedef,0.011742609254821157,1.4748798613771277,0.007961739503214061
GOOGL,SHORT,2025-10-16 09:30:00,2025-10-16 09:30:00,251.77999877929688,252.21294984170882,251.13057218567894,252.21294984170882,stop,-0.0024195609838391858,-1.4070806482461629,0.0017195609838391392
GOOGL,SHORT,2025-10-20 09:30:00,2025-10-20 11:30:00,254.9499969482422,257.0738853048103,251.76416441339003,257.0738853048103,stop,-0.009030607499474895,-1.084027485395781,0.008330607499474793
GOOGL,LONG,2025-10-21 10:30:00,2025-10-21 10:30:00,250.35000610351562,247.76593629395376,254.22611081785843,247.76593629395376,stop,-0.011021828426452683,-1.0678174419375213,0.010321828426452673
GOOGL,SHORT,2025-10-24 09:30:00,2025-10-24 09:30:00,256.3594970703125,257.43392047551237,254.7478619625127,257.43392047551237,stop,-0.004891080952640425,-1.1670213503175095,0.004191080952640426
GOOGL,SHORT,2025-10-23 09:30:00,2025-10-24 09:30:00,254.22500610351562,256.4767572784384,250.84737934113144,256.4767572784384,stop,-0.00955731584565641,-1.0790307145186864,0.008857315845656494
NFLX,LONG,2025-08-29 11:30:00,2025-08-29 15:30:00,120.24200439453125,119.78050627200363,120.93425157832267,120.93425157832267,hedef,0.005557116136554608,1.4478905770034538,0.0038380774243697226
NFLX,LONG,2025-08-29 09:30:00,2025-08-29 09:30:00,122.26800537109375,121.26542057486431,123.77188256543792,121.26542057486431,stop,-0.00889989492088724,-1.085366947595505,0.008199894920887213
NFLX,LONG,2025-08-29 09:30:00,2025-08-29 09:30:00,121.93299865722656,121.39125980826275,122.7456069306723,121.39125980826275,stop,-0.005142922383027237,-1.157553956529642,0.004442922383027197
NFLX,LONG,2025-09-02 11:30:00,2025-09-02 11:30:00,120.36100006103516,120.07050020942641,120.79674983844828,120.07050020942641,stop,-0.0031135712686121914,-1.29002665432064,0.0024135712686121787
NFLX,LONG,2025-09-11 13:30:00,2025-09-12 13:30:00,119.66899108886719,118.22805942042281,121.83038859153376,118.65999603271484,zaman,-0.009131549785550162,-0.7583727763401097,0.012040977828369341
NFLX,SHORT,2025-09-09 11:30:00,2025-09-10 09:30:00,126.0,126.7521570237148,124.8717644644278,124.8717644644278,hedef,0.008754250282319109,1.4664963575351133,0.0059695001882127076
NFLX,LONG,2025-09-11 09:30:00,2025-09-11 09:30:00,124.31199645996094,123.86033661786487,124.98948622310503,123.86033661786487,stop,-0.004333276392930762,-1.1926635698186998,0.0036332763929307205
NFLX,LONG,2025-09-11 09:30:00,2025-09-11 09:30:00,124.09599304199219,123.1583178800719,125.50250578487261,123.1583178800719,stop,-0.008256047048215219,-1.0926410324781313,0.007556047048215224
NFLX,SHORT,2025-09-10 10:30:00,2025-09-10 11:30:00,126.10400390625,126.5639867590498,125.4140296270503,125.4140296270503,hedef,0.005271470039227766,1.445170128347774,0.0036476466928184455
NFLX,LONG,2025-09-10 13:30:00,2025-09-11 09:30:00,125.07600402832031,124.59364922319602,125.79953623600674,124.59364922319602,stop,-0.004556493568623054,-1.1815120361395899,0.003856493568623051
NFLX,LONG,2025-09-12 10:30:00,2025-09-12 10:30:00,119.39900207519531,119.14848518836203,119.77477740544523,119.14848518836203,stop,-0.002798148916483522,-1.3336274153377203,0.002098148916483495
NFLX,SHORT,2025-09-17 09:30:00,2025-09-17 09:30:00,122.0219955444336,121.21822334885505,,122.0219955444336,stop,-0.0007,-0.1401870692653273,0.004993327870169921
NFLX,LONG,2025-09-24 10:30:00,2025-09-24 11:30:00,120.19999694824219,119.68999738925322,120.96499628672564,119.68999738925322,stop,-0.004942924891325717,-1.164980530631392,0.004242924891325666
NFLX,LONG,2025-09-24 10:30:00,2025-09-24 10:30:00,120.7979965209961,120.51199598544463,121.22699732432329,120.51199598544463,stop,-0.0030675933689989438,-1.2956588784061311,0.0023675933689989276
NFLX,SHORT,2025-09-22 12:30:00,2025-09-22 13:30:00,122.8499984741211,123.03648881859753,122.57026295740644,122.38399505615234,hedef,0.0035932716626521977,2.367057766519887,0.0015180329409261201
NFLX,LONG,2025-09-23 09:30:00,2025-09-23 09:30:00,121.6814956665039,121.38702090967243,122.12320780175112,121.38702090967243,stop,-0.003120045506660751,-1.2892507591586326,0.0024200455066607043
NFLX,LONG,2025-09-24 09:30:00,2025-09-24 10:30:00,121.24000549316406,120.81340627186631,121.87990432511069,120.81340627186631,stop,-0.0042186341303968805,-1.1989408316007761,0.003518634130396856
NFLX,SHORT,2025-09-29 09:30:00,2025-09-29 09:30:00,121.7719955444336,122.24572009724689,121.06140871521364,122.24572009724689,stop,-0.004590258599239527,-1.179936624299679,0.0038902585992395627
NFLX,LONG,2025-09-29 09:30:00,2025-09-29 09:30:00,119.7540054321289,119.38627605753827,120.30559949401487,119.38627605753827,stop,-0.003770706263758716,-1.2279605862213314,0.0030707062637587556
NFLX,LONG,2025-09-29 09:30:00,2025-09-29 09:30:00,119.99800109863281,119.11727886515546,121.31908444884886,119.11727886515546,stop,-0.008039474203019835,-1.0953746795256836,0.007339474203019799
NFLX,LONG,2025-09-29 13:30:00,2025-09-30 09:30:00,120.3499984741211,118.71019228915569,122.8097077515692,118.71019228915569,stop,-0.014325311223564473,-1.0513749732768953,0.013625311223564465
NFLX,LONG,2025-10-01 15:30:00,2025-10-02 09:30:00,116.80000305175781,116.27332148610657,117.59002540023468,116.13800048828125,stop,-0.006367830018662001,-1.4121674539588829,0.004509259862072568
NFLX,LONG,2025-10-06 09:30:00,2025-10-07 09:30:00,115.12349700927734,114.27774608146582,116.39212340099462,117.77900695800781,hedef,0.02286661991440784,3.1126010776487942,0.0073464666187421914
NFLX,SHORT,2025-10-20 13:30:00,2025-10-20 13:30:00,124.2550048828125,124.59756422630554,123.74116586757295,124.59756422630554,stop,-0.0034569057988134916,-1.2539078412839295,0.0027569057988135865
NFLX,LONG,2025-10-13 13:30:00,2025-10-14 09:30:00,122.00799560546875,120.63530365071934,124.06703353759286,120.63530365071934,stop,-0.011950836045108236,-1.0622175985138782,0.011250836045108223
NFLX,LONG,2025-10-14 14:30:00,2025-10-15 14:30:00,121.4749984741211,120.2678529804247,123.28571671466568,120.75679779052734,zaman,-0.006612333341142273,-0.6653988162322222,0.009937398714629796
NFLX,LONG,2025-10-22 09:30:00,2025-10-22 09:30:00,114.33599853515625,117.5780114656363,,114.33599853515625,stop,-0.0007,-0.1401870692653273,0.004993327870169921
AVGO,LONG,2025-09-02 09:30:00,2025-09-02 10:30:00,287.1830139160156,286.0222497600018,288.9241601500364,295.44000244140625,hedef,0.0285516605275453,7.063925845854279,0.0040418969777693626
AVGO,LONG,2025-08-29 09:30:00,2025-09-02 09:30:00,297.54998779296875,293.6521870271919,303.396688941634,289.3399963378906,stop,-0.028291973758676613,-2.1597503188071436,0.013099650229153626
AVGO,SHORT,2025-09-05 09:30:00,2025-09-05 09:30:00,355.8399963378906,311.13410713833895,,355.8399963378906,stop,-0.0007,-0.09772832981951868,0.007162713220339853
AVGO,SHORT,2025-09-03 15:30:00,2025-09-04 09:30:00,302.42999267578125,304.5938089264968,299.1842682997079,305.5,stop,-0.01085113381135424,-1.5166298515442476,0.007154767394500054
AVGO,SHORT,2025-09-09 09:30:00,2025-09-09 10:30:00,350.32501220703125,354.4421116369614,344.14936306213605,343.0199890136719,hedef,0.02065213141744591,1.757294987418053,0.011752228035310985
AVGO,SHORT,2025-09-10 15:30:00,2025-09-11 09:30:00,368.75,373.27610819827686,361.96083770258474,373.27610819827686,stop,-0.012974191724140681,-1.0570302318663722,0.012274191724140633
AVGO,LONG,2025-09-16 09:30:00,2025-09-17 09:30:00,359.57000732421875,356.9690512382789,363.47144145312853,356.9690512382789,stop,-0.007933517904608244,-1.0967717242469317,0.00723351790460825
AVGO,SHORT,2025-09-15 10:30:00,2025-09-15 11:30:00,363.010009765625,364.60683753940737,360.61476810495145,360.0,hedef,0.008091809274263206,1.8395269746054692,0.004398853284550877
AVGO,LONG,2025-09-16 09:30:00,2025-09-17 09:30:00,359.8399963378906,356.14904391406014,365.37642497363635,356.14904391406014,stop,-0.010957204483641313,-1.068244715323401,0.010257204483641301
AVGO,LONG,2025-09-18 10:30:00,2025-09-19 09:30:00,345.4381103515625,341.2926784666874,351.6562581788752,341.2926784666874,stop,-0.012700505331204447,-1.0583308769656423,0.012000505331204427
AVGO,LONG,2025-09-22 09:30:00,2025-09-23 09:30:00,341.9309997558594,336.26041893620715,350.4368709853377,343.739990234375,zaman,0.004590513231638094,0.276803881049839,0.01658399157637376
AVGO,SHORT,2025-09-23 10:30:00,2025-09-23 11:30:00,345.1700134277344,346.8636024336864,342.6296299188063,342.6296299188063,hedef,0.007159803604318427,1.4592380427347345,0.0049065357362122735
AVGO,LONG,2025-09-23 12:30:00,2025-09-23 13:30:00,339.635009765625,337.8153012025095,342.3645726102983,337.8153012025095,stop,-0.006057835649426268,-1.1306497708780845,0.0053578356494262906
AVGO,SHORT,2025-10-02 09:30:00,2025-10-02 09:30:00,347.57000732421875,345.3712261713946,,347.57000732421875,stop,-0.0007,-0.09772832981951868,0.007162713220339853
AVGO,LONG,2025-09-26 10:30:00,2025-09-29 09:30:00,331.69000244140625,327.1066690545971,338.56500252162,338.56500252162,hedef,0.020527185111430125,1.4855262546077923,0.013818123407620083
AVGO,LONG,2025-09-29 11:30:00,2025-09-29 13:30:00,332.38250732421875,330.40319264549953,335.3514793422976,330.40319264549953,stop,-0.0066549303441186475,-1.1175496537405145,0.0059549303441186205
AVGO,SHORT,2025-10-01 11:30:00,2025-10-02 09:30:00,337.44500732421875,341.21052632256345,331.7967288267017,347.57000732421875,stop,-0.030704889034472625,-2.7516025041120913,0.011158911575558665
AVGO,LONG,2025-10-07 09:30:00,2025-10-07 10:30:00,332.7757873535156,331.7292664597969,334.3455686940937,331.7292664597969,stop,-0.0038448228311363736,-1.2225880558578557,0.0031448228311363384
AVGO,SHORT,2025-10-06 09:30:00,2025-10-06 14:30:00,341.5,344.5599090224912,336.9101364662632,336.9101364662632,hedef,0.013240303173460565,1.4776790749339384,0.00896020211564036
AVGO,SHORT,2025-10-08 09:30:00,2025-10-08 09:30:00,340.7799987792969,344.2941168199624,335.5088217182986,344.2941168199624,stop,-0.011011984427646691,-1.0678821816413275,0.010311984427646642
AVGO,LONG,2025-10-10 13:30:00,2025-10-10 14:30:00,329.3500061035156,326.37096581690514,333.81856653343135,326.37096581690514,stop,-0.009745210965243355,-1.0773890186408903,0.009045210965243352
AVGO,SHORT,2025-10-09 15:30:00,2025-10-10 09:30:00,345.82659912109375,347.18390581160355,343.7906390853291,347.18390581160355,stop,-0.004624818663339824,-1.1783521889911617,0.003924818663339805
AVGO,SHORT,2025-10-15 09:30:00,2025-10-15 10:30:00,357.8299865722656,359.64040688125596,355.11435610878016,355.11435610878016,hedef,0.007389164031497453,1.4604699544304125,0.0050594426876650455
AVGO,LONG,2025-10-17 10:30:00,2025-10-20 09:30:00,344.1600036621094,339.3694808776693,351.3457878387695,353.79998779296875,hedef,0.02781018139319811,1.997934789333359,0.013919464009372095
AVGO,SHORT,2025-10-16 09:30:00,2025-10-16 09:30:00,357.79998779296875,359.668500145736,354.9972192638179,359.668500145736,stop,-0.0059222258706404735,-1.1340424595449856,0.005222225870640382
AVGO,SHORT,2025-10-27 09:30:00,2025-10-27 10:30:00,361.5299987792969,363.4061438601051,358.71578115808455,356.4100036621094,hedef,0.013962020121359586,2.6904577737971,0.00518945893049817
AVGO,SHORT,2025-10-24 09:30:00,2025-10-24 10:30:00,353.79998779296875,356.7533479647062,349.36994753536254,356.7533479647062,stop,-0.00904754175702712,-1.0838570228667366,0.008347541757027064
AAPL,SHORT,2025-10-29 13:30:00,2025-10-29 14:30:00,270.4200134277344,271.4850283630224,268.8224910248023,268.8224910248023,hedef,0.005707559809211427,1.4492176110460906,0.003938373206140886
AAPL,SHORT,2025-10-30 13:30:00,2025-10-31 09:30:00,271.989990234375,274.23426876346537,268.62357244073945,276.989990234375,stop,-0.01908302944785397,-2.312722296224,0.00825132765789087
AAPL,SHORT,2025-11-05 12:30:00,2025-11-05 13:30:00,270.6400146484375,271.5777015333233,269.2334843211088,271.5777015333233,stop,-0.004164701574539486,-1.2020376026449404,0.0034647015745393962
AAPL,LONG,2025-11-06 09:30:00,2025-11-06 10:30:00,267.8900146484375,266.84185642712976,269.4622519803991,272.8280029296875,hedef,0.01823289414026983,4.659993290160157,0.003912643861262554
AAPL,SHORT,2025-11-10 09:30:00,2025-11-10 09:30:00,272.8280029296875,273.4940185412125,271.8289795124,273.4940185412125,stop,-0.0031411556158940862,-1.2867494376197648,0.0024411556158941174
AAPL,LONG,2025-11-07 13:30:00,2025-11-07 13:30:00,268.45001220703125,267.16966789445786,270.37052867589136,267.16966789445786,stop,-0.005469395620611738,-1.1467691203838908,0.004769395620611769
AAPL,SHORT,2025-11-11 09:30:00,2025-11-11 09:30:00,271.85699462890625,273.82654878326804,268.90266339736354,273.82654878326804,stop,-0.00794481691946277,-1.09662079908735,0.007244816919462728
AAPL,LONG,2025-11-17 09:30:00,2025-11-17 09:30:00,268.7200012207031,267.3678029186168,270.7482986738326,267.3678029186168,stop,-0.005731997231109475,-1.1391097744792724,0.005031997231109508
AAPL,SHORT,2025-11-12 13:30:00,2025-11-12 14:30:00,275.3299865722656,275.9390522897071,274.4163879961034,274.4163879961034,hedef,0.0031181949686487132,1.4095893994070738,0.0022121299790991214
AAPL,LONG,2025-11-13 10:30:00,2025-11-14 09:30:00,272.9100036621094,271.77577207782883,274.6113510385302,271.04998779296875,stop,-0.007515491715882693,-1.8083193063302927,0.004156064523324829
AAPL,SHORT,2025-11-14 10:30:00,2025-11-17 09:30:00,274.2699890136719,276.7943759217178,270.483408651603,268.7200012207031,hedef,0.020035490630701515,2.1768191625663658,0.009204021617983475
AAPL,LONG,2025-11-17 09:30:00,2025-11-17 09:30:00,268.7200012207031,269.5128224498668,,268.7200012207031,stop,-0.0007,-0.18094897265943335,0.0038684939168871658
AAPL,LONG,2025-11-19 09:30:00,2025-11-19 10:30:00,265.5249938964844,265.22305625304887,265.97790036163764,271.85009765625,hedef,0.023621123830743752,20.77249689579032,0.0011371345461859584
AAPL,SHORT,2025-11-24 09:30:00,2025-11-24 09:30:00,273.9100036621094,275.5438376646427,271.4592526583094,275.5438376646427,stop,-0.006664856999340462,-1.1173540287851558,0.005964856999340517
AAPL,SHORT,2025-12-09 09:30:00,2025-12-09 09:30:00,278.79998779296875,279.73456648897604,277.3981197489578,279.73456648897604,stop,-0.00405214754995361,-1.208821356926757,0.0033521475499535968
AAPL,SHORT,2025-12-10 11:30:00,2025-12-11 09:30:00,278.2300109863281,280.0984477130938,275.4273558961796,275.4273558961796,hedef,0.009873158823568517,1.470217882468211,0.006715439215712297
AAPL,LONG,2025-12-11 09:30:00,2025-12-11 09:30:00,277.45001220703125,276.37328305452115,279.0651059357964,276.37328305452115,stop,-0.004580804127363469,-1.1803749885402075,0.003880804127363489
AAPL,SHORT,2025-12-12 09:30:00,2025-12-12 10:30:00,278.989990234375,279.8222860586522,277.74154649795923,277.74154649795923,hedef,0.004274869278883298,1.4329589354898293,0.00298324618592229
AAPL,LONG,2025-12-15 09:30:00,2025-12-15 09:30:00,275.82501220703125,273.7384501971311,278.9548552218815,273.7384501971311,stop,-0.00826480347160826,-1.0925337984822954,0.00756480347160829
AAPL,LONG,2025-12-17 11:30:00,2025-12-17 15:30:00,272.80999755859375,271.7063319045386,274.46549603967645,271.7063319045386,stop,-0.004745546951841783,-1.1730297555145937,0.004045546951841789
AAPL,LONG,2025-12-18 14:30:00,2025-12-19 14:30:00,270.86199951171875,266.8575021605497,276.86874553847235,270.79998779296875,zaman,-0.0009289421139244352,-0.06283313393496447,0.014784271541921468
AAPL,SHORT,2025-12-19 15:30:00,2025-12-19 15:30:00,272.1600036621094,273.28992806584006,270.46511705651335,273.28992806584006,stop,-0.004851691609813213,-1.1686059721645894,0.004151691609813105
MSFT,LONG,2025-10-31 09:30:00,2025-10-31 09:30:00,519.3300170898438,517.4873810120472,522.0939712065385,517.4873810120472,stop,-0.004248102395702246,-1.1972885565106337,0.003548102395702232
MSFT,SHORT,2025-10-27 14:30:00,2025-10-28 09:30:00,533.260009765625,534.7077202538813,531.0884440332404,550.2899780273438,stop,-0.03263558104835881,-12.02122275809129,0.002714830404951304
MSFT,SHORT,2025-11-10 09:30:00,2025-11-10 09:30:00,499.8500061035156,500.82837398408896,498.38245428265566,500.82837398408896,stop,-0.002657322934133865,-1.3576313278676455,0.0019573229341337986
MSFT,LONG,2025-11-18 09:30:00,2025-11-18 09:30:00,495.0899963378906,493.08656572439037,498.095142258141,493.08656572439037,stop,-0.0047465988574185375,-1.1729847767630106,0.004046598857418538
MSFT,SHORT,2025-11-11 12:30:00,2025-11-11 13:30:00,506.0,506.92002622407813,504.6199606638828,506.92002622407813,stop,-0.0025182336444232395,-1.3849890261062299,0.001818233644423179
MSFT,LONG,2025-11-12 10:30:00,2025-11-12 10:30:00,503.45001220703125,502.2071838119656,505.31425479962974,502.2071838119656,stop,-0.003168623229578082,-1.2835588645577192,0.002468623229578105
MSFT,SHORT,2025-11-12 13:30:00,2025-11-12 13:30:00,509.1499938964844,509.7673032873657,508.2240298101624,509.7673032873657,stop,-0.001912431303704964,-1.577352298526842,0.0012124313037049914
MSFT,LONG,2025-11-13 14:30:00,2025-11-14 09:30:00,501.69000244140625,498.9501350965301,505.7998034587205,498.2300109863281,stop,-0.007596672124699577,-1.3910069273661845,0.005461275551721061
MSFT,LONG,2025-11-19 10:30:00,2025-11-19 11:30:00,488.84991455078125,486.5699305301015,492.2698905818009,486.5699305301015,stop,-0.005363975491894901,-1.1500865519590444,0.004663975491894906
MSFT,LONG,2025-11-21 15:30:00,2025-11-24 09:30:00,471.0450134277344,468.0347840752174,475.5603574565099,468.0347840752174,stop,-0.007090534379319579,-1.1095370055852047,0.006390534379319604
MSFT,SHORT,2025-12-02 09:30:00,2025-12-02 11:30:00,491.3399963378906,492.7813964632438,489.1778961498608,492.7813964632438,stop,-0.0036336104043968804,-1.2386138251182743,0.0029336104043969553
MSFT,LONG,2025-12-03 09:30:00,2025-12-03 09:30:00,476.2900085449219,484.4999762836265,,476.2900085449219,stop,-0.0007,-0.20967485067251604,0.0033385024372489286
MSFT,LONG,2025-12-03 09:30:00,2025-12-03 09:30:00,476.2900085449219,485.52249825628274,,476.2900085449219,stop,-0.0007,-0.20967485067251604,0.0033385024372489286
MSFT,LONG,2025-12-10 12:30:00,2025-12-10 13:30:00,478.0450134277344,476.3462870984402,480.5931029216756,476.3462870984402,stop,-0.004253486139545203,-1.1969896525583579,0.0035534861395452454
MSFT,LONG,2025-12-12 10:30:00,2025-12-12 12:30:00,476.4700012207031,474.9124805176502,478.80628227528257,478.80628227528257,hedef,0.004703311957928036,1.4388168644838504,0.00326887463861863
MSFT,SHORT,2025-12-16 12:30:00,2025-12-16 14:30:00,474.82000732421875,476.6214423022623,472.11785485715336,476.6214423022623,stop,-0.00449393233279135,-1.1845051357268133,0.0037939323327913386
MSFT,LONG,2025-12-17 15:30:00,2025-12-18 09:30:00,477.07000732421875,475.092067275205,480.03691739773933,480.03691739773933,hedef,0.00601902452045009,1.4517609234352635,0.00414601634696671
MSFT,SHORT,2025-12-19 09:30:00,2025-12-19 10:30:00,487.6499938964844,489.75146084605274,484.49779347213183,484.49779347213183,hedef,0.0062640632908973265,1.4535895633289393,0.004309375527264847
NVDA,SHORT,2025-11-03 12:30:00,2025-11-03 13:30:00,210.6199951171875,212.32142484706446,208.06785052237205,208.06785052237205,hedef,0.011917294910179099,1.4752419989590249,0.008078196606786074
NVDA,SHORT,2025-10-31 09:30:00,2025-10-31 10:30:00,207.0500030517578,208.17314926084347,205.36528373812934,205.36528373812934,hedef,0.007936775120970773,1.463130356248018,0.005424516747313932
NVDA,SHORT,2025-11-03 09:30:00,2025-11-03 09:30:00,208.05499267578125,208.09117794111307,208.00071477778351,208.09117794111307,stop,-0.0008739216390168607,-5.0248010768336595,0.00017392163901691325
NVDA,LONG,2025-11-04 09:30:00,2025-11-04 09:30:00,202.80999755859375,201.9466342274317,204.1050425553368,201.9466342274317,stop,-0.004957005776614253,-1.164434825023136,0.004257005776614216
NVDA,LONG,2025-11-05 15:30:00,2025-11-05 15:30:00,198.5399932861328,196.86544919549928,201.05180942208312,196.86544919549928,stop,-0.009134291061046872,-1.0829945273329395,0.008434291061046852
NVDA,LONG,2025-11-18 09:30:00,2025-11-18 10:30:00,180.10000610351562,178.80293608536957,182.0456111307347,182.0456111307347,hedef,0.010602914832222842,1.4722297171958518,0.007201943221481874
NVDA,LONG,2025-11-12 10:30:00,2025-11-12 14:30:00,192.375,191.1685031699087,194.18474524513698,191.1685031699087,stop,-0.0069715884605136775,-1.1116144664796312,0.006271588460513637
NVDA,LONG,2025-11-18 09:30:00,2025-11-18 09:30:00,182.86000061035156,180.46293974747894,186.45559190466048,180.46293974747894,stop,-0.013808721726302618,-1.0533995621095134,0.013108721726302595
NVDA,SHORT,2025-11-20 09:30:00,2025-11-20 09:30:00,195.9499969482422,191.13977985377252,,195.9499969482422,stop,-0.0007,-0.11327340969537296,0.006179738050461404
NVDA,LONG,2025-11-18 15:30:00,2025-11-19 09:30:00,181.85000610351562,179.5211427703279,185.3433011032972,185.3433011032972,hedef,0.019009760145914247,1.4843829387914695,0.0128065067639428
NVDA,LONG,2025-11-20 11:30:00,2025-11-20 11:30:00,184.25,182.66531765124532,186.62702352313204,182.66531765124532,stop,-0.009300718310744492,-1.0813885508987617,0.008600718310744547
NVDA,LONG,2025-11-25 09:30:00,2025-11-25 09:30:00,174.91000366210938,172.77964818347374,178.10553688006283,172.77964818347374,stop,-0.012879723480831072,-1.05747256915165,0.012179723480831035
NVDA,LONG,2025-11-25 09:30:00,2025-11-25 09:30:00,174.91000366210938,176.31964146960655,,174.91000366210938,stop,-0.0007,-0.11327340969537296,0.006179738050461404
NVDA,SHORT,2025-11-26 09:30:00,2025-11-26 10:30:00,182.5500030517578,183.6476649403378,180.90351021888785,179.5850067138672,hedef,0.016042105112701523,2.667931143231003,0.006012938209969581
NVDA,LONG,2025-12-01 09:30:00,2025-12-01 10:30:00,174.6999969482422,173.4972409124838,176.50413100187978,178.85000610351562,hedef,0.02355506140680095,3.421366456322978,0.006884694085682982
NVDA,SHORT,2025-12-04 11:30:00,2025-12-05 11:30:00,183.2550048828125,185.75545359695815,179.50433181159403,181.77980041503906,zaman,0.007350009159186633,0.5386737015382776,0.01364464078754427
NVDA,LONG,2025-12-11 09:30:00,2025-12-11 09:30:00,180.27499389648438,179.03691765033565,182.13210826570747,179.03691765033565,stop,-0.007567709266764055,-1.1019262716008664,0.006867709266764072
NVDA,SHORT,2025-12-08 09:30:00,2025-12-08 09:30:00,183.61500549316406,184.59645353916372,182.14283342416456,184.59645353916372,stop,-0.006045140738163723,-1.1309600690215964,0.005345140738163663
NVDA,LONG,2025-12-10 10:30:00,2025-12-10 14:30:00,182.05999755859375,180.83299217519297,183.90050563369493,183.90050563369493,hedef,0.009909349114479915,1.4703244989758861,0.006739566076319886
NVDA,LONG,2025-12-11 09:30:00,2025-12-11 09:30:00,180.27499389648438,181.96181389057003,,180.27499389648438,stop,-0.0007,-0.11327340969537296,0.006179738050461404
NVDA,SHORT,2025-12-22 09:30:00,2025-12-23 09:30:00,183.7899932861328,184.78985286443756,182.29020391867567,184.78985286443756,stop,-0.0061402286023707,-1.1286710635091486,0.005440228602370765
NVDA,LONG,2025-12-12 10:30:00,2025-12-12 10:30:00,177.05990600585938,176.52760551361192,177.85835674423055,176.52760551361192,stop,-0.003706329915423378,-1.2328420431865603,0.0030063299154233307
NVDA,SHORT,2025-12-19 15:30:00,2025-12-22 09:30:00,181.25999450683594,182.91096791491336,178.78353439471982,183.3800048828125,stop,-0.012395964030808747,-1.3609500680861149,0.0091083165514228
NVDA,LONG,2025-12-17 09:30:00,2025-12-17 09:30:00,176.02000427246094,174.82006513144265,177.8199129839884,174.82006513144265,stop,-0.007517061196981333,-1.102683543505508,0.0068170611969813845
NVDA,SHORT,2025-12-19 09:30:00,2025-12-19 09:30:00,177.50999450683594,178.28090934491925,176.35362224971095,178.28090934491925,stop,-0.005042937648244005,-1.1611812226415685,0.004342937648243948
AMD,LONG,2025-11-04 09:30:00,2025-11-04 09:30:00,250.35000610351562,249.63892140954417,251.41663314447283,249.63892140954417,stop,-0.003540362199461821,-1.2464474425594927,0.0028403621994618038
AMD,SHORT,2025-10-29 09:30:00,2025-10-29 09:30:00,264.19000244140625,264.7444235345055,263.3583708017574,264.7444235345055,stop,-0.0027985695445541187,-1.333560544522571,0.002098569544554152
AMD,SHORT,2025-10-29 14:30:00,2025-10-30 09:30:00,264.65008544921875,267.25527295053763,260.7423041972404,259.9200134277344,hedef,0.017672928374292886,1.7953187638228434,0.00984389442722763
AMD,LONG,2025-10-30 09:30:00,2025-10-30 10:30:00,259.9200134277344,257.2209222905212,263.9686501335542,257.2209222905212,stop,-0.011084314395873283,-1.0674093612071462,0.010384314395873293
AMD,LONG,2025-10-30 14:30:00,2025-10-31 12:30:00,258.0299987792969,254.4406415459642,263.4140346292959,254.4406415459642,stop,-0.014610619890374786,-1.0503212657319734,0.013910619890374764
AMD,LONG,2025-11-03 10:30:00,2025-11-03 12:30:00,255.0500030517578,253.21413449793909,257.8038058824859,257.8038058824859,hedef,0.010597109577643348,1.4722147860181825,0.00719807305176221
AMD,SHORT,2025-11-12 09:30:00,2025-11-12 09:30:00,258.56878662109375,259.8733607084889,256.611925490001,259.8733607084889,stop,-0.005745365701108029,-1.1387411818030073,0.0050453657011079525
AMD,LONG,2025-11-06 15:30:00,2025-11-07 09:30:00,237.6199951171875,235.5291823395134,240.75621428369865,230.9149932861328,stop,-0.02891733005990501,-3.2864424309098856,0.008798976603980537
AMD,LONG,2025-11-18 09:30:00,2025-11-18 10:30:00,227.11000061035156,224.41102433270657,231.15846502681904,231.15846502681904,hedef,0.017626006805456985,1.4831706560378817,0.011884004536971367
AMD,SHORT,2025-11-11 13:30:00,2025-11-11 14:30:00,247.16000366210938,249.11367824780066,244.22949178357243,239.57000732421875,hedef,0.03050883729337881,3.8596828726673795,0.007904493270529899
AMD,LONG,2025-11-14 09:30:00,2025-11-14 10:30:00,238.1699981689453,234.37838811326847,243.85741325246056,246.92999267578125,hedef,0.0365804281571269,2.297799715494979,0.015919763550517694
AMD,LONG,2025-11-17 13:30:00,2025-11-18 09:30:00,239.85000610351562,234.85787393898076,247.33820435031794,234.85787393898076,stop,-0.021513558630389805,-1.0336319229417104,0.020813558630389764
AMD,LONG,2025-11-25 09:30:00,2025-11-25 09:30:00,197.4199981689453,194.80035171573022,201.34946784876797,194.80035171573022,stop,-0.013969407747503292,-1.0527529195967065,0.013269407747503334
AMD,SHORT,2025-12-05 09:30:00,2025-12-05 11:30:00,222.4199981689453,226.10580309602122,216.89129077833144,216.89129077833144,hedef,0.024657060678574406,1.487930994582218,0.016571373785716204
AMD,LONG,2025-12-04 13:30:00,2025-12-05 09:30:00,215.07000732421875,211.64744669857643,220.20384826268224,220.20384826268224,hedef,0.023670557323802945,1.4874322163521156,0.015913704882535285
AMD,LONG,2025-12-04 13:30:00,2025-12-04 13:30:00,216.125,214.44035441342018,218.65196837986974,214.44035441342018,stop,-0.008494774258321867,-1.0898037552854898,0.007794774258321893
AMD,SHORT,2025-12-05 09:30:00,2025-12-05 09:30:00,217.77999877929688,219.24580248566966,215.5812932197377,219.24580248566966,stop,-0.00743066266226896,-1.1040016466616502,0.006730662662268907
AMD,LONG,2025-12-11 09:30:00,2025-12-11 09:30:00,214.55999755859375,214.03178103212932,215.3523223482904,214.03178103212932,stop,-0.003161859304972225,-1.2843379386410338,0.0024618593049721854
AMD,SHORT,2025-12-08 09:30:00,2025-12-09 09:30:00,221.17999267578125,223.76840438176143,217.297375116811,223.4499969482422,zaman,-0.010963153755450504,-0.9368023880172389,0.01170273890810018
AMD,LONG,2025-12-09 09:30:00,2025-12-09 10:30:00,217.91000366210938,216.8747664085824,219.46285954239985,223.4499969482422,hedef,0.02522330867344256,5.309325245661769,0.004750755982420259
AMD,SHORT,2025-12-09 10:30:00,2025-12-09 10:30:00,223.4499969482422,223.84659147253078,222.85510516180932,223.84659147253078,stop,-0.0024748692311705395,-1.3943952532989332,0.0017748692311705483
AMD,LONG,2025-12-09 13:30:00,2025-12-10 13:30:00,220.75,217.77762371274497,225.20856443088255,220.47000122070312,zaman,-0.001968397641208896,-0.1461873387834565,0.013464898243510898
AMD,LONG,2025-12-11 09:30:00,2025-12-11 09:30:00,217.80999755859375,218.5617798114262,,217.80999755859375,stop,-0.0007,-0.09087315916007736,0.007703044622526184
AMD,LONG,2025-12-12 10:30:00,2025-12-12 11:30:00,212.8350067138672,210.03805304743162,217.03043721352054,210.03805304743162,stop,-0.013841417427612211,-1.0532667045892035,0.013141417427612182
AMD,LONG,2025-12-12 15:30:00,2025-12-15 09:30:00,210.89999389648438,208.90138619601615,213.8979054471867,213.8979054471867,hedef,0.014014848921113798,1.4788953085843668,0.009476565947409178
AMD,SHORT,2025-12-19 12:30:00,2025-12-22 09:30:00,213.0,215.5208266495463,209.21876002568052,220.0,stop,-0.033563849765258245,-2.836014131033835,0.011834866899278441
AMD,LONG,2025-12-17 09:30:00,2025-12-17 10:30:00,206.4499969482422,204.98031000423657,208.6545273642506,204.98031000423657,stop,-0.00781885185628791,-1.0983304631324455,0.007118851856287856
AMD,LONG,2025-12-26 09:30:00,2025-12-26 10:30:00,213.702392578125,212.2302225719307,215.91064758741643,215.91064758741643,hedef,0.010133319073552837,1.4709677018715164,0.006888879382368618
AMD,SHORT,2025-12-26 10:30:00,2025-12-29 09:30:00,215.5,217.13479345685397,213.04780981471905,210.0,hedef,0.025322041763341054,3.3379751901511567,0.007586048523684315
TSLA,SHORT,2025-11-03 09:30:00,2025-11-03 09:30:00,462.42498779296875,466.013861910185,457.04167661714433,466.013861910185,stop,-0.008460986564210092,-1.0901947187008396,0.007760986564210161
TSLA,SHORT,2025-11-03 09:30:00,2025-11-03 09:30:00,461.1250915527344,463.263861910185,457.9169360165584,463.263861910185,stop,-0.005338156536329152,-1.1509220300171483,0.0046381565363290645
TSLA,LONG,2025-11-05 09:30:00,2025-11-05 10:30:00,442.5873107910156,439.27156849934664,447.56092422851907,447.56092422851907,hedef,0.011037587061893705,1.473303877571958,0.00749172470792918
TSLA,LONG,2025-11-07 09:30:00,2025-11-07 09:30:00,437.8900146484375,434.7174480291859,442.6488645773149,434.7174480291859,stop,-0.007945122092584654,-1.0966167293048772,0.00724512209258462
TSLA,LONG,2025-11-07 15:30:00,2025-11-10 09:30:00,428.19000244140625,421.485073604558,438.2473956966786,439.6300048828125,hedef,0.02651711711198044,1.6934354886091918,0.01565877016889423
TSLA,SHORT,2025-11-20 09:30:00,2025-11-20 09:30:00,419.6300048828125,424.2923524165339,412.6364835822304,424.2923524165339,stop,-0.011810615255035094,-1.0630028116294317,0.011110615255035032
TSLA,SHORT,2025-11-25 12:30:00,2025-11-25 14:30:00,419.29998779296875,422.094038307616,415.1089120209979,415.1089120209979,hedef,0.009795411147114663,1.469986227121166,0.006663607431409806
TSLA,SHORT,2025-12-02 14:30:00,2025-12-03 09:30:00,429.71990966796875,433.8996216826371,423.45034164596626,433.8996216826371,stop,-0.010426596140025023,-1.0719676225806885,0.009726596140024928
TSLA,SHORT,2025-12-03 09:30:00,2025-12-03 09:30:00,431.8450012207031,437.0266123179431,424.0725845748432,437.0266123179431,stop,-0.012698775214702161,-1.058339287758501,0.011998775214702087
TSLA,LONG,2025-12-08 09:30:00,2025-12-08 09:30:00,447.364990234375,446.00684072766063,449.4022144944465,446.00684072766063,stop,-0.0037358868851200206,-1.230575125651419,0.003035886885119985
TSLA,SHORT,2025-12-10 14:30:00,2025-12-11 09:30:00,455.7701110839844,459.0732582170022,450.8153903844576,448.82501220703125,hedef,0.015038162196365201,2.0749741318590376,0.007247397432801736
TSLA,SHORT,2025-12-10 14:30:00,2025-12-10 14:30:00,450.5264892578125,452.5932777482522,447.4263065221529,452.5932777482522,stop,-0.005287496051218887,-1.1525886872020428,0.004587496051218848
TSLA,LONG,2025-12-10 12:30:00,2025-12-10 14:30:00,444.9700012207031,439.37552763810436,453.3617115946013,453.3617115946013,hedef,0.01865904746584455,1.4840925157782578,0.012572698310563036
TSLA,SHORT,2025-12-12 13:30:00,2025-12-15 09:30:00,455.6029968261719,463.295601318751,444.0640900873032,470.0,stop,-0.032299886906189755,-1.9129964741853844,0.016884446647997136
TSLA,LONG,2025-12-17 13:30:00,2025-12-18 09:30:00,472.2850036621094,465.47522382132195,482.4996734232905,482.4996734232905,hedef,0.021428189931876652,1.4861292137277848,0.01441879328791774
TSLA,SHORT,2025-12-18 11:30:00,2025-12-18 15:30:00,490.70001220703125,495.6125106795857,483.33126449819963,483.33126449819963,hedef,0.014816807673774112,1.4800223851488699,0.010011205115849478
TSLA,SHORT,2025-12-22 09:30:00,2025-12-22 09:30:00,489.67999267578125,491.14993938434577,487.47507261293447,491.14993938434577,stop,-0.003701851679772072,-1.2331894026334016,0.0030018516797719725
TSLA,LONG,2025-12-24 09:30:00,2025-12-26 09:30:00,479.3407897949219,474.5047485441629,486.5948516710603,486.5948516710603,hedef,0.014933412450131666,1.4801763150916107,0.010088941633421158
TSLA,SHORT,2025-12-22 13:30:00,2025-12-22 14:30:00,494.6400146484375,499.1327100950449,487.9009714785264,487.9009714785264,hedef,0.013424136685950971,1.4779802561501498,0.009082757790633975
META,LONG,2025-10-30 09:30:00,2025-10-30 09:30:00,668.75,723.7569715442809,,668.75,stop,-0.0007,-0.1294355410929959,0.005408097297612169
META,LONG,2025-10-30 09:30:00,2025-10-30 09:30:00,668.75,730.8769666614684,,668.75,stop,-0.0007,-0.1294355410929959,0.005408097297612169
META,SHORT,2025-10-27 15:30:00,2025-10-28 09:30:00,753.2800903320312,755.9654471488797,749.2520551067587,755.9654471488797,stop,-0.004264884896486209,-1.1963597760729916,0.0035648848964861908
META,SHORT,2025-10-28 13:30:00,2025-10-28 14:30:00,756.0549926757812,758.6497532971297,752.1628517437587,752.1628517437587,hedef,0.004947960095135074,1.4417244900006787,0.003431973396756786
META,SHORT,2025-10-29 15:30:00,2025-10-30 09:30:00,754.75,759.4128607884758,747.7557088172864,668.75,hedef,0.11374501490559782,18.411240200903137,0.006178020256344178
META,LONG,2025-10-30 09:30:00,2025-10-30 09:30:00,668.75,744.8669568958434,,668.75,stop,-0.0007,-0.1294355410929959,0.005408097297612169
META,LONG,2025-10-31 09:30:00,2025-10-31 13:30:00,661.510009765625,649.5908661854523,679.388725135884,649.5908661854523,stop,-0.018718084993748794,-1.0388498555891377,0.018018084993748844
META,LONG,2025-11-13 12:30:00,2025-11-13 15:30:00,604.4400024414062,600.9177030685169,609.7234515007403,609.7234515007403,hedef,0.008541064519213859,1.465679237426917,0.005827376346142545
META,LONG,2025-11-13 10:30:00,2025-11-13 10:30:00,610.7899780273438,607.4920460272317,615.7368760275118,607.4920460272317,stop,-0.006099453361633944,-1.1296427532783082,0.005399453361633907
META,SHORT,2025-11-24 10:30:00,2025-11-25 09:30:00,614.5399780273438,618.0204918349067,609.3192073159994,624.0250244140625,stop,-0.01613438462240565,-2.8487817947432665,0.00566360844209891
META,LONG,2025-11-17 13:30:00,2025-11-18 09:30:00,601.4650268554688,594.9351005848782,611.2599162613545,591.5999755859375,stop,-0.017101703888099583,-1.5752209691335286,0.010856701518839357
META,SHORT,2025-11-20 09:30:00,2025-11-20 09:30:00,602.9450073242188,603.9691417870632,601.408805629952,603.9691417870632,stop,-0.002398553683012305,-1.4121153231721775,0.00169855368301237
META,LONG,2025-11-21 10:30:00,2025-11-21 11:30:00,583.1699829101562,580.9212429042991,586.543092918942,587.7999877929688,hedef,0.007739374485133266,2.007066568155851,0.0038560626777040187
META,SHORT,2025-11-24 09:30:00,2025-11-24 09:30:00,602.9450073242188,607.0519744174596,596.7845566843574,607.0519744174596,stop,-0.0075115119013374415,-1.102767199138652,0.0068115119013374015
META,LONG,2025-11-21 10:30:00,2025-11-21 10:30:00,585.1199951171875,582.9812404628929,588.3281270986295,582.9812404628929,stop,-0.004355241099505213,-1.191505835304471,0.003655241099505231
META,LONG,2025-12-03 15:30:00,2025-12-04 09:30:00,639.468994140625,637.8842749449589,641.8460729341242,666.4249877929688,hedef,0.04195371487802866,16.92924521068752,0.002478179880786597
META,SHORT,2025-12-04 09:30:00,2025-12-04 09:30:00,666.4249877929688,649.0426304884702,,666.4249877929688,stop,-0.0007,-0.1294355410929959,0.005408097297612169
META,SHORT,2025-12-16 14:30:00,2025-12-17 14:30:00,657.97998046875,667.061829093681,644.3572075313534,653.5800170898438,zaman,0.005987077889165671,0.4337638244447217,0.013802621499914076
META,SHORT,2025-12-15 12:30:00,2025-12-15 13:30:00,652.0,653.6935501892596,649.4596747161106,649.4596747161106,hedef,0.0036962044231432013,1.4230019866981465,0.0025974696154287638
META,LONG,2025-12-15 09:30:00,2025-12-15 10:30:00,641.3699951171875,638.3575582173302,645.8886504669736,645.8886504669736,hedef,0.006845317654687633,1.457418527495307,0.0046968784364583805
META,SHORT,2025-12-17 12:30:00,2025-12-17 13:30:00,659.4323120117188,662.7791127004933,654.4121109785569,654.4121109785569,hedef,0.007412913322137316,1.460593272600683,0.0050752755480915875
META,SHORT,2025-12-18 09:30:00,2025-12-18 09:30:00,659.469970703125,661.4813823865992,656.4528531779138,661.4813823865992,stop,-0.0037500428720501295,-1.2295049707053622,0.003050042872050159
META,SHORT,2025-12-19 11:30:00,2025-12-19 15:30:00,667.030029296875,670.8374536603243,661.318892751701,661.318892751701,hedef,0.008362038130718319,1.4649616136462273,0.005708025420478807
META,SHORT,2025-12-24 09:30:00,2025-12-26 13:30:00,666.4000244140625,673.7754998080749,655.336811323044,662.6514892578125,zaman,0.0049250525493991565,0.444995741132105,0.011067639741606124
AMZN,SHORT,2025-10-28 09:30:00,2025-10-28 09:30:00,228.22000122070312,228.4697538151255,227.84537232906956,228.4697538151255,stop,-0.0017943501581215377,-1.6396490143534563,0.0010943501581215434
AMZN,LONG,2025-10-30 09:30:00,2025-10-30 09:30:00,226.72999572753906,225.44795377193284,228.65305866094837,225.44795377193284,stop,-0.00635448762741938,-1.123795478233184,0.005654487627419377
AMZN,SHORT,2025-11-10 09:30:00,2025-11-10 09:30:00,249.97000122070312,251.1100613242099,248.25991106544296,251.1100613242099,stop,-0.005260787686280099,-1.1534822596776113,0.004560787686280017
AMZN,LONG,2025-11-13 10:30:00,2025-11-13 12:30:00,239.74000549316406,238.39741455184222,241.75389190514682,238.39741455184222,stop,-0.006300195672641362,-1.1249956324597117,0.005600195672641408
AMZN,SHORT,2025-11-10 13:30:00,2025-11-11 13:30:00,248.6529998779297,251.87175083092995,243.8248734484293,249.3699951171875,zaman,-0.0035835173499206502,-0.2768317127306197,0.012944750132033143
AMZN,LONG,2025-11-14 14:30:00,2025-11-17 09:30:00,235.1199951171875,232.79023036822048,238.61464224063803,232.79023036822048,stop,-0.010608832925102028,-1.0706440410582219,0.009908832925102059
AMZN,LONG,2025-11-17 14:30:00,2025-11-18 09:30:00,230.6999969482422,229.0783809914689,233.13242088340212,228.1199951171875,stop,-0.011883363091389675,-1.6905925336190522,0.007029111305697627
AMZN,LONG,2025-11-20 11:30:00,2025-11-20 12:30:00,220.58999633789062,218.3917097470599,223.8874262241367,218.3917097470599,stop,-0.010665486319984728,-1.0702424324838296,0.009965486319984677
AMZN,LONG,2025-12-09 09:30:00,2025-12-10 09:30:00,226.0850067138672,223.73721147980575,229.60669956495934,229.60669956495934,hedef,0.015376852716948197,1.4807406537474932,0.010384568477965468
AMZN,LONG,2025-11-26 13:30:00,2025-11-28 09:30:00,229.49000549316406,228.67373775791046,230.71440709604445,231.21499633789062,hedef,0.007316627318996383,2.0570368901157683,0.0035568770565823976
AMZN,SHORT,2025-11-28 09:30:00,2025-11-28 09:30:00,231.21499633789062,231.83411401680695,230.28631981951614,231.83411401680695,stop,-0.0033776709500777597,-1.2614212175620625,0.002677670950077845
AMZN,LONG,2025-12-03 09:30:00,2025-12-03 09:30:00,233.35000610351562,233.2428724117402,233.51070664117879,233.2428724117402,stop,-0.0011591115876290132,-2.5246837998904392,0.0004591115876290384
AMZN,LONG,2025-12-08 12:30:00,2025-12-08 13:30:00,227.1699981689453,226.72746618270767,227.83379614830176,226.72746618270767,stop,-0.0026480212607499993,-1.3593389939340397,0.0019480212607499814
AMZN,SHORT,2025-12-10 09:30:00,2025-12-10 09:30:00,229.5500030517578,230.88249279743272,227.55126843324547,230.88249279743272,stop,-0.006504790799216253,-1.1205900478092192,0.005804790799216249
AMZN,LONG,2025-12-09 15:30:00,2025-12-10 09:30:00,226.88999938964844,225.05159082076358,229.64761224297573,229.64761224297573,hedef,0.011953963862424399,1.4753166947511227,0.00810264257494962
AMZN,LONG,2025-12-12 09:30:00,2025-12-12 09:30:00,227.89999389648438,226.81897896773265,229.52151628961195,226.81897896773265,stop,-0.005443374101373377,-1.1475742762514471,0.004743374101373346
AMZN,SHORT,2025-12-23 09:30:00,2025-12-23 10:30:00,231.9199981689453,232.45105344700573,231.12341525185468,230.1199951171875,hedef,0.0075613102189082465,3.302140331847919,0.00228982098246468
AMZN,SHORT,2025-12-19 11:30:00,2025-12-19 15:30:00,228.32000732421875,229.30918245013706,226.8362446353413,226.8362446353413,hedef,0.006298610026630214,1.4538362821017548,0.004332406684420173
AMZN,LONG,2025-12-19 15:30:00,2025-12-22 14:30:00,226.7519989013672,225.50851961964366,228.61721782395247,228.61721782395247,hedef,0.008025810275642286,1.4635294287192255,0.00548387351709483
GOOGL,SHORT,2025-10-29 09:30:00,2025-10-29 10:30:00,269.5150146484375,270.81983101262927,267.55779010214985,270.81983101262927,stop,-0.005541349436111475,-1.1445877867808552,0.004841349436111388
GOOGL,SHORT,2025-11-03 10:30:00,2025-11-04 09:30:00,283.3599853515625,286.15046332576736,279.1742683902552,276.67999267578125,hedef,0.023374227206051847,2.3735434359048253,0.009847819446852165
GOOGL,LONG,2025-11-07 09:30:00,2025-11-07 09:30:00,277.2300109863281,276.13630915467024,278.87056373381495,276.13630915467024,stop,-0.004645106187337788,-1.1774350212034188,0.0039451061873377715
GOOGL,SHORT,2025-11-06 13:30:00,2025-11-07 09:30:00,285.3299865722656,288.48030296849544,280.6045119779209,280.6045119779209,hedef,0.016361436991298973,1.4818856298425434,0.011040957994199218
GOOGL,LONG,2025-11-07 09:30:00,2025-11-07 09:30:00,283.1300048828125,281.01631403748274,286.30054115080713,281.01631403748274,stop,-0.00816544276084271,-1.0937653696404435,0.00746544276084272
GOOGL,LONG,2025-11-14 09:30:00,2025-11-14 09:30:00,271.4100036621094,275.0621611639853,,271.4100036621094,stop,-0.0007,-0.1486119062294087,0.004710255172418194
GOOGL,SHORT,2025-11-17 09:30:00,2025-11-17 09:30:00,286.739990234375,287.46360390962883,285.6545697214942,287.46360390962883,stop,-0.0032235882677625555,-1.2773828080206513,0.0025235882677625957
GOOGL,SHORT,2025-11-19 09:30:00,2025-11-19 09:30:00,290.4100036621094,294.1321732067752,284.82674934511067,294.1321732067752,stop,-0.013516946722663535,-1.054615191523121,0.012816946722663623
GOOGL,SHORT,2025-11-21 13:30:00,2025-11-21 13:30:00,299.8999938964844,301.7812180665554,297.0781576413778,301.7812180665554,stop,-0.00697283830729386,-1.1115922275863712,0.006272838307293821
GOOGL,SHORT,2025-11-28 09:30:00,2025-11-28 09:30:00,323.92498779296875,324.6896280783809,322.7780273648505,324.6896280783809,stop,-0.0030605473928454136,-1.2965413878669438,0.002360547392845356
GOOGL,LONG,2025-12-04 09:30:00,2025-12-05 09:30:00,316.7300109863281,314.31005976097117,320.35993782436356,320.35993782436356,hedef,0.011260634332476127,1.4738234384505418,0.007640422888317371
GOOGL,LONG,2025-12-04 09:30:00,2025-12-04 12:30:00,315.1400146484375,313.7600719680024,317.2099286690901,317.2099286690901,hedef,0.006368236099632641,1.4543256369823947,0.004378824066421743
GOOGL,LONG,2025-12-04 09:30:00,2025-12-05 09:30:00,315.6199951171875,313.97006342308055,318.09489265834793,319.6675109863281,hedef,0.012624016005823057,2.4148829217283283,0.005227589251734021
GOOGL,LONG,2025-12-08 10:30:00,2025-12-08 11:30:00,316.0299987792969,314.59427170000043,318.18358939824157,314.59427170000043,stop,-0.005243008843597485,-1.154082904986316,0.004543008843597464
GOOGL,LONG,2025-12-11 12:30:00,2025-12-11 12:30:00,312.5400085449219,311.76720966324666,313.69920686743467,311.76720966324666,stop,-0.0031726398558478914,-1.2830982435005533,0.0024726398558478917
GOOGL,LONG,2025-12-10 12:30:00,2025-12-10 14:30:00,316.010009765625,313.6082828721773,319.61260010579656,319.61260010579656,hedef,0.011200241222876195,1.4736847673540674,0.0076001608152506785
GOOGL,SHORT,2025-12-22 09:30:00,2025-12-22 10:30:00,309.875,310.8837411656517,308.36188825152243,307.2900085449219,hedef,0.008142045841317036,2.501153458378078,0.00325531638774252
NFLX,LONG,2025-10-30 09:30:00,2025-10-31 09:30:00,109.44999694824219,108.6911982966875,110.58819492557421,110.58819492557421,hedef,0.010199250882302535,1.4711517681998934,0.006932833921535081
NFLX,SHORT,2025-10-28 13:30:00,2025-10-29 09:30:00,110.90301513671875,111.74137808699183,109.64547071130913,109.64547071130913,hedef,0.011139136486590128,1.4735429589056699,0.007559424324393388
NFLX,SHORT,2025-10-30 13:30:00,2025-10-30 15:30:00,110.03900146484375,110.6536299185931,109.11705878421972,109.11705878421972,hedef,0.008178326487437082,1.4641933266208071,0.0055855509916246755
NFLX,LONG,2025-10-30 14:30:00,2025-10-30 15:30:00,109.2712173461914,108.89616631155404,109.83379389814746,108.89616631155404,stop,-0.004132294832491301,-1.2039451836635835,0.003432294832491295
NFLX,SHORT,2025-11-03 09:30:00,2025-11-03 10:30:00,113.30999755859375,113.5342365492474,112.97363907261328,109.9532470703125,hedef,0.029424486458447287,14.868460115035427,0.001978986810388816
NFLX,LONG,2025-11-05 09:30:00,2025-11-05 09:30:00,107.9959945678711,107.46872542487829,108.78689828236031,107.46872542487829,stop,-0.0055823027659737895,-1.1433749674187572,0.004882302765973789
NFLX,SHORT,2025-11-05 11:30:00,2025-11-05 12:30:00,109.95699310302734,110.50862002149502,109.12955272532582,109.12955272532582,hedef,0.007325127364352624,1.4601335651246248,0.005016751576235022
NFLX,LONG,2025-11-04 13:30:00,2025-11-04 13:30:00,109.2540054321289,108.87149030583222,109.82777812157393,108.87149030583222,stop,-0.004201154257765982,-1.1999340641582317,0.0035011542577659403
NFLX,LONG,2025-11-06 13:30:00,2025-11-06 13:30:00,109.306396484375,108.5279323442623,110.47409269454405,108.5279323442623,stop,-0.007821853479306494,-1.0982890201313358,0.007121853479306513
NFLX,LONG,2025-11-07 11:30:00,2025-11-07 14:30:00,109.02950286865234,108.46251631907866,109.87998269301286,109.87998269301286,hedef,0.007600455858127498,1.4615407092282087,0.005200303905418445
NFLX,SHORT,2025-11-07 14:30:00,2025-11-10 09:30:00,110.15899658203125,110.86959766444524,109.09309495841026,110.86959766444524,stop,-0.00715068586735742,-1.1085155926662293,0.006450685867357455
NFLX,LONG,2025-11-19 12:30:00,2025-11-19 12:30:00,109.06939697265625,108.67600082928617,109.65949118771138,108.67600082928617,stop,-0.004306842563443458,-1.19407556268044,0.003606842563443416
NFLX,LONG,2025-11-14 09:30:00,2025-11-14 09:30:00,113.65899658203125,112.78221692509149,114.97416606744089,112.78221692509149,stop,-0.008414124559484058,-1.0907426363940944,0.007714124559484044
NFLX,LONG,2025-11-19 09:30:00,2025-11-19 11:30:00,110.36990356445312,109.56287974948515,111.58043928690509,109.56287974948515,stop,-0.008011991665342909,-1.0957331506978987,0.007311991665342862
NFLX,LONG,2025-11-25 09:30:00,2025-11-26 09:30:00,104.25,103.25537242678841,105.74194135981739,105.76000213623047,hedef,0.014284432961443305,1.4971957105734448,0.009540792069175904
NFLX,LONG,2025-12-03 09:30:00,2025-12-03 09:30:00,104.4800033569336,103.9582693471138,105.26260437166329,103.9582693471138,stop,-0.005693625507815125,-1.1401787136228914,0.00499362550781514
NFLX,LONG,2025-12-03 09:30:00,2025-12-03 09:30:00,104.30999755859375,103.77826904193802,105.10759033357735,103.77826904193802,stop,-0.005797579609826486,-1.1373200721869425,0.005097579609826434
NFLX,LONG,2025-12-03 09:30:00,2025-12-03 09:30:00,106.57499694824219,107.4782659901802,,106.57499694824219,stop,-0.0007,-0.1401870692653273,0.004993327870169921
NFLX,LONG,2025-12-05 09:30:00,2025-12-05 09:30:00,98.69000244140625,101.7199803002748,,98.69000244140625,stop,-0.0007,-0.1401870692653273,0.004993327870169921
NFLX,LONG,2025-12-10 09:30:00,2025-12-10 09:30:00,95.78379821777344,95.39081818201323,96.37326827141374,95.39081818201323,stop,-0.004802781922123433,-1.1706159413995034,0.004102781922123473
NFLX,SHORT,2025-12-12 09:30:00,2025-12-12 10:30:00,96.8499984741211,97.28829116716821,96.19255943455042,95.54199981689453,hedef,0.01330540710205661,2.940109835217383,0.004525479607149727
NFLX,SHORT,2025-12-17 09:30:00,2025-12-17 09:30:00,95.9800033569336,96.95806197108541,94.51291543570586,96.95806197108541,stop,-0.010890233172993057,-1.068693226947454,0.010190233172993163
NFLX,LONG,2025-12-18 14:30:00,2025-12-19 09:30:00,93.69499969482422,93.27578486162642,94.32382194462092,94.32382194462092,hedef,0.006511374692831562,1.4552997688654843,0.004474249795221001
AVGO,LONG,2025-11-13 10:30:00,2025-11-13 10:30:00,339.62451171875,337.04167975923053,343.4987596580292,337.04167975923053,stop,-0.008304963335680392,-1.0920451511864278,0.0076049633356804446
AVGO,SHORT,2025-11-12 09:30:00,2025-11-12 10:30:00,358.2799987792969,360.0508512556446,355.6237200647753,355.31500244140625,hedef,0.00807564013618598,1.6338686461912897,0.004942649554485974
AVGO,LONG,2025-11-11 15:30:00,2025-11-12 09:30:00,352.0,349.45386196376046,355.8192070543593,357.7340087890625,hedef,0.016089797696200205,2.224391886241646,0.00723334669386233
AVGO,SHORT,2025-11-18 12:30:00,2025-11-18 15:30:00,347.3500061035156,352.4604725296387,339.68430646433103,339.68430646433103,hedef,0.021869093146640407,1.4864063286150129,0.014712728764426983
AVGO,LONG,2025-11-18 15:30:00,2025-11-19 09:30:00,339.489990234375,335.2559424872319,345.84106185508966,345.84106185508966,hedef,0.018507684477913712,1.483963809077813,0.012471789651942412
AVGO,SHORT,2025-11-19 09:30:00,2025-11-19 09:30:00,345.5151062011719,348.1966104682247,341.4928498005926,348.1966104682247,stop,-0.008460888652699193,-1.0901958565990382,0.00776088865269923
AVGO,SHORT,2025-11-24 10:30:00,2025-11-24 13:30:00,372.239990234375,376.50815886097564,365.83773729447404,376.50815886097564,stop,-0.01216617434605357,-1.0610491327685831,0.01146617434605362
AVGO,LONG,2025-12-03 09:30:00,2025-12-03 09:30:00,375.0325927734375,371.52129037550355,380.2995463703384,371.52129037550355,stop,-0.01006265931440039,-1.0747650829207651,0.009362659314400371
AVGO,SHORT,2025-12-08 09:30:00,2025-12-08 09:30:00,402.4599914550781,402.82183434637943,401.91722711812616,402.82183434637943,stop,-0.00159907791826227,-1.7785754557879068,0.0008990779182623322
AVGO,SHORT,2025-12-05 09:30:00,2025-12-08 09:30:00,388.6549987792969,393.6928734212222,381.0981868164089,402.4599914550781,stop,-0.03621991539833654,-2.7942440365183225,0.012962330750275914
AVGO,LONG,2025-12-12 09:30:00,2025-12-12 09:30:00,375.0899963378906,370.4020225845016,382.12195696797414,370.4020225845016,stop,-0.013198263881092652,-1.0560077788931124,0.012498263881092644
AVGO,SHORT,2025-12-09 09:30:00,2025-12-10 09:30:00,402.4599914550781,407.49507867357636,394.9073606273308,402.57501220703125,zaman,-0.0009857942513423418,-0.07879560546918125,0.012510777034740957
AVGO,LONG,2025-12-11 09:30:00,2025-12-11 09:30:00,399.3500061035156,395.30111758391575,405.42333888291546,395.30111758391575,stop,-0.010838696526150403,-1.069042405815627,0.010138696526150438
AVGO,SHORT,2025-12-10 12:30:00,2025-12-10 13:30:00,404.9139099121094,407.1357454697427,401.5811565756594,407.1357454697427,stop,-0.006187180122104363,-1.1275700786967178,0.0054871801221044346
AVGO,LONG,2025-12-11 09:30:00,2025-12-11 09:30:00,401.9100036621094,399.3511053768845,405.7483510899467,399.3511053768845,stop,-0.007066843974792369,-1.109944582083599,0.0063668439747923454
AVGO,LONG,2025-12-12 09:30:00,2025-12-12 09:30:00,379.9599914550781,393.94203112942347,,379.9599914550781,stop,-0.0007,-0.09772832981951868,0.007162713220339853
AVGO,SHORT,2025-12-19 09:30:00,2025-12-22 09:30:00,339.8500061035156,347.7633971847041,327.9799194817329,339.95001220703125,zaman,-0.000994265416270534,-0.042699912631805316,0.02328495200549775
AAPL,LONG,2026-01-02 10:30:00,2026-01-02 11:30:00,270.3599853515625,269.49815180507,271.65273567130123,269.49815180507,stop,-0.0038877259697725703,-1.2195922756967568,0.0031877259697725624
AAPL,LONG,2025-12-31 10:30:00,2025-12-31 10:30:00,272.4949951171875,272.2349008954553,272.88513644978576,272.2349008954553,stop,-0.001654491738904495,-1.7333746029100539,0.0009544917389044887
AAPL,LONG,2025-12-31 14:30:00,2026-01-02 09:30:00,272.489990234375,271.71763010806717,273.64853042383675,273.64853042383675,hedef,0.004051679808367382,1.429439653614144,0.0028344532055783254
AAPL,LONG,2026-01-16 10:30:00,2026-01-16 12:30:00,256.1099853515625,255.61810677268645,256.8478032198766,255.61810677268645,stop,-0.0026205755613193044,-1.3644740743858865,0.0019205755613192984
AAPL,LONG,2026-01-12 09:30:00,2026-01-12 10:30:00,256.9599914550781,256.1408575937576,258.18869224705895,260.364990234375,hedef,0.013051085353854108,4.094088816691562,0.0031877875488789975
AAPL,LONG,2026-01-13 09:30:00,2026-01-14 09:30:00,258.8999938964844,256.7239873507783,262.16400371504346,259.75,zaman,0.0025831445482979226,0.3073410367757272,0.008404814974913011
AAPL,SHORT,2026-01-13 15:30:00,2026-01-14 09:30:00,260.9599914550781,261.8849677531601,259.57252700795516,259.489990234375,hedef,0.00543305207249043,1.5328060030857904,0.003544513827289822
AAPL,SHORT,2026-01-27 09:30:00,2026-01-27 09:30:00,261.04998779296875,261.89753124486487,259.7786726151246,261.89753124486487,stop,-0.003946671103345422,-1.215605454854565,0.0032466711033454537
AAPL,LONG,2026-01-15 14:30:00,2026-01-16 09:30:00,257.3800048828125,256.6292411455401,258.5061504887211,256.6292411455401,stop,-0.0036169466276691703,-1.2399769654199504,0.002916946627669166
AAPL,SHORT,2026-01-26 14:30:00,2026-01-27 09:30:00,256.17999267578125,257.2428051199864,254.58577400947357,259.1400146484375,stop,-0.012254461930219694,-2.953811826956206,0.004148694178277248
AAPL,LONG,2026-01-23 09:30:00,2026-01-23 10:30:00,245.4600067138672,243.33046996244866,248.65431184099498,248.65431184099498,hedef,0.012813546157241817,1.4769470983254616,0.008675697438161194
AAPL,SHORT,2026-01-23 10:30:00,2026-01-26 09:30:00,248.38999938964844,251.65627377867838,243.49058780610352,251.65627377867838,stop,-0.013849782185498448,-1.0532328209034565,0.013149782185498352
AAPL,SHORT,2026-01-30 15:30:00,2026-02-02 09:30:00,260.7200012207031,262.05862767705463,258.71206153617584,262.05862767705463,stop,-0.005834345083169567,-1.1363367651883194,0.005134345083169662
AAPL,SHORT,2026-01-29 13:30:00,2026-01-30 09:30:00,258.07000732421875,259.74164419351706,255.56255202027128,255.1649932861328,hedef,0.011056689873443193,1.7069496904664754,0.006477455038772478
AAPL,LONG,2026-01-30 09:30:00,2026-01-30 09:30:00,255.1649932861328,254.3250161756269,256.42495895189165,254.3250161756269,stop,-0.003991897919413978,-1.2126432888066474,0.0032918979194140204
AAPL,SHORT,2026-01-30 14:30:00,2026-01-30 14:30:00,258.30999755859375,259.45736122507924,256.5889520588655,259.45736122507924,stop,-0.0051418089788615945,-1.1575934497253764,0.004441808978861638
AAPL,SHORT,2026-02-04 14:30:00,2026-02-05 09:30:00,277.21380615234375,278.95097318791403,274.60805559898836,278.95097318791403,stop,-0.006966524238751625,-1.1117046664674441,0.006266524238751711
AAPL,LONG,2026-02-09 09:30:00,2026-02-09 09:30:00,275.2200012207031,273.11019923693317,278.38470419635803,273.11019923693317,stop,-0.00836587448009659,-1.0913137831590376,0.007665874480096644
AAPL,SHORT,2026-02-11 10:30:00,2026-02-11 14:30:00,279.29998779296875,280.99820735451874,276.75265845064376,276.75265845064376,hedef,0.008920406207153819,1.4671067282327044,0.006080270804769231
AAPL,SHORT,2026-02-11 10:30:00,2026-02-11 10:30:00,278.0799865722656,279.10321834084687,276.54513891939376,279.10321834084687,stop,-0.004379631106121795,-1.19023646115922,0.0036796311061217976
AAPL,SHORT,2026-02-18 10:30:00,2026-02-18 11:30:00,265.3900146484375,266.4171579445949,263.84929970420137,266.4171579445949,stop,-0.004570316287212461,-1.1808637713441463,0.0038703162872125284
AAPL,LONG,2026-02-18 14:30:00,2026-02-18 15:30:00,263.5,262.340442352831,265.23933647075347,265.23933647075347,hedef,0.006400897422214258,1.4545516342989244,0.004400598281476209
AAPL,SHORT,2026-02-23 09:30:00,2026-02-23 09:30:00,266.0400085449219,266.9232445914408,264.71515447514355,266.9232445914408,stop,-0.004019936919825128,-1.2108473796052615,0.003319936919825218
MSFT,LONG,2025-12-29 09:30:00,2025-12-29 10:30:00,484.75,484.7490109278526,484.75148360822106,487.385009765625,hedef,0.005235811790871492,2566.1017473363786,2.0403757552896258e-06
MSFT,SHORT,2025-12-30 09:30:00,2025-12-30 10:30:00,488.6099853515625,489.24269678173846,487.66091820629856,489.24269678173846,stop,-0.0019949212033002145,-1.5405734327432032,0.0012949212033002428
MSFT,SHORT,2026-01-07 10:30:00,2026-01-07 13:30:00,488.5799865722656,489.8002210553668,486.74963484761383,486.74963484761383,hedef,0.003546268318301382,1.4199203114911911,0.0024975122122009186
MSFT,SHORT,2026-01-07 10:30:00,2026-01-07 10:30:00,485.885009765625,486.8252149518512,484.4747019862857,486.8252149518512,stop,-0.0026350364125860776,-1.3617502985716818,0.0019350364125860116
MSFT,LONG,2026-01-05 15:30:00,2026-01-06 14:30:00,472.510009765625,469.4002243906594,477.1746878280734,477.1746878280734,hedef,0.00967212538579274,1.469611407039888,0.006581416923861847
MSFT,SHORT,2026-01-06 12:30:00,2026-01-06 13:30:00,475.4049987792969,476.1653504312326,474.2644713013933,476.1653504312326,stop,-0.0022993766449406977,-1.4376705150811036,0.0015993766449407794
MSFT,LONG,2026-01-13 09:30:00,2026-01-13 09:30:00,471.6700134277344,469.6338707796322,474.7242273998876,469.6338707796322,stop,-0.0050168795771116876,-1.1621541642513027,0.004316879577111634
MSFT,LONG,2026-01-13 09:30:00,2026-01-13 09:30:00,473.9700012207031,472.08397453939784,476.799041242661,472.08397453939784,stop,-0.004679211081814982,-1.1759142668251517,0.003979211081814981
MSFT,LONG,2026-01-13 14:30:00,2026-01-13 15:30:00,466.79998779296875,465.80712252063586,468.2892857014681,468.2892857014681,hedef,0.002990441189899751,1.4059691177039761,0.0021269607932664293
MSFT,LONG,2026-01-15 13:30:00,2026-01-15 13:30:00,458.2900085449219,457.0209582200324,460.19358403225607,457.0209582200324,stop,-0.0034690988265677286,-1.2527898221919471,0.0027690988265677403
MSFT,SHORT,2026-01-23 09:30:00,2026-01-23 09:30:00,462.5199890136719,463.3420216538287,461.28694005343664,463.3420216538287,stop,-0.002477291056997976,-1.3938578305696065,0.0017772910569979863
MSFT,LONG,2026-01-21 09:30:00,2026-01-21 09:30:00,450.56500244140625,449.1428770504173,452.69819052788966,449.1428770504173,stop,-0.0038563156998060117,-1.2217775617448778,0.0031563156998059665
MSFT,LONG,2026-01-29 09:30:00,2026-01-29 09:30:00,439.864990234375,438.53467645231297,441.86046090746805,438.53467645231297,stop,-0.0037243684121193938,-1.231453283665762,0.003024368412119361
MSFT,LONG,2026-01-29 09:30:00,2026-01-29 09:30:00,439.864990234375,461.8496788937192,,439.864990234375,stop,-0.0007,-0.20967485067251604,0.0033385024372489286
MSFT,LONG,2026-02-05 09:30:00,2026-02-05 09:30:00,407.7699890136719,408.3718615487428,,407.7699890136719,stop,-0.0007,-0.20967485067251604,0.0033385024372489286
MSFT,SHORT,2026-02-10 09:30:00,2026-02-10 09:30:00,419.6199951171875,418.8535996359838,,419.6199951171875,stop,-0.0007,-0.20967485067251604,0.0033385024372489286
MSFT,LONG,2026-02-13 10:30:00,2026-02-13 11:30:00,399.5400085449219,397.82505595704714,402.112437426734,402.112437426734,hedef,0.006238476314751585,1.4534051248565496,0.004292317543167683
MSFT,LONG,2026-02-19 14:30:00,2026-02-20 14:30:00,396.8999938964844,394.3882016683616,400.66768223866853,396.82000732421875,zaman,-0.0009015282778927707,-0.142454683945164,0.00632852674917872
MSFT,SHORT,2026-02-19 10:30:00,2026-02-19 11:30:00,401.3800048828125,402.71360383317295,399.37960645727185,399.37960645727185,hedef,0.0047838018865057124,1.4398049908820696,0.003322534591003887
NVDA,LONG,2025-12-29 09:30:00,2025-12-29 09:30:00,187.0,186.52092257021067,187.718616144684,186.52092257021067,stop,-0.003261911389247773,-1.273233493920948,0.0025619113892477426
NVDA,SHORT,2026-01-02 09:30:00,2026-01-02 09:30:00,192.24440002441406,192.74612380877386,191.49181434787437,192.74612380877386,stop,-0.003309822623161451,-1.2682174619025133,0.002609822623161353
NVDA,LONG,2025-12-31 15:30:00,2026-01-02 09:30:00,187.0,185.8533344808194,188.7199982787709,190.0,hedef,0.015842780748663167,2.5836653762093276,0.006131901172088777
NVDA,SHORT,2026-01-02 09:30:00,2026-01-02 09:30:00,190.0,190.61611892596136,189.07582161105796,190.61611892596136,stop,-0.003942731189270209,-1.2158674151949713,0.003242731189270312
NVDA,SHORT,2026-01-05 09:30:00,2026-01-05 09:30:00,191.71499633789062,193.001374458495,189.78542915698404,193.001374458495,stop,-0.007409846100600325,-1.104324300364725,0.006709846100600229
NVDA,LONG,2026-01-05 11:30:00,2026-01-05 11:30:00,188.9550018310547,188.1765605202098,190.12266379732205,188.1765605202098,stop,-0.004819717939728873,-1.1699145451802637,0.0041197179397288695
NVDA,SHORT,2026-01-06 09:30:00,2026-01-06 10:30:00,191.71499633789062,193.71342503943788,188.71735328556974,188.71735328556974,hedef,0.015435934118777283,1.4808134264495465,0.01042395607918484
NVDA,LONG,2026-01-07 09:30:00,2026-01-07 10:30:00,186.64320373535156,186.06354888121012,187.51268601656372,191.02000427246094,hedef,0.02325009327698544,7.486303039400533,0.0031056842281991293
NVDA,LONG,2026-01-08 09:30:00,2026-01-08 09:30:00,186.94000244140625,186.47871110877944,187.63193944034646,186.47871110877944,stop,-0.003167590278177112,-1.2836775643795897,0.002467590278177083
NVDA,LONG,2026-01-12 15:30:00,2026-01-13 10:30:00,184.96200561523438,183.59804928308435,187.00794011345943,183.59804928308435,stop,-0.008074251417814891,-1.0949248893669319,0.007374251417814874
NVDA,SHORT,2026-01-12 11:30:00,2026-01-12 11:30:00,185.88499450683594,186.41588223528078,185.08866291416868,186.41588223528078,stop,-0.0035560009905764795,-1.245097954205761,0.0028560009905765423
NVDA,SHORT,2026-01-15 09:30:00,2026-01-15 09:30:00,186.49000549316406,188.186033792359,183.94596304437164,188.186033792359,stop,-0.009794472889900284,-1.0769698264511065,0.00909447288990036
NVDA,LONG,2026-01-20 09:30:00,2026-01-20 09:30:00,181.82000732421875,180.7531413074701,183.42030634934173,180.7531413074701,stop,-0.006567704178705968,-1.11929708429071,0.005867704178705935
NVDA,LONG,2026-01-16 15:30:00,2026-01-16 15:30:00,187.13999938964844,186.25407510865318,188.46888581114132,186.25407510865318,stop,-0.005434018830205522,-1.147865909517211,0.004734018830205571
NVDA,SHORT,2026-01-23 09:30:00,2026-01-26 09:30:00,188.9875030517578,190.52305999664964,186.68416763442008,187.3459930419922,zaman,0.007985812465155763,0.9828477951598935,0.008125177168308751
NVDA,SHORT,2026-01-23 09:30:00,2026-01-23 09:30:00,188.52000427246094,188.49675384430589,,188.52000427246094,stop,-0.0007,-0.11327340969537296,0.006179738050461404
NVDA,SHORT,2026-01-21 14:30:00,2026-01-21 14:30:00,183.39500427246094,183.83868409618336,182.7294845368773,183.83868409618336,stop,-0.0031192579589750186,-1.2893449197523759,0.002419257958975078
NVDA,SHORT,2026-01-27 09:30:00,2026-01-27 10:30:00,188.52000427246094,189.5050501164495,187.0424355064781,189.5050501164495,stop,-0.005925152883854722,-1.1339673719716243,0.0052251528838547475
NVDA,SHORT,2026-01-27 09:30:00,2026-01-27 09:30:00,187.6699981689453,189.18504279223075,185.39743123401718,189.18504279223075,stop,-0.008772918623474034,-1.0867096564016483,0.008072918623474125
NVDA,LONG,2026-01-29 10:30:00,2026-01-29 11:30:00,186.41000366210938,185.90834198246844,187.16249618157076,187.8300018310547,hedef,0.007417607108249658,2.756272253448969,0.002691173594686767
NVDA,LONG,2026-01-29 10:30:00,2026-01-29 11:30:00,186.38999938964844,185.61833343754657,187.54749831780123,187.8300018310547,hedef,0.007525749482921041,1.817787136658742,0.004140060918658525
NVDA,SHORT,2026-01-28 13:30:00,2026-01-29 09:30:00,191.77999877929688,192.42175375515384,190.81736631551144,192.42175375515384,stop,-0.004046308165303125,-1.209185754993574,0.0033463081653030452
NVDA,SHORT,2026-01-29 15:30:00,2026-01-30 10:30:00,191.6199951171875,193.56368028148447,188.70446737074207,193.56368028148447,stop,-0.010843436039168562,-1.0690101458023762,0.01014343603916847
NVDA,LONG,2026-02-02 09:30:00,2026-02-02 10:30:00,187.1999969482422,185.96598683408527,189.05101211947755,189.05101211947755,hedef,0.009687901716938207,1.469659892605296,0.006591934477958888
NVDA,SHORT,2026-02-09 09:30:00,2026-02-09 14:30:00,192.8300018310547,194.60891040319277,190.16163897284758,194.60891040319277,stop,-0.009925268657605756,-1.0758785490136318,0.0092252686576057
NVDA,SHORT,2026-02-09 09:30:00,2026-02-09 09:30:00,189.9199981689453,190.41890796178652,189.17163347968352,190.41890796178652,stop,-0.0033269471232691633,-1.2664690102817204,0.0026269471232692053
NVDA,LONG,2026-02-05 09:30:00,2026-02-05 09:30:00,173.33999633789062,171.79968611489033,175.65046167239106,171.79968611489033,stop,-0.00958606354875987,-1.078775038706284,0.008886063548759817
NVDA,SHORT,2026-02-06 09:30:00,2026-02-06 09:30:00,176.69000244140625,176.92196341480832,176.34206098130315,176.92196341480832,stop,-0.002012813233329324,-1.5332060815877033,0.0013128132333293163
NVDA,SHORT,2026-02-11 09:30:00,2026-02-11 10:30:00,192.4199981689453,193.77285170516757,190.39071786461193,188.9250030517578,hedef,0.017963367375769736,2.5549780704315994,0.0070307325075143505
NVDA,SHORT,2026-02-23 09:30:00,2026-02-24 09:30:00,191.44500732421875,198.8119554167362,180.39458518544257,192.00999450683594,zaman,-0.0036511721956809734,-0.09488307491321887,0.03848075327470549
NVDA,SHORT,2026-02-20 10:30:00,2026-02-20 11:30:00,189.77569580078125,190.46228407455598,188.74581339011917,188.74581339011917,hedef,0.005226840388155996,1.4447192143968652,0.003617893592104036
NVDA,SHORT,2026-02-24 10:30:00,2026-02-25 09:30:00,192.0,194.04488498211637,188.93267252682546,194.47000122070312,stop,-0.013564589691162109,-1.2736174618523906,0.010650442615189437
AMD,SHORT,2025-12-29 13:30:00,2025-12-30 10:30:00,215.43020629882812,216.3539178028759,214.04463904275644,216.3539178028759,stop,-0.004987752956827706,-1.1632556742536722,0.004287752956827634
AMD,LONG,2025-12-31 14:30:00,2026-01-02 09:30:00,214.85069274902344,212.9540329508495,217.69568244628437,220.0,hedef,0.02376691016021846,2.6922788774998,0.00882780396891489
AMD,SHORT,2025-12-29 13:30:00,2025-12-30 13:30:00,215.5,216.92392512709466,213.364112309358,215.10000610351562,zaman,0.0011561201693010342,0.1749698012512211,0.006607541193014675
AMD,LONG,2025-12-31 14:30:00,2025-12-31 15:30:00,214.82000732421875,214.2540360026073,215.66896430663593,214.2540360026073,stop,-0.003334630399007687,-1.2656919165070128,0.002634630399007696
AMD,SHORT,2026-01-02 09:30:00,2026-01-02 09:30:00,220.0,217.71408978786067,,220.0,stop,-0.0007,-0.09087315916007736,0.007703044622526184
AMD,SHORT,2026-01-02 13:30:00,2026-01-05 09:30:00,221.93499755859375,227.27050412466798,213.9317377094824,230.31500244140625,stop,-0.03845882566966504,-1.5997280249593355,0.024040852613457623
AMD,SHORT,2026-01-15 09:30:00,2026-01-15 09:30:00,230.31500244140625,234.17466339820052,224.52551100621486,234.17466339820052,stop,-0.017458182992339775,-1.0417706382798155,0.016758182992339794
AMD,LONG,2026-01-09 13:30:00,2026-01-12 09:30:00,204.61000061035156,202.9635828298264,207.0796272811393,201.125,stop,-0.017732406040544456,-2.20371017228781,0.0080466144157856
AMD,SHORT,2026-01-14 10:30:00,2026-01-14 10:30:00,222.25,223.26847183566994,220.7222922464951,223.26847183566994,stop,-0.005282550441709632,-1.152753364944734,0.004582550441709525
AMD,SHORT,2026-01-21 09:30:00,2026-01-21 09:30:00,238.36500549316406,239.65643956651667,236.42785438313516,239.65643956651667,stop,-0.0061178845199222,-1.1292017202334081,0.005417884519922288
AMD,LONG,2026-01-28 12:30:00,2026-01-29 09:30:00,251.32000732421875,247.81479988039533,256.57781848995387,247.81479988039533,stop,-0.014647188212920402,-1.0501893277206578,0.013947188212920443
AMD,LONG,2026-01-28 13:30:00,2026-01-28 14:30:00,250.7449951171875,249.72095143399991,252.28106064196888,252.28106064196888,hedef,0.005926006718752297,1.4510284572360115,0.004084004479168134
AMD,SHORT,2026-01-29 09:30:00,2026-01-29 09:30:00,254.65499877929688,257.4985591823176,250.3896581747658,257.4985591823176,stop,-0.011866324700679241,-1.0626884869250997,0.01116632470067929
AMD,LONG,2026-01-30 09:30:00,2026-01-30 09:30:00,236.91000366210938,240.74093392477357,,236.91000366210938,stop,-0.0007,-0.09087315916007736,0.007703044622526184
AMD,SHORT,2026-02-06 09:30:00,2026-02-06 09:30:00,202.2617950439453,204.4977303355187,198.90789210658522,204.4977303355187,stop,-0.011754659586540171,-1.0633217146597842,0.011054659586540222
AMD,SHORT,2026-02-12 09:30:00,2026-02-12 10:30:00,216.82000732421875,219.5583640176304,212.7124722841013,212.7124722841013,hedef,0.018744446551813378,1.4841642246354547,0.01262963103454232
AMD,SHORT,2026-02-24 12:30:00,2026-02-25 09:30:00,215.63999938964844,218.6428771779052,211.1356827072633,211.1356827072633,hedef,0.02068813158567171,1.4856377771860725,0.0139254210571145
AMD,SHORT,2026-02-13 13:30:00,2026-02-17 09:30:00,208.58999633789062,210.22485325426516,206.13771096332883,202.14500427246094,hedef,0.03069789624901085,3.9167183390960356,0.00783765734252308
AMD,SHORT,2026-02-24 09:30:00,2026-02-24 09:30:00,211.66000366210938,209.6186618526662,,211.66000366210938,stop,-0.0007,-0.09087315916007736,0.007703044622526184
AMD,SHORT,2026-02-19 10:30:00,2026-02-19 11:30:00,203.81500244140625,205.12681039282376,201.84729051428,201.11000061035156,hedef,0.013071848483441872,2.030967130278093,0.006436267868920158
AMD,LONG,2026-02-18 14:30:00,2026-02-19 14:30:00,198.57000732421875,194.83702511369677,204.16948064000172,202.05999755859375,zaman,0.01687561618395198,0.8976713630734076,0.018799325541781785
AMD,SHORT,2026-02-24 09:30:00,2026-02-24 09:30:00,211.66000366210938,204.22866246301777,,211.66000366210938,stop,-0.0007,-0.09087315916007736,0.007703044622526184
AMD,SHORT,2026-02-24 09:30:00,2026-02-24 09:30:00,211.66000366210938,204.99865147668964,,211.66000366210938,stop,-0.0007,-0.09087315916007736,0.007703044622526184
TSLA,LONG,2026-01-06 09:30:00,2026-01-06 10:30:00,438.3800048828125,435.074302068085,443.33855910490377,435.074302068085,stop,-0.008240724435210477,-1.0928292773478687,0.007540724435210472
TSLA,SHORT,2026-01-08 12:30:00,2026-01-08 13:30:00,436.34710693359375,438.5968560226579,432.9724832999975,432.9724832999975,hedef,0.007533805449774201,1.4612092647082626,0.005155870299849461
TSLA,LONG,2026-01-14 11:30:00,2026-01-15 09:30:00,434.94000244140625,430.1716744758821,442.09249438969243,442.09249438969243,hedef,0.01624477837894387,1.4817571272116408,0.010963185585962506
TSLA,SHORT,2026-01-23 09:30:00,2026-01-23 10:30:00,450.31939697265625,452.0388670264227,447.7401918920066,452.0388670264227,stop,-0.004518334420693015,-1.1833260062833668,0.0038183344206930456
TSLA,LONG,2026-01-16 10:30:00,2026-01-16 11:30:00,436.1199951171875,434.02695224049353,439.25955943222846,439.25955943222846,hedef,0.006998854329523164,1.4583267022407198,0.004799236219682064
TSLA,SHORT,2026-01-16 09:30:00,2026-01-16 09:30:00,443.3399963378906,445.53693320821696,440.0445910324011,445.53693320821696,stop,-0.0056554222232905954,-1.1412594060522274,0.004955422223290562
TSLA,SHORT,2026-01-16 13:30:00,2026-01-20 09:30:00,440.3500061035156,447.4405982034396,429.7141179536296,429.3450012207031,hedef,0.024791494788864533,1.5396365674044081,0.016102173274995153
TSLA,SHORT,2026-01-29 09:30:00,2026-01-29 09:30:00,437.760009765625,438.44664581940395,436.7300556849566,438.44664581940395,stop,-0.002268521652187016,-1.4462801001338235,0.0015685216521869527
TSLA,LONG,2026-02-02 09:30:00,2026-02-03 09:30:00,421.31500244140625,414.32522568395285,431.7996675775863,422.8550109863281,zaman,0.0029552425999500925,0.1781298725864525,0.016590381821082887
TSLA,LONG,2026-02-03 12:30:00,2026-02-03 13:30:00,419.489990234375,414.21586351064275,427.4011803199734,414.21586351064275,stop,-0.013272711736901109,-1.055676135319758,0.012572711736901094
TSLA,SHORT,2026-02-10 09:30:00,2026-02-11 09:30:00,424.2699890136719,428.7985940504611,417.4770814584881,428.7985940504611,stop,-0.011373875489796369,-1.0655806787955484,0.010673875489796357
TSLA,LONG,2026-02-04 10:30:00,2026-02-04 10:30:00,415.8699951171875,413.40989367867024,419.56014727496336,413.40989367867024,stop,-0.0066155540611292024,-1.1183321110358324,0.005915554061129193
TSLA,SHORT,2026-02-10 09:30:00,2026-02-10 09:30:00,421.80999755859375,424.1385903883517,418.31710831395685,424.1385903883517,stop,-0.00622047804280531,-1.1268006130216137,0.005520478042805247
TSLA,LONG,2026-02-05 09:30:00,2026-02-05 09:30:00,397.05999755859375,398.8938833135891,,397.05999755859375,stop,-0.0007,-0.08226208019414792,0.008509388509844631
TSLA,SHORT,2026-02-06 09:30:00,2026-02-06 09:30:00,400.8800048828125,402.4032947001851,398.59507015675365,402.4032947001851,stop,-0.004499864794498564,-1.1842170808323327,0.003799864794498499
TSLA,LONG,2026-02-17 09:30:00,2026-02-17 09:30:00,409.9049987792969,407.0553841905681,414.17942066239004,407.0553841905681,stop,-0.007651890309254583,-1.1006920375409488,0.006951890309254564
TSLA,SHORT,2026-02-11 15:30:00,2026-02-12 12:30:00,427.9549865722656,436.597490561241,414.9912305888026,414.9912305888026,hedef,0.030092335386244985,1.4900965047370944,0.020194890257496666
TSLA,LONG,2026-02-17 09:30:00,2026-02-17 09:30:00,412.4020080566406,410.6453805284587,415.0369493489135,410.6453805284587,stop,-0.004959502848833474,-1.1643384274743842,0.004259502848833515
TSLA,SHORT,2026-02-19 11:30:00,2026-02-19 12:30:00,415.2149963378906,417.1353029439064,412.33453642886695,412.33453642886695,hedef,0.006737273302815905,1.456755343648002,0.004624848868544012
TSLA,LONG,2026-02-20 09:30:00,2026-02-20 10:30:00,407.33349609375,403.89900034584167,412.48523971561247,412.48523971561247,hedef,0.012447483379753188,1.4762798660419378,0.008431655586502175
TSLA,SHORT,2026-02-20 10:30:00,2026-02-20 11:30:00,413.8599853515625,415.47346559072656,411.43976499281644,409.3800048828125,hedef,0.0106248698287281,2.7252942830944415,0.0038986137734322284
TSLA,LONG,2026-02-23 09:30:00,2026-02-23 09:30:00,407.2850036621094,405.2823108118267,410.2890429375334,405.2823108118267,stop,-0.005617177976786369,-1.142358076788067,0.0049171779767864165
META,LONG,2025-12-29 09:30:00,2025-12-29 09:30:00,657.25,656.4967599173867,658.3798601239199,656.4967599173867,stop,-0.0018460480526638285,-1.6107946332381209,0.0011460480526637876
META,SHORT,2025-12-30 09:30:00,2025-12-30 09:30:00,663.2100219726562,664.1370468178292,661.8194847048969,664.1370468178292,stop,-0.002097784735543528,-1.5007924197481508,0.001397784735543613
META,LONG,2026-01-02 09:30:00,2026-01-02 09:30:00,655.4249877929688,654.2539378782375,657.1815626650657,654.2539378782375,stop,-0.0024867031873084472,-1.3917830364732053,0.001786703187308406
META,LONG,2026-01-07 09:30:00,2026-01-07 09:30:00,653.77001953125,651.7906265528723,656.7391089988166,651.7906265528723,stop,-0.003727659450944187,-1.2312016960103354,0.0030276594509441733
META,LONG,2026-01-12 15:30:00,2026-01-13 09:30:00,641.8499755859375,635.5254332992847,651.3367890159167,635.5254332992847,stop,-0.010553614594094506,-1.0710399207636496,0.00985361459409449
META,SHORT,2026-01-23 09:30:00,2026-01-23 09:30:00,653.0399780273438,654.5749550747637,650.7375124562138,654.5749550747637,stop,-0.003050510074523582,-1.2978077003740796,0.002350510074523602
META,LONG,2026-01-14 09:30:00,2026-01-14 09:30:00,625.9301147460938,623.8839166289803,628.999411921764,623.8839166289803,stop,-0.003969052037771836,-1.2141293536817221,0.0032690520377718357
META,LONG,2026-01-20 09:30:00,2026-01-20 09:30:00,607.8800048828125,614.0279415285607,,607.8800048828125,stop,-0.0007,-0.1294355410929959,0.005408097297612169
META,LONG,2026-01-20 09:30:00,2026-01-20 09:30:00,607.8800048828125,616.6980465090295,,607.8800048828125,stop,-0.0007,-0.1294355410929959,0.005408097297612169
META,SHORT,2026-01-22 09:30:00,2026-01-22 09:30:00,629.3499755859375,629.3311773914122,,629.3499755859375,stop,-0.0007,-0.1294355410929959,0.005408097297612169
META,LONG,2026-01-21 11:30:00,2026-01-22 09:30:00,607.8800048828125,599.7647466169074,620.0528922816702,629.3499755859375,hedef,0.035119422469347385,2.6306488349040036,0.013350099033886804
META,LONG,2026-01-28 10:30:00,2026-01-29 09:30:00,669.9600219726562,664.4034462172945,678.2948856056989,737.75,hedef,0.10098510926628165,12.175841561714483,0.00829389153549908
META,SHORT,2026-01-29 09:30:00,2026-01-29 09:30:00,737.75,677.9204493085135,,737.75,stop,-0.0007,-0.1294355410929959,0.005408097297612169
META,LONG,2026-02-04 09:30:00,2026-02-04 10:30:00,668.8599853515625,665.7320874832892,673.5518321539724,678.72998046875,hedef,0.014556444298278159,3.112704931600561,0.0046764613473314984
META,SHORT,2026-02-03 09:30:00,2026-02-03 10:30:00,716.4400024414062,721.6742887981584,708.588572906278,695.864990234375,hedef,0.028518402290377366,3.9034402808677835,0.007305966080781789
META,SHORT,2026-02-09 11:30:00,2026-02-09 11:30:00,678.3499755859375,681.931142280907,672.9782255434832,681.931142280907,stop,-0.005979231700238807,-1.1325950516565357,0.00527923170023882
META,LONG,2026-02-12 10:30:00,2026-02-12 10:30:00,655.75,646.1100369494221,670.2099445758668,646.1100369494221,stop,-0.01540066801460601,-1.047616883756883,0.014700668014605987
META,LONG,2026-02-12 10:30:00,2026-02-12 10:30:00,662.9000244140625,656.7599392931721,672.110152095398,656.7599392931721,stop,-0.009962460242504322,-1.0755738736440477,0.009262460242504288
META,LONG,2026-02-24 09:30:00,2026-02-24 12:30:00,633.0202026367188,627.8733304958633,640.7405108480018,640.7405108480018,hedef,0.011995990237160891,1.4754017513816884,0.008130660158107345
META,LONG,2026-02-20 09:30:00,2026-02-20 10:30:00,638.8699951171875,635.941355358164,643.2629547557228,654.4356079101562,hedef,0.024164288371554467,5.271334156541154,0.004584093448443067
AMZN,LONG,2026-01-02 09:30:00,2026-01-02 10:30:00,227.52999877929688,226.67216612883217,228.8167477549939,226.67216612883217,stop,-0.004470195820625766,-1.1856667487058439,0.003770195820625811
AMZN,SHORT,2025-12-30 15:30:00,2025-12-30 15:30:00,232.10000610351562,232.495337713621,231.50700868835753,232.495337713621,stop,-0.0024032813429960215,-1.4109714480689857,0.0017032813429960487
AMZN,LONG,2025-12-31 14:30:00,2025-12-31 14:30:00,231.2100067138672,230.68685424769947,231.99473541311875,230.68685424769947,stop,-0.0029626722502332442,-1.3093687121180748,0.002262672250233271
AMZN,SHORT,2026-01-05 09:30:00,2026-01-06 09:30:00,231.0,235.53101301430934,224.203480478536,235.53101301430934,stop,-0.020314774953720104,-1.0356873837019103,0.019614774953720077
AMZN,SHORT,2026-01-07 10:30:00,2026-01-07 10:30:00,242.42999267578125,243.02503712949846,241.53742599520544,243.02503712949846,stop,-0.003154500151361172,-1.285190448903305,0.0024545001513612322
AMZN,LONG,2026-01-13 09:30:00,2026-01-13 13:30:00,244.5679931640625,242.17703441625656,248.1544312857714,242.17703441625656,stop,-0.010476253698913217,-1.071602069827408,0.00977625369891318
AMZN,LONG,2026-01-15 14:30:00,2026-01-16 09:30:00,237.05999755859375,236.12461888103186,238.4630655749366,239.0850067138672,hedef,0.008342179938110017,2.1142209066775206,0.003945746592403004
AMZN,SHORT,2026-01-16 09:30:00,2026-01-16 10:30:00,239.49000549316406,240.74033429789216,237.6145122860719,237.6145122860719,hedef,0.007631196142110697,1.4616916758875589,0.005220797428073833
AMZN,SHORT,2026-01-21 14:30:00,2026-01-21 14:30:00,231.30499267578125,232.1935310970714,229.97218504384603,232.1935310970714,stop,-0.004541414796158738,-1.1822245284992117,0.0038414147961588043
AMZN,SHORT,2026-01-26 10:30:00,2026-01-26 15:30:00,239.86500549316406,240.54183788523318,238.8497569050604,238.8497569050604,hedef,0.004032583181595473,1.429121298476897,0.002821722121063654
AMZN,LONG,2026-01-29 09:30:00,2026-01-29 10:30:00,238.94000244140625,237.46084432534957,241.15873961549127,237.46084432534957,stop,-0.0068905001295017304,-1.113076485801849,0.006190500129501779
AMZN,LONG,2026-01-29 09:30:00,2026-01-29 09:30:00,238.4199981689453,238.00085287027144,239.04871611695611,238.00085287027144,stop,-0.0024580123391195413,-1.3981769549755014,0.0017580123391195575
AMZN,SHORT,2026-02-03 09:30:00,2026-02-03 10:30:00,246.3000030517578,247.88069109431223,243.9289709879262,239.19000244140625,hedef,0.028667237199576735,4.466877979497435,0.006417734563414706
AMZN,SHORT,2026-01-30 09:30:00,2026-01-30 10:30:00,243.10000610351562,243.855592477323,241.96662654280456,241.96662654280456,hedef,0.004462194702818923,1.4356526230406814,0.0031081298018792946
AMZN,LONG,2026-01-30 12:30:00,2026-01-30 13:30:00,237.97000122070312,236.63371359833104,239.97443265426125,239.97443265426125,hedef,0.008223042498113542,1.4643834160794917,0.005615361665409059
AMZN,LONG,2026-02-03 09:30:00,2026-02-03 10:30:00,238.30999755859375,237.5343021918206,239.4735406087535,237.5343021918206,stop,-0.003954984577734432,-1.2150547823753948,0.0032549845777344777
AMZN,LONG,2026-02-05 14:30:00,2026-02-06 09:30:00,222.27000427246094,220.2463729127338,225.30545131205167,202.6300048828125,stop,-0.08906099794002573,-9.782210726022873,0.009104383501277836
AMZN,LONG,2026-02-11 11:30:00,2026-02-12 10:30:00,202.6300048828125,200.16663251343974,206.32506343687163,200.16663251343974,stop,-0.012856997038999306,-1.0575800090889582,0.01215699703899929
AMZN,LONG,2026-02-10 09:30:00,2026-02-11 09:30:00,207.1300048828125,203.18561261408962,213.04659328589682,204.96189880371094,zaman,-0.011167368454552094,-0.5864267357132001,0.01904307524616962
AMZN,SHORT,2026-02-10 10:30:00,2026-02-10 11:30:00,211.8000030517578,212.98346654880993,210.02480780617964,210.02480780617964,hedef,0.008181469405098984,1.4642067535535646,0.005587646270065974
AMZN,LONG,2026-02-10 13:30:00,2026-02-11 09:30:00,207.75,206.249660466403,210.00050930039552,206.249660466403,stop,-0.007921850943908591,-1.0969280597781386,0.007221850943908611
AMZN,LONG,2026-02-13 14:30:00,2026-02-17 09:30:00,198.3699951171875,197.17220040105454,200.16668719138693,197.17220040105454,stop,-0.0067381849353041695,-1.1159288772205767,0.006038184935304158
AMZN,SHORT,2026-02-20 09:30:00,2026-02-20 09:30:00,205.89999389648438,206.9380729085228,204.34287537842675,206.9380729085228,stop,-0.005741666065130235,-1.138842991772392,0.005041666065130213
AMZN,LONG,2026-02-23 10:30:00,2026-02-23 15:30:00,203.6300048828125,202.6977770988636,205.02834655873585,205.02834655873585,hedef,0.006667070875572035,1.4563132512484995,0.004578047250381293
AMZN,SHORT,2026-02-24 11:30:00,2026-02-25 09:30:00,209.7899932861328,211.26967178632904,207.57047553583845,211.26967178632904,stop,-0.007753141463130297,-1.0992465561139386,0.007053141463130198
GOOGL,SHORT,2025-12-29 14:30:00,2025-12-30 09:30:00,314.0,314.9233993432615,312.61490098510774,314.9233993432615,stop,-0.003640762239686423,-1.2380335242861238,0.002940762239686331
GOOGL,LONG,2026-01-02 10:30:00,2026-01-02 10:30:00,311.7900085449219,310.71519040577283,313.4022357536454,310.71519040577283,stop,-0.004147250103250754,-1.2030604043901152,0.003447250103250784
GOOGL,SHORT,2026-01-02 09:30:00,2026-01-02 09:30:00,318.0,317.015573756223,,318.0,stop,-0.0007,-0.1486119062294087,0.004710255172418194
GOOGL,SHORT,2026-01-05 09:30:00,2026-01-06 09:30:00,318.0,322.60138037566827,311.09792943649757,314.260009765625,zaman,0.011060975579795608,0.7644206623244364,0.014469749609019719
GOOGL,SHORT,2026-01-06 09:30:00,2026-01-06 09:30:00,319.70001220703125,319.10644609746754,,319.70001220703125,stop,-0.0007,-0.1486119062294087,0.004710255172418194
GOOGL,LONG,2026-01-20 09:30:00,2026-01-20 09:30:00,320.8699951171875,324.0621825529302,,320.8699951171875,stop,-0.0007,-0.1486119062294087,0.004710255172418194
GOOGL,SHORT,2026-01-12 10:30:00,2026-01-12 11:30:00,330.7099914550781,330.96861314308757,330.322058923064,329.3699951171875,hedef,0.003851877392620695,4.925551098997913,0.0007820195781552944
GOOGL,SHORT,2026-01-12 14:30:00,2026-01-13 09:30:00,330.760009765625,334.16560150510765,325.651622156401,336.1099853515625,stop,-0.016874795706797917,-1.638924457111031,0.010296262059902077
GOOGL,SHORT,2026-01-13 13:30:00,2026-01-14 09:30:00,337.95001220703125,340.6240765035126,333.93891576230925,333.93891576230925,hedef,0.011668904571202598,1.474723867885175,0.007912603047468384
GOOGL,LONG,2026-01-15 09:30:00,2026-01-16 09:30:00,333.010009765625,330.3465999308629,337.00512451776814,330.3465999308629,stop,-0.00869798731766843,-1.0875220192527286,0.00799798731766838
GOOGL,LONG,2026-01-29 10:30:00,2026-01-29 11:30:00,326.8399963378906,325.5957826027549,328.7063169405942,330.07000732421875,hedef,0.009682545045034607,2.5434882268964953,0.0038067976657588155
GOOGL,SHORT,2026-01-26 09:30:00,2026-01-26 10:30:00,332.4849853515625,333.80812479082397,330.5002761926703,333.80812479082397,stop,-0.0046795464383525215,-1.1758994425228793,0.003979546438352421
GOOGL,LONG,2026-01-29 09:30:00,2026-01-29 10:30:00,328.5400085449219,327.3453217974831,330.33203866608005,327.3453217974831,stop,-0.0043363508746771745,-1.1925006755741552,0.0036363508746771528
GOOGL,SHORT,2026-01-28 14:30:00,2026-01-29 09:30:00,336.42999267578125,338.012650427581,334.05600604808166,340.69000244140625,stop,-0.01336239591703222,-2.840481939563965,0.0047042706841091365
GOOGL,SHORT,2026-01-28 14:30:00,2026-01-28 15:30:00,335.9700012207031,337.3826455447685,333.8510347346051,337.3826455447685,stop,-0.004904673985572116,-1.1664813972264827,0.004204673985572211
GOOGL,LONG,2026-02-05 09:30:00,2026-02-05 09:30:00,312.2250061035156,326.3759558199324,,312.2250061035156,stop,-0.0007,-0.1486119062294087,0.004710255172418194
GOOGL,SHORT,2026-02-04 09:30:00,2026-02-04 10:30:00,342.9599914550781,344.97459687511997,339.9380833250153,336.010009765625,hedef,0.020064701022315813,3.415750609376993,0.005874170370411048
GOOGL,LONG,2026-02-10 09:30:00,2026-02-10 09:30:00,320.92999267578125,317.07610933503855,326.7108176868953,317.07610933503855,stop,-0.012708486052084488,-1.0582921108426058,0.012008486052084493
GOOGL,LONG,2026-02-12 14:30:00,2026-02-12 14:30:00,310.0899963378906,309.26430421877075,311.32853451657047,309.26430421877075,stop,-0.003362749939924436,-1.262886119911019,0.002662749939924409
GOOGL,SHORT,2026-02-20 10:30:00,2026-02-20 11:30:00,313.79998779296875,316.38512035069107,309.9222889563853,316.38512035069107,stop,-0.008938153786761292,-1.0849704943751854,0.008238153786761373
GOOGL,SHORT,2026-02-19 10:30:00,2026-02-20 09:30:00,304.010009765625,305.5082101349033,301.7627092117075,305.5082101349033,stop,-0.005628128420617961,-1.1420417530256277,0.004928128420617967
NFLX,LONG,2026-01-02 09:30:00,2026-01-02 09:30:00,93.13500213623047,92.7481836100985,93.71522992542843,92.7481836100985,stop,-0.004853309897026336,-1.1685402768768058,0.004153309897026339
NFLX,LONG,2026-01-02 09:30:00,2026-01-02 09:30:00,93.125,92.64318788255943,93.84771817616085,92.64318788255943,stop,-0.005873821395334954,-1.1352965142227656,0.005173821395334968
NFLX,SHORT,2025-12-29 14:30:00,2025-12-30 09:30:00,94.30999755859375,94.71015790914043,93.70975703277372,93.70975703277372,hedef,0.006164548206536647,1.4528638969704177,0.004243032137691123
NFLX,SHORT,2025-12-31 11:30:00,2026-01-02 09:30:00,94.13999938964844,94.47305531508393,93.6404155014952,93.6404155014952,hedef,0.005106818476654596,1.4434689538902377,0.003537878984436351
NFLX,LONG,2026-01-02 09:30:00,2026-01-02 09:30:00,93.63999938964844,93.32018983568443,94.11971372059445,93.32018983568443,stop,-0.004115309227344565,-1.204959479040862,0.0034153092273445725
NFLX,SHORT,2026-01-07 09:30:00,2026-01-07 10:30:00,92.0199966430664,92.65590435909161,91.0661350690286,90.29499816894531,hedef,0.018545908900780984,2.6837140543909492,0.006910538352786565
NFLX,LONG,2026-01-08 09:30:00,2026-01-08 09:30:00,90.0,90.02586125307445,,90.0,stop,-0.0007,-0.1401870692653273,0.004993327870169921
NFLX,LONG,2026-01-09 09:30:00,2026-01-09 09:30:00,89.75499725341797,89.54573322940732,90.06889328943394,89.54573322940732,stop,-0.0030315027621225727,-1.3002355439470683,0.002331502762122601
NFLX,SHORT,2026-01-13 09:30:00,2026-01-13 10:30:00,90.56500244140625,91.27898483070713,89.49402885745494,89.44000244140625,hedef,0.012222017000748741,1.5503001419902844,0.007883645669449558
NFLX,LONG,2026-01-14 09:30:00,2026-01-14 11:30:00,88.74500274658203,88.28534718956453,89.43448608210828,88.28534718956453,stop,-0.005879509186901243,-1.1351479406138056,0.005179509186901252
NFLX,SHORT,2026-01-13 09:30:00,2026-01-13 09:30:00,90.10590362548828,90.36398391517979,89.71878319095103,90.36398391517979,stop,-0.003564188463878925,-1.2443973253952894,0.0028641884638788834
NFLX,SHORT,2026-01-15 09:30:00,2026-01-16 09:30:00,89.74500274658203,91.03571629851645,87.8089324186804,87.8089324186804,hedef,0.02137301541756729,1.4860937382098391,0.014382010278378134
NFLX,LONG,2026-01-15 14:30:00,2026-01-15 14:30:00,88.2249984741211,87.91547363966474,88.68928572580563,87.91547363966474,stop,-0.004208357492883918,-1.1995235666319164,0.0035083574928839113
NFLX,SHORT,2026-01-20 09:30:00,2026-01-20 12:30:00,89.21499633789062,89.91775726919964,88.1608549409271,88.1608549409271,hedef,0.011615742198442724,1.4746101434034786,0.00787716146562845
NFLX,LONG,2026-01-20 12:30:00,2026-01-20 13:30:00,88.05999755859375,87.74790273173582,88.52813979888064,88.52813979888064,hedef,0.0051161736687012965,1.443568434988081,0.0035441157791341834
NFLX,LONG,2026-01-22 12:30:00,2026-01-23 09:30:00,83.04000091552734,81.90092408247898,84.74861616509989,84.74861616509989,hedef,0.020375809618675668,1.4854197717825044,0.01371720641245046
NFLX,LONG,2026-01-29 09:30:00,2026-01-29 09:30:00,83.33499908447266,82.94590220722668,83.91864440034162,82.94590220722668,stop,-0.005369069196863718,-1.149922815551807,0.004669069196863698
NFLX,SHORT,2026-01-28 09:30:00,2026-01-28 09:30:00,86.01000213623047,86.33312425363894,85.52531896011776,86.33312425363894,stop,-0.004456796993176215,-1.186328939591738,0.0037567969931762532
NFLX,LONG,2026-01-28 11:30:00,2026-01-28 13:30:00,84.41449737548828,83.8521755001601,85.25798018848056,85.25798018848056,hedef,0.009792155840724103,1.4699764490484377,0.006661437227149371
NFLX,SHORT,2026-02-02 09:30:00,2026-02-02 10:30:00,85.06500244140625,85.42241081493546,84.52888988111243,83.63999938964844,hedef,0.01655193100405037,3.9394433805968427,0.004201591292205012
NFLX,LONG,2026-02-03 09:30:00,2026-02-03 09:30:00,82.19000244140625,82.31697469982868,,82.19000244140625,stop,-0.0007,-0.1401870692653273,0.004993327870169921
NFLX,SHORT,2026-02-10 09:30:00,2026-02-10 09:30:00,83.37000274658203,84.09519395722104,82.28221593062352,84.09519395722104,stop,-0.009398466915532554,-1.0804739509613952,0.00869846691553266
NFLX,LONG,2026-02-02 13:30:00,2026-02-02 14:30:00,83.06500244140625,82.74447766785138,83.54578960173855,82.74447766785138,stop,-0.00455872225527184,-1.1814072000242133,0.0038587222552718555
NFLX,SHORT,2026-02-10 09:30:00,2026-02-10 15:30:00,84.04499816894531,85.31019029511167,82.14720997969579,82.14720997969579,hedef,0.022380620270044373,1.4867142710690708,0.015053746846696274
NFLX,LONG,2026-02-11 11:30:00,2026-02-12 09:30:00,79.7249984741211,79.17831523401554,80.54502333427942,79.08000183105469,stop,-0.008790268490576035,-1.2819199320304402,0.00685711195445185
NFLX,SHORT,2026-02-06 09:30:00,2026-02-09 09:30:00,81.51499938964844,83.339583845146,78.7781227064021,80.48999786376953,zaman,0.011874391627966698,0.5304994369483421,0.022383419851061927
NFLX,LONG,2026-02-09 09:30:00,2026-02-09 09:30:00,80.81999969482422,80.49112837820549,81.31330666975231,80.49112837820549,stop,-0.00476918235412701,-1.1720247310347318,0.004069182354127031
NFLX,SHORT,2026-02-09 15:30:00,2026-02-10 09:30:00,81.57499694824219,82.5264399150275,80.14783249806422,82.66999816894531,stop,-0.014123245622649293,-1.2109015030712418,0.01166341406532912
NFLX,SHORT,2026-02-13 11:30:00,2026-02-13 12:30:00,76.5250015258789,76.98549990892651,75.83425395130749,76.98549990892651,stop,-0.006717620043978322,-1.116325057894005,0.006017620043978409
NFLX,LONG,2026-02-17 09:30:00,2026-02-17 09:30:00,75.86499786376953,75.48994718239345,76.42757388583365,75.48994718239345,stop,-0.005643659025069214,-1.1415955259960917,0.004943659025069213
NFLX,SHORT,2026-02-17 10:30:00,2026-02-17 11:30:00,76.91500091552734,77.22636964406762,76.44794782271694,76.44794782271694,hedef,0.0058723277286748315,1.4505955519193412,0.004048218485783249
NFLX,SHORT,2026-02-17 13:30:00,2026-02-18 11:30:00,76.86000061035156,77.91646464268861,75.27530456184599,77.91646464268861,stop,-0.014445303460155788,-1.0509264856922984,0.01374530346015586
NFLX,LONG,2026-02-19 14:30:00,2026-02-20 10:30:00,76.98500061035156,76.25404626312486,78.0814321311916,78.0814321311916,hedef,0.014042144731406503,1.478935756821897,0.00949476315427104
NFLX,SHORT,2026-02-20 10:30:00,2026-02-20 13:30:00,77.99500274658203,78.33725709802482,77.48162121941785,78.33725709802482,stop,-0.005088157438173668,-1.1595202564772449,0.004388157438173674
NFLX,SHORT,2026-02-20 10:30:00,2026-02-20 14:30:00,77.98999786376953,78.7372509945092,76.86911816766003,78.7372509945092,stop,-0.010281396989456924,-1.073058239917454,0.009581396989456818
AVGO,LONG,2026-01-05 09:30:00,2026-01-05 09:30:00,340.92999267578125,338.38414553391357,344.7487633885828,338.38414553391357,stop,-0.008167360445136183,-1.093741289863139,0.007467360445136138
AVGO,SHORT,2025-12-30 09:30:00,2025-12-31 09:30:00,351.1300048828125,352.99317369823206,348.3352516596832,348.3352516596832,hedef,0.007759311890939236,1.4623082994974017,0.005306207927292847
AVGO,LONG,2025-12-31 09:30:00,2025-12-31 09:30:00,349.0,347.67569113715643,350.9864632942654,347.67569113715643,stop,-0.004494581268892761,-1.18447358229971,0.0037945812688927384
AVGO,LONG,2025-12-31 14:30:00,2026-01-02 09:30:00,346.9916076660156,345.3126709167185,349.5100127899613,352.0,hedef,0.014233756388728014,2.9417391777973987,0.004838551458319773
AVGO,SHORT,2026-01-05 09:30:00,2026-01-05 10:30:00,354.8299865722656,360.8158666731177,345.8511664209875,344.7300109863281,hedef,0.028264267305887693,1.6754444492123193,0.01686971317919591
AVGO,LONG,2026-01-07 09:30:00,2026-01-07 09:30:00,341.5,336.3208261300814,349.2687608048779,336.3208261300814,stop,-0.01586595569522283,-1.0461560098201057,0.01516595569522284
AVGO,LONG,2026-01-07 09:30:00,2026-01-07 09:30:00,341.5,337.8208261300814,347.0187608048779,337.8208261300814,stop,-0.011473569165208218,-1.064973825225959,0.010773569165208198
AVGO,LONG,2026-01-08 09:30:00,2026-01-08 09:30:00,341.5,335.70614700449306,350.1907794932604,335.70614700449306,stop,-0.01766589456956643,-1.041259244959335,0.016965894569566438
AVGO,SHORT,2026-01-12 09:30:00,2026-01-12 09:30:00,347.79998779296875,349.86449263190724,344.70323053456104,349.86449263190724,stop,-0.0066358968125307055,-1.117926578258964,0.005935896812530672
AVGO,LONG,2026-01-14 09:30:00,2026-01-14 09:30:00,348.9700012207031,350.75549561285266,,348.9700012207031,stop,-0.0007,-0.09772832981951868,0.007162713220339853
AVGO,LONG,2026-01-20 11:30:00,2026-01-20 12:30:00,336.5,334.18902772099636,339.96645841850545,334.18902772099636,stop,-0.007567673934631946,-1.101926795981114,0.006867673934631904
AVGO,LONG,2026-01-20 09:30:00,2026-01-20 09:30:00,343.05999755859375,341.48202331017046,345.4269589312287,341.48202331017046,stop,-0.005299703432790259,-1.152183724500548,0.004599703432790279
AVGO,LONG,2026-02-03 09:30:00,2026-02-03 11:30:00,317.31500244140625,313.90795507327965,322.4255734935962,313.90795507327965,stop,-0.01143711404097799,-1.0651944272295546,0.01073711404097802
AVGO,SHORT,2026-01-28 14:30:00,2026-01-29 09:30:00,333.2149963378906,334.9350373502538,330.63493481934586,334.9350373502538,stop,-0.005861955588034228,-1.1356075208439587,0.00516195558803428
AVGO,LONG,2026-01-29 09:30:00,2026-01-29 09:30:00,329.0899963378906,326.5211612533356,332.9432489647231,326.5211612533356,stop,-0.008505874116931454,-1.0896760554313343,0.007805874116931489
AVGO,LONG,2026-02-03 09:30:00,2026-02-03 09:30:00,324.6000061035156,320.077968501014,331.38306250726805,320.077968501014,stop,-0.01463110757077287,-1.0502472611343991,0.013931107570772844
AVGO,SHORT,2026-02-02 09:30:00,2026-02-03 09:30:00,334.2950134277344,338.41186921712637,328.1197297436464,338.41186921712637,stop,-0.013015037987492782,-1.0568410751725508,0.01231503798749288
AVGO,SHORT,2026-02-06 11:30:00,2026-02-09 09:30:00,332.92498779296875,336.3983003481285,327.71501896022914,336.3983003481285,stop,-0.011132718127242557,-1.067096608138203,0.010432718127242632
AVGO,LONG,2026-02-04 09:30:00,2026-02-04 10:30:00,311.0,308.39082143190547,314.9137678521418,308.39082143190547,stop,-0.009089641698053118,-1.0834362211395019,0.008389641698053167
AVGO,SHORT,2026-02-06 09:30:00,2026-02-06 09:30:00,320.2149963378906,326.83491769612596,310.28511430053766,326.83491769612596,stop,-0.021373364564256724,-1.033859993994897,0.02067336456425668
AVGO,LONG,2026-02-24 09:30:00,2026-02-24 09:30:00,319.67498779296875,316.1077357892261,325.0258657985827,316.1077357892261,stop,-0.011858996292987665,-1.0627296561107251,0.011158996292987692
AVGO,SHORT,2026-02-19 09:30:00,2026-02-19 09:30:00,336.6754150390625,338.07579227190297,334.5748491898018,338.07579227190297,stop,-0.004859428251326203,-1.1682923608014508,0.004159428251326256
AVGO,LONG,2026-02-19 14:30:00,2026-02-20 09:30:00,331.8599853515625,329.47859648996,335.4320686439662,335.4320686439662,hedef,0.010563826463198178,1.4721288706181006,0.007175884308798834
AVGO,SHORT,2026-02-20 09:30:00,2026-02-20 09:30:00,336.7300109863281,338.5970524903389,333.92944873031195,338.5970524903389,stop,-0.006244624604566728,-1.1262484027184767,0.0055446246045666265
AAPL,LONG,2026-03-03 09:30:00,2026-03-04 09:30:00,262.44000244140625,260.09277254970306,265.96084727896107,265.96084727896107,hedef,0.013215808584062549,1.4776383213788356,0.008943872389374972
AAPL,LONG,2026-03-04 09:30:00,2026-03-04 10:30:00,261.44000244140625,260.0198225950229,263.5702722109813,264.125,hedef,0.010070033405448408,1.8537860291497394,0.005432144404533649
AAPL,LONG,2026-03-12 09:30:00,2026-03-12 11:30:00,256.69500732421875,254.2889524563021,260.30408962609374,254.2889524563021,stop,-0.010073204773233778,-1.0746809673889668,0.009373204773233796
AAPL,LONG,2026-03-12 09:30:00,2026-03-13 09:30:00,255.66000366210938,253.5994535549349,258.7508288228711,255.4250030517578,zaman,-0.0016191919228090929,-0.20089907616111224,0.008059728067194157
AAPL,LONG,2026-03-18 14:30:00,2026-03-18 15:30:00,250.11500549316406,249.44658078314137,251.1176425581981,249.44658078314137,stop,-0.0033724694454246524,-1.2619300292463458,0.002672469445424617
AAPL,LONG,2026-03-18 09:30:00,2026-03-18 09:30:00,252.625,252.03677209093317,253.50734186360023,252.03677209093317,stop,-0.0030284627771077427,-1.300627524254246,0.0023284627771076915
AAPL,SHORT,2026-03-23 09:30:00,2026-03-23 10:30:00,254.22999572753906,255.01801618641738,253.0479650392216,252.4199981689453,hedef,0.006919527943246884,2.232367877798809,0.003099636046577491
AAPL,SHORT,2026-03-23 09:30:00,2026-03-23 09:30:00,253.99000549316406,251.90801557606582,,253.99000549316406,stop,-0.0007,-0.18094897265943335,0.0038684939168871658
AAPL,LONG,2026-03-27 13:30:00,2026-03-30 09:30:00,249.39999389648438,247.20393227704875,252.6940863256378,247.20393227704875,stop,-0.009505379603766594,-1.079496856637564,0.008805379603766627
AAPL,LONG,2026-03-30 09:30:00,2026-03-30 10:30:00,247.75999450683594,246.51823686283845,249.62263097283216,246.51823686283845,stop,-0.005711937647436571,-1.139666542012555,0.005011937647436566
AAPL,LONG,2026-03-27 15:30:00,2026-03-30 14:30:00,248.08999633789062,245.90617745572808,251.36572466113444,245.90617745572808,stop,-0.009502526963595291,-1.0795226192313856,0.008802526963595297
AAPL,LONG,2026-03-26 09:30:00,2026-03-26 10:30:00,250.80499267578125,250.1997979046038,251.7127848325474,255.89999389648438,hedef,0.02011459249014822,8.335895256254172,0.0024130092655683076
AAPL,LONG,2026-03-26 09:30:00,2026-03-26 09:30:00,251.75,251.13980034601005,252.6652994809849,251.13980034601005,stop,-0.003123831793405995,-1.2887989182683304,0.002423831793405965
AAPL,SHORT,2026-04-01 09:30:00,2026-04-01 10:30:00,256.1000061035156,257.0988671990998,254.60171446013936,254.19000244140625,hedef,0.007258038331078165,1.8609030515915483,0.0039002775157312387
AAPL,SHORT,2026-03-31 15:30:00,2026-04-01 09:30:00,254.47999572753906,255.59100705735761,252.81347873281123,255.59100705735761,stop,-0.005065810077300081,-1.160336796059847,0.004365810077300005
AAPL,SHORT,2026-04-02 10:30:00,2026-04-06 09:30:00,254.3000030517578,256.27853614733294,251.33220340839512,256.9624938964844,stop,-0.011169881292862748,-1.4356600115587541,0.00778031093917226
AAPL,SHORT,2026-04-02 14:30:00,2026-04-02 15:30:00,255.69000244140625,256.22613437594316,254.88580453960088,254.88580453960088,hedef,0.0029452066726372906,1.404616760923852,0.0020968044484248882
AAPL,LONG,2026-04-07 09:30:00,2026-04-07 09:30:00,252.11000061035156,250.55439572097387,254.44340794441808,250.55439572097387,stop,-0.006870341857171913,-1.1134459023832477,0.00617034185717192
AAPL,LONG,2026-04-13 09:30:00,2026-04-13 15:30:00,257.17999267578125,255.9831761069897,258.9752175289686,258.9752175289686,hedef,0.0067804219002778115,1.4570226550363499,0.004653614600185234
AAPL,LONG,2026-04-10 13:30:00,2026-04-10 14:30:00,259.239990234375,258.97494637497584,259.63755602347373,260.1099853515625,hedef,0.0031559448771809385,3.086836725798204,0.001022388016445821
AAPL,SHORT,2026-04-14 09:30:00,2026-04-14 10:30:00,261.56500244140625,262.2688256623059,260.5092676100568,259.3299865722656,hedef,0.008344781787621968,3.1012089454256633,0.0026908157220204934
AAPL,SHORT,2026-04-15 09:30:00,2026-04-15 10:30:00,259.3399963378906,262.0071677398147,255.33923923500453,262.0071677398147,stop,-0.010984458392792794,-1.0680638662013138,0.010284458392792769
AAPL,LONG,2026-04-23 12:30:00,2026-04-23 13:30:00,272.68499755859375,272.0146436916193,273.6905283590554,272.0146436916193,stop,-0.003158345244425786,-1.284744383071162,0.0024583452444258283
MSFT,SHORT,2026-02-26 09:30:00,2026-02-26 09:30:00,405.2650146484375,406.3429576105071,403.6481002053331,406.3429576105071,stop,-0.0033598470706993283,-1.263173025137832,0.0026598470706993733
MSFT,SHORT,2026-02-25 14:30:00,2026-02-26 09:30:00,400.69000244140625,404.57683464931415,394.8597541295444,404.635009765625,stop,-0.010545534703091684,-1.0871295954918836,0.009700347361365175
MSFT,SHORT,2026-02-25 09:30:00,2026-02-25 10:30:00,397.55999755859375,400.2481780625187,393.5277268027063,400.2481780625187,stop,-0.007461697656789023,-1.1035242975256723,0.006761697656788961
MSFT,SHORT,2026-03-03 12:30:00,2026-03-04 11:30:00,404.635009765625,407.67480256894277,400.0753205606484,407.67480256894277,stop,-0.008212431524594242,-1.0931788859184106,0.0075124315245942075
MSFT,SHORT,2026-03-03 11:30:00,2026-03-03 12:30:00,401.80999755859375,403.08686882161686,399.8946906640591,403.08686882161686,stop,-0.0038777986381160695,-1.2202782742757479,0.003177798638116045
MSFT,LONG,2026-03-03 09:30:00,2026-03-03 10:30:00,392.67999267578125,389.98597328336615,396.7210217644039,396.7210217644039,hedef,0.010090896312507458,1.4708480203385808,0.006860597541671635
MSFT,SHORT,2026-03-04 11:30:00,2026-03-04 11:30:00,405.7799987792969,406.88161126976075,404.12758004360103,406.88161126976075,stop,-0.003414802340622713,-1.2578456595258254,0.002714802340622619
MSFT,SHORT,2026-03-12 12:30:00,2026-03-13 09:30:00,405.8399963378906,409.1502980748598,400.8745437324369,400.7200012207031,hedef,0.012415797268351935,1.5221655058349375,0.008156667077764076
MSFT,LONG,2026-03-12 13:30:00,2026-03-13 09:30:00,402.7300109863281,401.45233573887185,404.64652385751253,400.7200012207031,stop,-0.005690960968372482,-1.7938210651559587,0.0031725354768747226
MSFT,LONG,2026-03-23 12:30:00,2026-03-24 09:30:00,381.8699951171875,379.98606207221314,384.69589468464903,379.98606207221314,stop,-0.005633440880570461,-1.1418887986996848,0.00493344088057041
MSFT,LONG,2026-03-25 10:30:00,2026-03-25 10:30:00,372.8299865722656,371.70559786113466,374.5165696389621,371.70559786113466,stop,-0.0037158215584223936,-1.2321092234535935,0.003015821558422371
MSFT,LONG,2026-03-26 10:30:00,2026-03-26 10:30:00,370.875,369.60513792275026,372.7797931158746,369.60513792275026,stop,-0.004123962459722874,-1.2044414938055692,0.0034239624597229273
MSFT,SHORT,2026-03-31 15:30:00,2026-04-01 15:30:00,371.95001220703125,374.8802750926397,367.5546178786186,369.45001220703125,zaman,0.006021333291981435,0.7643119675216644,0.00787810939491898
MSFT,LONG,2026-03-30 13:30:00,2026-03-30 14:30:00,358.3500061035156,356.43830556826777,361.2175569063874,356.43830556826777,stop,-0.006034730020056466,-1.1312156374114948,0.005334730020056515
MSFT,SHORT,2026-03-31 09:30:00,2026-03-31 09:30:00,364.6300048828125,365.49334141196186,363.33500008908845,365.49334141196186,stop,-0.003067705667631004,-1.2956448555112638,0.002367705667631028
MSFT,LONG,2026-04-07 10:30:00,2026-04-07 11:30:00,366.69000244140625,364.0198075124143,370.6952948348942,370.6952948348942,hedef,0.01072282954763113,1.4725345892571196,0.007281886365087492
MSFT,SHORT,2026-04-08 09:30:00,2026-04-08 09:30:00,384.9800109863281,373.7861383136344,,384.9800109863281,stop,-0.0007,-0.20967485067251604,0.0033385024372489286
MSFT,LONG,2026-04-09 09:30:00,2026-04-09 11:30:00,368.114990234375,366.41755003279536,370.66115053674446,370.66115053674446,hedef,0.006716752563508322,1.4566270446650402,0.004611168375672221
MSFT,LONG,2026-04-23 09:30:00,2026-04-23 09:30:00,417.9849853515625,416.15172093359325,420.73488197851634,416.15172093359325,stop,-0.005085957587513145,-1.159600266539953,0.004385957587513122
NVDA,LONG,2026-02-26 09:30:00,2026-02-26 09:30:00,186.9600067138672,185.58339953870575,189.02491747660935,185.58339953870575,stop,-0.008063110428575625,-1.095068518500468,0.007363110428575597
NVDA,LONG,2026-02-26 09:30:00,2026-02-26 09:30:00,190.88999938964844,187.32338977308075,196.23991381449997,187.32338977308075,stop,-0.01938410931935438,-1.0374649916694103,0.018684109319354415
NVDA,LONG,2026-03-19 09:30:00,2026-03-19 10:30:00,176.8300018310547,175.47963991907352,178.85554469902644,178.85554469902644,hedef,0.01125474663234447,1.4738099837884682,0.0076364977548963545
NVDA,LONG,2026-03-12 09:30:00,2026-03-12 09:30:00,184.0500030517578,183.16932553449746,185.37101932764836,183.16932553449746,stop,-0.005484990506154441,-1.1462907813713927,0.0047849905061544155
NVDA,SHORT,2026-03-16 09:30:00,2026-03-16 14:30:00,184.91000366210938,186.1674980074344,183.02376214412183,186.1674980074344,stop,-0.007500574984698438,-1.1029324728534105,0.006800574984698389
NVDA,LONG,2026-03-20 09:30:00,2026-03-20 09:30:00,177.58999633789062,175.70120831807597,180.4231783676126,175.70120831807597,stop,-0.011335666753553873,-1.0658162780218845,0.010635666753553858
NVDA,SHORT,2026-03-25 09:30:00,2026-03-25 09:30:00,179.13499450683594,180.05453705971513,177.75568067751715,180.05453705971513,stop,-0.005833237955044612,-1.1363661700724625,0.005133237955044582
NVDA,LONG,2026-03-26 13:30:00,2026-03-26 14:30:00,172.4250030517578,171.64401625390812,173.59648324853237,171.64401625390812,stop,-0.005229428934475721,-1.1545448687078366,0.0045294289344756985
NVDA,SHORT,2026-03-25 09:30:00,2026-03-25 09:30:00,177.875,178.44453644936357,177.02069532595465,178.44453644936357,stop,-0.0039018914932596677,-1.218620775086709,0.003201891493259693
NVDA,SHORT,2026-04-07 15:30:00,2026-04-07 15:30:00,177.39999389648438,177.8608880555181,176.70865265793378,177.8608880555181,stop,-0.003298050591268164,-1.26943278254575,0.002598050591268154
NVDA,SHORT,2026-04-16 10:30:00,2026-04-16 11:30:00,199.80999755859375,200.48272372409298,198.8009083103449,198.8009083103449,hedef,0.004850244034725649,1.4405969299825436,0.0033668293564837887
NVDA,SHORT,2026-04-17 09:30:00,2026-04-17 09:30:00,199.8800048828125,199.92552855693344,199.81171937163109,199.92552855693344,stop,-0.0009277550180551646,-4.073477835867561,0.00022775501805512419
NVDA,SHORT,2026-04-20 13:30:00,2026-04-20 15:30:00,200.63999938964844,201.7524666845589,198.97129844728275,201.7524666845589,stop,-0.006244593791340757,-1.126249104324507,0.005544593791340763
NVDA,LONG,2026-04-21 12:30:00,2026-04-21 15:30:00,199.11500549316406,197.76856803815605,201.13466167567609,201.13466167567609,hedef,0.009943164135268278,1.4704234304010724,0.006762109423512235
NVDA,SHORT,2026-04-22 13:30:00,2026-04-23 09:30:00,202.1300048828125,202.81869643227546,201.09696755861808,202.81869643227546,stop,-0.0041071712898944285,-1.2054490192718113,0.003407171289894526
NVDA,SHORT,2026-04-24 09:30:00,2026-04-24 10:30:00,202.5084991455078,203.90622241422844,200.41191424242686,203.90622241422844,stop,-0.007602047443037462,-1.101419181159937,0.006902047443037556
AMD,LONG,2026-03-02 09:30:00,2026-03-02 09:30:00,193.80999755859375,194.02421571990058,,193.80999755859375,stop,-0.0007,-0.09087315916007736,0.007703044622526184
AMD,LONG,2026-03-03 09:30:00,2026-03-03 09:30:00,191.4600067138672,189.86506964052685,193.85241232387767,189.86506964052685,stop,-0.009030392862275104,-1.0840296504106146,0.008330392862275052
AMD,LONG,2026-03-09 09:30:00,2026-03-09 09:30:00,189.02000427246094,189.71199058332803,,189.02000427246094,stop,-0.0007,-0.09087315916007736,0.007703044622526184
AMD,SHORT,2026-03-09 14:30:00,2026-03-10 09:30:00,202.05999755859375,203.9382999104322,199.2425440308361,203.9382999104322,stop,-0.00999576548813804,-1.0753031045042163,0.00929576548813809
AMD,SHORT,2026-03-09 14:30:00,2026-03-09 14:30:00,198.70989990234375,200.38831211746344,196.1922815796642,200.38831211746344,stop,-0.009146545521609838,-1.082874116786447,0.008446545521609897
AMD,LONG,2026-03-12 09:30:00,2026-03-12 09:30:00,202.9499969482422,202.19578404053829,204.08131630979804,202.19578404053829,stop,-0.004416249909066272,-1.188361928591583,0.0037162499090662568
AMD,SHORT,2026-03-23 09:30:00,2026-03-23 11:30:00,207.0399932861328,209.33764325213374,203.5935183371314,203.5935183371314,hedef,0.01644642127493854,1.4819781083846806,0.01109761418329231
AMD,SHORT,2026-03-16 09:30:00,2026-03-16 10:30:00,198.24000549316406,199.78752421212565,195.91872741472167,199.78752421212565,stop,-0.008506288721147857,-1.0896712925956225,0.007806288721147897
AMD,LONG,2026-03-19 09:30:00,2026-03-19 09:30:00,195.03199768066406,195.15598323735463,,195.03199768066406,stop,-0.0007,-0.09087315916007736,0.007703044622526184
AMD,SHORT,2026-03-19 12:30:00,2026-03-19 13:30:00,201.30999755859375,202.97501598962685,198.8124699120441,202.97501598962685,stop,-0.008970917744899852,-1.084633896937462,0.008270917744899778
AMD,LONG,2026-03-30 14:30:00,2026-03-31 09:30:00,195.03199768066406,192.67299765726645,198.5704977157605,198.5704977157605,hedef,0.017943176900080827,1.4834648583513237,0.012095451266720474
AMD,SHORT,2026-03-25 09:30:00,2026-03-25 09:30:00,211.5050048828125,209.2039781091617,,211.5050048828125,stop,-0.0007,-0.09087315916007736,0.007703044622526184
AMD,LONG,2026-03-27 09:30:00,2026-03-27 09:30:00,201.28500366210938,199.97040887933238,203.25689583627485,199.97040887933238,stop,-0.007231012041929185,-1.1071809384986597,0.006531012041929169
AMD,LONG,2026-03-30 10:30:00,2026-03-30 11:30:00,198.88999938964844,197.53356515127535,200.92465074720806,197.53356515127535,stop,-0.007520022336646914,-1.1026389600278368,0.0068200223366468625
AMD,SHORT,2026-03-31 09:30:00,2026-03-31 10:30:00,201.5,203.42031450584116,198.61952824123824,198.61952824123824,hedef,0.01409514520477304,1.479013854304911,0.009530096803181946
AMD,SHORT,2026-04-01 09:30:00,2026-04-01 09:30:00,207.69000244140625,208.58596608302847,206.3460569789729,208.58596608302847,stop,-0.005013946897251286,-1.1622643988608246,0.004313946897251287
AMD,SHORT,2026-04-07 15:30:00,2026-04-08 09:30:00,220.4600067138672,226.45681510786596,211.46479412286902,232.27999877929688,stop,-0.05431513066073131,-1.9967811681481318,0.027201343605971914
AMD,SHORT,2026-04-07 15:30:00,2026-04-08 09:30:00,220.3300018310547,222.24522147993628,217.4571723577323,232.27999877929688,stop,-0.05493681227672872,-6.32002076450726,0.008692505028662175
AMD,SHORT,2026-04-14 09:30:00,2026-04-14 09:30:00,249.97999572753906,249.70814571314278,,249.97999572753906,stop,-0.0007,-0.09087315916007736,0.007703044622526184
AMD,SHORT,2026-04-15 14:30:00,2026-04-15 15:30:00,256.7349853515625,257.72130840437836,255.2555007723387,257.72130840437836,stop,-0.004541794492734252,-1.1822065186786463,0.003841794492734333
AMD,SHORT,2026-04-16 15:30:00,2026-04-17 09:30:00,277.760009765625,279.5161731884865,275.12576463133274,275.12576463133274,hedef,0.009283889118937716,1.4683674074804376,0.006322592745958508
AMD,SHORT,2026-04-21 09:30:00,2026-04-21 09:30:00,278.6499938964844,280.21478713050533,276.30280404545294,280.21478713050533,stop,-0.00631562271055438,-1.1246522489276756,0.00561562271055444
AMD,SHORT,2026-04-21 09:30:00,2026-04-22 09:30:00,280.8800048828125,287.7747846890991,270.53783517338263,291.2099914550781,stop,-0.03747722298735886,-1.526749638340238,0.02454706524646775
AMD,SHORT,2026-04-24 09:30:00,2026-04-24 09:30:00,336.8349914550781,310.43192497248447,,336.8349914550781,stop,-0.0007,-0.09087315916007736,0.007703044622526184
TSLA,SHORT,2026-02-24 14:30:00,2026-02-25 09:30:00,409.80999755859375,414.9219717320092,402.1420362984706,414.9219717320092,stop,-0.013174010404503354,-1.0561166759767318,0.012474010404503452
TSLA,SHORT,2026-03-04 09:30:00,2026-03-04 09:30:00,402.5199890136719,404.78224391515164,399.12660666145223,404.78224391515164,stop,-0.006320229959319989,-1.124550063799306,0.005620229959319921
TSLA,SHORT,2026-03-05 15:30:00,2026-03-06 09:30:00,405.4599914550781,408.8606727012021,400.35896958589217,398.18499755859375,hedef,0.01774256905687919,2.1154296382211286,0.00838721777189383
TSLA,LONG,2026-03-12 09:30:00,2026-03-12 10:30:00,399.8999938964844,397.96108572149075,402.8083561589748,397.96108572149075,stop,-0.005548482632124118,-1.1443750659973757,0.004848482632124075
TSLA,LONG,2026-03-18 14:30:00,2026-03-18 15:30:00,395.489990234375,392.84541260857304,399.45685667307794,392.84541260857304,stop,-0.007386838329927669,-1.104683254695574,0.0066868383299277185
TSLA,SHORT,2026-03-23 09:30:00,2026-03-23 10:30:00,382.67999267578125,385.15127313838764,378.97307198187167,385.15127313838764,stop,-0.007157825101664261,-1.108395626852686,0.006457825101664343
TSLA,LONG,2026-03-27 09:30:00,2026-03-27 09:30:00,366.1899108886719,364.2612811085208,369.0828555588985,364.2612811085208,stop,-0.00596674745208211,-1.1329093537080992,0.0052667474520821005
TSLA,SHORT,2026-03-24 09:30:00,2026-03-24 09:30:00,383.5,385.54538174366417,380.43192738450375,385.54538174366417,stop,-0.006033459566269072,-1.1312468935598852,0.005333459566269011
TSLA,SHORT,2026-03-24 14:30:00,2026-03-25 09:30:00,384.55999755859375,387.694605143341,379.8580861814729,389.989990234375,stop,-0.014820014328723673,-1.8181493281022125,0.008151153538193054
TSLA,LONG,2026-03-26 09:30:00,2026-03-26 10:30:00,381.3900146484375,379.4653659342485,384.276987719721,379.4653659342485,stop,-0.005746405622242456,-1.1387125911786997,0.005046405622242447
TSLA,LONG,2026-03-30 11:30:00,2026-03-30 12:30:00,360.7200927734375,359.2625021122595,362.9064787652045,359.2625021122595,stop,-0.004740780345700101,-1.1732338657667718,0.004040780345700083
TSLA,SHORT,2026-04-08 09:30:00,2026-04-08 10:30:00,363.7950134277344,367.93826373242797,357.58013797069395,347.8800048828125,hedef,0.043547187172710645,3.8236284021483735,0.011388969479419832
TSLA,LONG,2026-04-09 09:30:00,2026-04-09 10:30:00,339.0299987792969,337.0026107097392,342.0710808836334,342.0710808836334,hedef,0.008769949902032814,1.4665549971542329,0.005979966601355153
TSLA,SHORT,2026-04-17 09:30:00,2026-04-17 09:30:00,395.9200134277344,394.8922371890905,,395.9200134277344,stop,-0.0007,-0.08226208019414792,0.008509388509844631
TSLA,LONG,2026-04-21 12:30:00,2026-04-22 09:30:00,385.739990234375,381.5645216055825,392.00319317756373,392.00319317756373,hedef,0.016036851510737173,1.4815235115132066,0.010824567673824741
TSLA,LONG,2026-04-23 09:30:00,2026-04-23 09:30:00,375.4849853515625,385.1015718641054,,375.4849853515625,stop,-0.0007,-0.08226208019414792,0.008509388509844631
META,SHORT,2026-02-26 09:30:00,2026-02-27 09:30:00,655.7575073242188,663.5737438012005,644.0331526087461,643.4500122070312,hedef,0.018568363274112577,1.557826922404542,0.0119194006773563
META,SHORT,2026-02-26 13:30:00,2026-02-27 09:30:00,655.3800048828125,661.1530802606117,646.7203918161138,643.4500122070312,hedef,0.018003168523449943,2.043783582001793,0.008808745055979292
META,LONG,2026-02-27 09:30:00,2026-02-27 09:30:00,643.4500122070312,647.2626383416817,,643.4500122070312,stop,-0.0007,-0.1294355410929959,0.005408097297612169
META,SHORT,2026-03-02 11:30:00,2026-03-02 11:30:00,657.4099731445312,659.5262116671299,654.2356153606332,659.5262116671299,stop,-0.003919054485097406,-1.2174551574819958,0.003219054485097421
META,SHORT,2026-03-03 13:30:00,2026-03-04 09:30:00,656.1199951171875,660.3011188042617,649.8483095865762,660.3011188042617,stop,-0.00707249850361199,-1.1098470246172984,0.006372498503612023
META,LONG,2026-03-13 09:30:00,2026-03-13 09:30:00,623.27001953125,626.5332622705956,,623.27001953125,stop,-0.0007,-0.1294355410929959,0.005408097297612169
META,LONG,2026-03-19 09:30:00,2026-03-19 09:30:00,611.7849731445312,609.317667819206,615.4859311325191,609.317667819206,stop,-0.004732961634613974,-1.1735697146216442,0.004032961634613985
META,SHORT,2026-03-23 10:30:00,2026-03-23 11:30:00,606.8358764648438,609.3724067096058,603.0310810977007,603.0310810977007,hedef,0.006069891934056471,1.452152285373434,0.0041799279560377125
META,LONG,2026-03-26 09:30:00,2026-03-26 09:30:00,582.530029296875,587.0128747264456,,582.530029296875,stop,-0.0007,-0.1294355410929959,0.005408097297612169
META,SHORT,2026-03-25 13:30:00,2026-03-25 14:30:00,601.47998046875,603.8878415319089,597.8681888740117,596.6099853515625,hedef,0.007896686964364385,1.972580226395046,0.004003227274966573
META,SHORT,2026-04-08 09:30:00,2026-04-08 09:30:00,605.7000122070312,592.8200144663138,,605.7000122070312,stop,-0.0007,-0.1294355410929959,0.005408097297612169
META,LONG,2026-04-07 09:30:00,2026-04-08 09:30:00,566.0150146484375,559.4458438177803,575.8687708944233,605.7000122070312,hedef,0.06991297674363436,6.0238644382620326,0.011606001008184244
META,SHORT,2026-04-08 09:30:00,2026-04-08 09:30:00,605.7000122070312,583.063483704595,,605.7000122070312,stop,-0.0007,-0.1294355410929959,0.005408097297612169
META,SHORT,2026-04-09 09:30:00,2026-04-09 09:30:00,626.969970703125,630.3440192384912,621.9088979000757,630.3440192384912,stop,-0.006081515372390622,-1.1300748862655254,0.005381515372390722
META,SHORT,2026-04-14 09:30:00,2026-04-14 09:30:00,643.0120239257812,638.8447906744486,,643.0120239257812,stop,-0.0007,-0.1294355410929959,0.005408097297612169
META,SHORT,2026-04-16 11:30:00,2026-04-16 12:30:00,676.77001953125,678.788337351162,673.742542801382,673.742542801382,hedef,0.004273420279410334,1.4329372200102117,0.002982280186273534
META,LONG,2026-04-23 09:30:00,2026-04-23 09:30:00,663.530029296875,667.5274911987532,,663.530029296875,stop,-0.0007,-0.1294355410929959,0.005408097297612169
META,SHORT,2026-04-24 11:30:00,2026-04-24 12:30:00,675.864990234375,678.7117501465755,671.5948503660743,678.7117501465755,stop,-0.004912024521662583,-1.1661908653189956,0.00421202452166264
AMZN,LONG,2026-03-02 09:30:00,2026-03-02 10:30:00,204.5500030517578,203.16402916700818,206.62896387888225,207.89999389648438,hedef,0.016177368832788176,2.387549203146782,0.006775721652758593
AMZN,SHORT,2026-03-04 09:30:00,2026-03-04 09:30:00,210.47000122070312,211.69460774780202,208.63309143005478,211.69460774780202,stop,-0.00651843740198762,-1.1203072150885356,0.005818437401987526
AMZN,LONG,2026-03-02 09:30:00,2026-03-02 09:30:00,204.5500030517578,205.11402611525037,,204.5500030517578,stop,-0.0007,-0.15962545036334708,0.004385265622785255
AMZN,SHORT,2026-03-03 14:30:00,2026-03-04 09:30:00,208.6649932861328,209.8291342667394,206.91878181522293,210.47000122070312,stop,-0.009350267139419964,-1.6759769326684,0.0055789951264621366
AMZN,SHORT,2026-03-11 09:30:00,2026-03-12 09:30:00,216.82000732421875,220.56024111357164,211.20965664018942,210.3300018310547,hedef,0.029732687362468903,1.7235931908990576,0.017250408924486288
AMZN,LONG,2026-03-12 09:30:00,2026-03-13 09:30:00,209.02999877929688,207.0261153980682,212.03582385113987,209.97999572753906,zaman,0.003844787608429468,0.40105924158316114,0.009586582753341783
AMZN,LONG,2026-03-12 09:30:00,2026-03-12 10:30:00,209.33999633789062,208.74611661877134,210.23081591656955,208.74611661877134,stop,-0.0035369147296665177,-1.2467469299235332,0.002836914729666467
AMZN,SHORT,2026-03-16 14:30:00,2026-03-16 15:30:00,212.7100067138672,213.41304774400072,211.6554451686669,211.6554451686669,hedef,0.004757742992405923,1.4394885938098068,0.0033051619949373092
AMZN,LONG,2026-03-19 09:30:00,2026-03-19 09:30:00,207.05999755859375,206.14446783961097,208.43329213706792,206.14446783961097,stop,-0.005121567322407172,-1.1583149026031194,0.004421567322407148
AMZN,SHORT,2026-03-23 09:30:00,2026-03-23 09:30:00,209.77999877929688,209.19741444219486,,209.77999877929688,stop,-0.0007,-0.15962545036334708,0.004385265622785255
AMZN,LONG,2026-03-27 09:30:00,2026-03-27 09:30:00,206.2899932861328,205.06430140755802,208.128531103995,205.06430140755802,stop,-0.006641596385990011,-1.1178134552610395,0.0059415963859900224
AMZN,LONG,2026-03-27 09:30:00,2026-03-27 09:30:00,205.36000061035156,204.23030177376896,207.05454886522546,204.23030177376896,stop,-0.006201065607835143,-1.1272480733556445,0.005501065607835125
AMZN,LONG,2026-03-26 14:30:00,2026-03-27 09:30:00,207.72000122070312,206.54840635771092,209.47739351519144,206.3249969482422,stop,-0.007415791759401846,-1.314796028877498,0.005640260235447356
AMZN,LONG,2026-03-26 15:30:00,2026-03-27 09:30:00,207.27999877929688,206.6174868641077,208.27376665208067,206.3249969482422,stop,-0.005307303341754299,-1.6604951623942465,0.0031962172862351292
AMZN,SHORT,2026-03-25 13:30:00,2026-03-25 14:30:00,212.55999755859375,213.16295742985187,211.65555775170657,211.63999938964844,hedef,0.004128181123034236,1.4552977922106958,0.0028366573117404722
AMZN,LONG,2026-03-26 13:30:00,2026-03-26 14:30:00,209.25,207.70682593339797,211.56476109990305,207.70682593339797,stop,-0.008074786459269033,-1.0949180025572478,0.007374786459268983
AMZN,SHORT,2026-04-01 10:30:00,2026-04-01 11:30:00,212.0,212.98987343818703,210.51518984271945,212.98987343818703,stop,-0.005369214331070926,-1.1499181554682387,0.004669214331070909
AMZN,SHORT,2026-03-31 09:30:00,2026-03-31 09:30:00,204.875,203.88479129131017,,204.875,stop,-0.0007,-0.15962545036334708,0.004385265622785255
AMZN,SHORT,2026-04-07 13:30:00,2026-04-07 14:30:00,212.97000122070312,213.66642494254455,211.92536563794098,211.92536563794098,hedef,0.004705083236016794,1.438838958369324,0.0032700554906778417
AMZN,SHORT,2026-04-09 09:30:00,2026-04-09 09:30:00,224.48899841308594,226.1030927972422,222.06785683685155,226.1030927972422,stop,-0.007890082345087222,-1.0973563258949606,0.007190082345087301
AMZN,SHORT,2026-04-13 11:30:00,2026-04-14 09:30:00,239.32000732421875,240.53806658766356,237.49291842905154,241.77999877929688,stop,-0.010979088165601857,-2.157132693834746,0.005089667500279862
AMZN,SHORT,2026-04-17 09:30:00,2026-04-17 09:30:00,254.9499969482422,252.27430474692986,,254.9499969482422,stop,-0.0007,-0.15962545036334708,0.004385265622785255
AMZN,SHORT,2026-04-21 09:30:00,2026-04-21 10:30:00,254.9499969482422,256.26811427457244,252.9728209587468,252.68499755859375,hedef,0.008684092632910567,1.6796755084183486,0.005170101361475387
AMZN,SHORT,2026-04-24 09:30:00,2026-04-24 09:30:00,259.8800048828125,258.88537062478,,259.8800048828125,stop,-0.0007,-0.15962545036334708,0.004385265622785255
GOOGL,LONG,2026-03-02 09:30:00,2026-03-02 10:30:00,301.57000732421875,299.89559500544266,304.08162580238286,304.7200012207031,hedef,0.010245315581724345,1.8452324199800072,0.005552317134030927
GOOGL,LONG,2026-02-26 09:30:00,2026-02-26 09:30:00,309.364990234375,305.8424088880226,314.64886225390364,305.8424088880226,stop,-0.012086489931144771,-1.061476364027279,0.011386489931144769
GOOGL,SHORT,2026-02-25 14:30:00,2026-02-26 09:30:00,312.0299987792969,313.7513806457928,309.447925979553,309.447925979553,hedef,0.00807507870988453,1.4637465683992044,0.00551671913992302
GOOGL,LONG,2026-02-26 09:30:00,2026-02-26 09:30:00,310.6025085449219,309.3323991223976,312.50767267870833,309.3323991223976,stop,-0.0047891795384214725,-1.171183483978348,0.004089179538421506
GOOGL,LONG,2026-03-03 09:30:00,2026-03-03 09:30:00,298.5899963378906,301.15079423397634,,298.5899963378906,stop,-0.0007,-0.1486119062294087,0.004710255172418194
GOOGL,LONG,2026-03-13 12:30:00,2026-03-13 12:30:00,302.2200012207031,300.921384624839,304.1679261144993,300.921384624839,stop,-0.004996924725758933,-1.1629072056588963,0.004296924725758927
GOOGL,LONG,2026-03-20 09:30:00,2026-03-20 13:30:00,301.44000244140625,300.3402245982552,303.08966920613284,300.3402245982552,stop,-0.0043484137282504215,-1.1918642051420278,0.0036484137282503967
GOOGL,LONG,2026-03-20 09:30:00,2026-03-20 09:30:00,303.8399963378906,302.25022826036457,306.2246484541797,302.25022826036457,stop,-0.005932254136016135,-1.1337855505109253,0.005232254136016148
GOOGL,LONG,2026-03-24 09:30:00,2026-03-24 09:30:00,299.1099853515625,298.1587087873901,300.5369001978211,298.1587087873901,stop,-0.003880357095248221,-1.220101070111258,0.0031803570952481674
GOOGL,SHORT,2026-04-01 09:30:00,2026-04-01 09:30:00,293.44000244140625,296.1233629652489,289.4149616556423,296.1233629652489,stop,-0.009844494620764609,-1.07654879017703,0.00914449462076471
GOOGL,SHORT,2026-04-13 14:30:00,2026-04-14 09:30:00,320.25,321.93039967460646,317.7294004880903,324.8599853515625,stop,-0.015094958162568416,-2.876792006458023,0.0052471496474831
GOOGL,LONG,2026-04-21 15:30:00,2026-04-22 09:30:00,332.19000244140625,330.79823566582314,334.2776526047809,337.0199890136719,hedef,0.014339831231427768,3.4226629456516258,0.004189670867137538
GOOGL,SHORT,2026-04-23 10:30:00,2026-04-23 11:30:00,341.6099853515625,342.42505928403364,340.3873744528558,340.3873744528558,hedef,0.00337896710029848,1.416176932731499,0.002385978066865687
GOOGL,SHORT,2026-04-24 11:30:00,2026-04-24 11:30:00,341.3550109863281,342.08289283015085,340.26318822059403,342.08289283015085,stop,-0.002832330917655301,-1.3282792526263472,0.0021323309176553497
NFLX,SHORT,2026-02-25 09:30:00,2026-02-25 09:30:00,79.4000015258789,78.8885948620066,,79.4000015258789,stop,-0.0007,-0.1401870692653273,0.004993327870169921
NFLX,SHORT,2026-02-26 14:30:00,2026-02-27 09:30:00,85.37850189208984,87.67955781629252,81.92691800578584,94.40499877929688,stop,-0.10642329904096534,-3.948735770809196,0.02695123331059361
NFLX,SHORT,2026-03-03 13:30:00,2026-03-03 15:30:00,97.36499786376953,97.94274420551082,96.4983783511576,97.94274420551082,stop,-0.006633819693085818,-1.1179678581767007,0.005933819693085763
NFLX,SHORT,2026-03-06 10:30:00,2026-03-09 10:30:00,98.80000305175781,100.25120578298609,96.6231989549154,96.6231989549154,hedef,0.02183242944944106,1.4863837076756128,0.014688286299627387
NFLX,LONG,2026-03-09 09:30:00,2026-03-09 09:30:00,97.69000244140625,97.3482033668054,98.20270105330754,97.3482033668054,stop,-0.004198813246584409,-1.2000678374827038,0.003498813246584425
NFLX,SHORT,2026-03-13 15:30:00,2026-03-16 09:30:00,95.24089813232422,95.71672786558395,94.52715353243462,95.71672786558395,stop,-0.005696065163083818,-1.14011026220639,0.0049960651630839206
NFLX,LONG,2026-03-17 13:30:00,2026-03-17 14:30:00,94.59500122070312,94.20658861728823,95.17762012582546,94.20658861728823,stop,-0.004806058442862826,-1.1704797946109817,0.004106058442862875
NFLX,SHORT,2026-03-19 09:30:00,2026-03-19 10:30:00,95.66000366210938,96.37331722704249,94.5900333147097,92.82499694824219,hedef,0.02943628063282342,3.9475973142313596,0.007456758704010565
NFLX,SHORT,2026-03-26 13:30:00,2026-03-26 13:30:00,94.9800033569336,95.79420892742753,93.75869500119268,95.79420892742753,stop,-0.009272389363202814,-1.0816575134821607,0.008572389363202754
NFLX,LONG,2026-03-24 14:30:00,2026-03-25 09:30:00,91.11499786376953,90.6516724648698,91.80998596211913,91.80998596211913,hedef,0.007427592763473468,1.4606691115660186,0.005085061842315654
NFLX,SHORT,2026-03-26 13:30:00,2026-03-26 13:30:00,93.69499969482422,94.02421228436113,93.20118081051885,94.02421228436113,stop,-0.004213662315056232,-1.1992223319242923,0.0035136623150562236
NFLX,SHORT,2026-03-30 09:30:00,2026-03-31 09:30:00,93.83499908447266,95.9079130783576,90.72562809364524,94.77999877929688,zaman,-0.010770865924701521,-0.48756687309017466,0.022091053595245935
NFLX,SHORT,2026-03-31 09:30:00,2026-03-31 09:30:00,94.12000274658203,94.53721031334146,93.49419139644289,94.53721031334146,stop,-0.005132719449475098,-1.1579166035610071,0.004432719449475163
NFLX,SHORT,2026-04-01 15:30:00,2026-04-02 09:30:00,95.95999908447266,96.3040293331259,95.4439537114928,96.3040293331259,stop,-0.004285142266939734,-1.1952502712249486,0.0035851422669397255
NFLX,SHORT,2026-04-09 11:30:00,2026-04-10 09:30:00,101.02400207519531,102.72948346568418,98.465779989462,102.72948346568418,stop,-0.01758194246372676,-1.0414644227999204,0.016881942463726863
NFLX,SHORT,2026-04-08 09:30:00,2026-04-08 09:30:00,100.13999938964844,99.9108599635762,,100.13999938964844,stop,-0.0007,-0.1401870692653273,0.004993327870169921
NFLX,LONG,2026-04-17 09:30:00,2026-04-17 09:30:00,96.37000274658203,98.40165969067911,,96.37000274658203,stop,-0.0007,-0.1401870692653273,0.004993327870169921
NFLX,LONG,2026-04-17 09:30:00,2026-04-17 09:30:00,96.37000274658203,97.40165969067911,,96.37000274658203,stop,-0.0007,-0.1401870692653273,0.004993327870169921
NFLX,SHORT,2026-04-10 13:30:00,2026-04-13 09:30:00,102.46499633789062,103.11972750206262,101.48289959163264,103.11972750206262,stop,-0.007089803226195756,-1.109549539355179,0.0063898032261957725
NFLX,LONG,2026-04-17 09:30:00,2026-04-17 09:30:00,96.37000274658203,101.42165633374552,,96.37000274658203,stop,-0.0007,-0.1401870692653273,0.004993327870169921
NFLX,LONG,2026-04-17 09:30:00,2026-04-17 09:30:00,96.37000274658203,102.84165450269083,,96.37000274658203,stop,-0.0007,-0.1401870692653273,0.004993327870169921
NFLX,LONG,2026-04-17 09:30:00,2026-04-17 09:30:00,96.37000274658203,105.0016581648002,,96.37000274658203,stop,-0.0007,-0.1401870692653273,0.004993327870169921
NFLX,LONG,2026-04-20 09:30:00,2026-04-20 10:30:00,96.37000274658203,95.0294427097377,98.38084280184853,95.0294427097377,stop,-0.01461055306254918,-1.0503215074808638,0.013910553062549158
AVGO,SHORT,2026-02-25 09:30:00,2026-02-26 09:30:00,335.2550048828125,340.3259212599146,327.64863031715936,326.5450134277344,hedef,0.02578019814237429,1.704413918779863,0.015125550113337218
AVGO,SHORT,2026-02-25 09:30:00,2026-02-25 10:30:00,335.5400085449219,338.7159359083521,330.77611749977655,330.77611749977655,hedef,0.013997684102721708,1.4788697932825239,0.009465122735147775
AVGO,LONG,2026-02-24 14:30:00,2026-02-25 09:30:00,322.7980041503906,314.21969559932967,335.6654669769821,335.6654669769821,hedef,0.03966227504862927,1.4924740873511615,0.026574850032419495
AVGO,LONG,2026-02-26 09:30:00,2026-02-26 09:30:00,323.3999938964844,321.8169673247654,325.7745337540628,321.8169673247654,stop,-0.00559494929373957,-1.1430045457049638,0.004894949293739517
AVGO,SHORT,2026-03-05 09:30:00,2026-03-05 09:30:00,332.77508544921875,336.1113813706964,327.77064156700226,336.1113813706964,stop,-0.010725678205367815,-1.0698207129394222,0.010025678205367808
AVGO,LONG,2026-02-27 09:30:00,2026-02-27 10:30:00,310.2099914550781,307.6726358960596,314.0160247936059,318.54998779296875,hedef,0.026685002313338903,3.2624337216663513,0.00817947722159671
AVGO,SHORT,2026-03-04 09:30:00,2026-03-04 09:30:00,318.6499938964844,320.2550058425103,316.2424759774455,320.2550058425103,stop,-0.0057369118994784135,-1.1389740408349291,0.005036911899478367
AVGO,SHORT,2026-03-05 15:30:00,2026-03-06 09:30:00,332.2099914550781,336.3855420464787,325.9466655679773,336.3855420464787,stop,-0.013269009658955909,-1.0556925341767982,0.012569009658955995
AVGO,LONG,2026-03-09 09:30:00,2026-03-09 09:30:00,326.94000244140625,324.01438479630616,331.32842890905636,324.01438479630616,stop,-0.009648484808384393,-1.0782255337064546,0.008948484808384422
AVGO,SHORT,2026-03-09 10:30:00,2026-03-09 11:30:00,340.1099853515625,343.8196309921926,334.54551689061736,343.8196309921926,stop,-0.011607194144257559,-1.0641778252721927,0.010907194144257516
AVGO,LONG,2026-03-13 09:30:00,2026-03-13 09:30:00,334.6600036621094,331.99955127016386,338.65068225002767,331.99955127016386,stop,-0.008649717213986628,-1.088053446576488,0.007949717213986667
AVGO,LONG,2026-03-17 09:30:00,2026-03-17 10:30:00,322.1700134277344,319.86620115506946,325.62573183673175,319.86620115506946,stop,-0.007850920869864463,-1.0978894904221226,0.007150920869864505
AVGO,SHORT,2026-03-19 14:30:00,2026-03-20 09:30:00,321.2900085449219,325.61366150467023,314.80452910529937,314.80452910529937,hedef,0.019985748909511193,1.4851380297384547,0.013457165939674208
AVGO,LONG,2026-03-20 14:30:00,2026-03-23 09:30:00,312.55999755859375,308.33495440088353,318.8975622951591,318.8975622951591,hedef,0.0200763142630793,1.485204411605211,0.013517542842052825
AVGO,SHORT,2026-03-23 09:30:00,2026-03-23 09:30:00,320.760009765625,323.4386157130685,316.74210084445974,323.4386157130685,stop,-0.009050810156791954,-1.0838242023057614,0.008350810156792014
AVGO,LONG,2026-03-26 13:30:00,2026-03-26 15:30:00,310.7699890136719,309.7412240437776,312.3131364685133,309.7412240437776,stop,-0.004010374251900505,-1.2114564537825596,0.003310374251900526
AVGO,SHORT,2026-03-31 09:30:00,2026-03-31 12:30:00,301.75,304.9549554502144,296.94256682467835,304.9549554502144,stop,-0.0113212276726243,-1.0659057522892674,0.010621227672624403
AVGO,SHORT,2026-04-01 15:30:00,2026-04-02 09:30:00,314.340087890625,315.9730976295271,311.8905732822718,304.6300048828125,hedef,0.030690374412541167,5.90762857098473,0.0051950413002057536
AAPL,SHORT,2026-05-08 09:30:00,2026-05-08 09:30:00,290.4700012207031,292.2362860122441,287.8205740333917,292.2362860122441,stop,-0.006780782125927442,-1.115116770425862,0.006080782125927375
AAPL,SHORT,2026-05-11 11:30:00,2026-05-11 12:30:00,293.7850036621094,294.86386301803685,292.1667146282182,292.1667146282182,hedef,0.0053084126613638155,1.4455378493872844,0.0036722751075759625
AAPL,SHORT,2026-05-12 09:30:00,2026-05-12 09:30:00,293.45001220703125,294.3449728809323,292.1075711961797,294.3449728809323,stop,-0.0037497891861378524,-1.2295240612635245,0.0030497891861379018
AAPL,SHORT,2026-05-15 10:30:00,2026-05-15 10:30:00,300.125,301.0102433762689,298.79713493559666,301.0102433762689,stop,-0.003649582261620565,-1.2373217418304494,0.002949582261620574
AAPL,LONG,2026-05-18 09:30:00,2026-05-18 11:30:00,298.3099060058594,295.28716186914556,302.8440222109301,295.28716186914556,stop,-0.010832898961305203,-1.069081908610079,0.010132898961305157
AAPL,LONG,2026-05-18 09:30:00,2026-05-18 10:30:00,297.7550048828125,296.43715576562994,299.73177855858637,296.43715576562994,stop,-0.005125951186618149,-1.1581580931386022,0.004425951186618097
AAPL,LONG,2026-05-26 14:30:00,2026-05-26 15:30:00,308.70001220703125,307.8873819193382,309.91895763857076,307.8873819193382,stop,-0.00333242713171008,-1.2659142931509186,0.002632427131710091
AAPL,LONG,2026-06-01 09:30:00,2026-06-01 10:30:00,308.360107421875,307.5821774564765,309.5270023699728,307.5821774564765,stop,-0.0032227970372128096,-1.2774698042191182,0.002522797037212802
AAPL,SHORT,2026-05-28 09:30:00,2026-05-29 09:30:00,311.7900085449219,313.3427669801498,309.46087089208,313.3427669801498,stop,-0.005680141738583743,-1.1405582484885528,0.004980141738583684
AAPL,SHORT,2026-05-28 15:30:00,2026-05-29 09:30:00,311.82501220703125,312.8412549693784,310.30064806351055,312.8412549693784,stop,-0.003959016187169728,-1.2147887459889641,0.0032590161871697927
AAPL,LONG,2026-05-29 10:30:00,2026-05-29 11:30:00,310.44000244140625,309.48218111475984,311.8767344313759,311.8767344313759,hedef,0.004428050440248277,1.4351778888598596,0.003085366960165495
AAPL,SHORT,2026-06-02 12:30:00,2026-06-02 13:30:00,313.67498779296875,315.103971544893,311.5315121650824,315.103971544893,stop,-0.0052556190564592925,-1.1536563947346776,0.004555619056459181
AAPL,SHORT,2026-06-02 10:30:00,2026-06-02 12:30:00,312.07000732421875,313.2118548436414,310.3572360450848,313.2118548436414,stop,-0.004358946687037146,-1.191311888331094,0.0036589466870372493
AAPL,LONG,2026-06-08 13:30:00,2026-06-08 13:30:00,305.7200012207031,304.90042457148445,306.94936619453114,304.90042457148445,stop,-0.003380808079112307,-1.2611152978290907,0.002680808079112273
AAPL,SHORT,2026-06-08 10:30:00,2026-06-08 12:30:00,315.19000244140625,317.07008882627343,312.36987286410545,312.36987286410545,hedef,0.008747395397876145,1.4664706893280859,0.005964930265250692
AAPL,LONG,2026-06-05 12:30:00,2026-06-05 12:30:00,311.1600036621094,310.15709723054516,312.66436330945567,310.15709723054516,stop,-0.003923121287314501,-1.2171807814850177,0.003223121287314534
AAPL,SHORT,2026-06-08 09:30:00,2026-06-08 10:30:00,313.42999267578125,315.2801833853633,310.6547066114082,315.2801833853633,stop,-0.006603042953186333,-1.1185829080952436,0.0059030429531863595
AAPL,LONG,2026-06-11 10:30:00,2026-06-11 11:30:00,289.7099914550781,287.2324320992672,293.4263304887945,293.4263304887945,hedef,0.012627790353556522,1.4766132754175636,0.008551860235704286
AAPL,LONG,2026-06-12 10:30:00,2026-06-12 11:30:00,290.5799865722656,289.4549561866895,292.2675321506298,292.8599853515625,hedef,0.007646372374753497,1.9749535750046632,0.003871671958028402
AAPL,LONG,2026-06-17 14:30:00,2026-06-18 09:30:00,295.2449951171875,293.8576350717286,297.3260351853758,298.44000244140625,hedef,0.010621546095812983,2.260378144418921,0.004699012916063865
AAPL,SHORT,2026-06-22 09:30:00,2026-06-22 09:30:00,300.8450012207031,302.17842836119456,298.844860509966,302.17842836119456,stop,-0.005132272881653265,-1.1579325142406407,0.004432272881653171
AAPL,LONG,2026-06-23 15:30:00,2026-06-23 15:30:00,295.1600036621094,294.26305330736926,296.5054291942196,294.26305330736926,stop,-0.0037388614433238815,-1.2303494295660857,0.003038861443323859
AAPL,LONG,2026-06-23 14:30:00,2026-06-23 15:30:00,296.7900085449219,295.06772796833275,299.37342940980557,295.06772796833275,stop,-0.006503027484088785,-1.1206266904506852,0.005803027484088789
MSFT,LONG,2026-04-30 09:30:00,2026-04-30 09:30:00,410.7875061035156,411.2592824696528,,410.7875061035156,stop,-0.0007,-0.20967485067251604,0.0033385024372489286
MSFT,LONG,2026-04-28 09:30:00,2026-04-29 09:30:00,422.375,416.9073894379964,430.5764158430054,425.20001220703125,zaman,0.005988398240973559,0.46260604670869904,0.012944919945554509
MSFT,LONG,2026-04-29 09:30:00,2026-04-29 11:30:00,424.57501220703125,421.747644342366,428.8160640040291,421.747644342366,stop,-0.007359289367897503,-1.1051163211760253,0.0066592893678974995
MSFT,LONG,2026-04-30 09:30:00,2026-04-30 09:30:00,410.7875061035156,420.13919579973094,,410.7875061035156,stop,-0.0007,-0.20967485067251604,0.0033385024372489286
MSFT,LONG,2026-05-11 09:30:00,2026-05-11 09:30:00,407.7749938964844,408.6347927795514,,407.7749938964844,stop,-0.0007,-0.20967485067251604,0.0033385024372489286
MSFT,SHORT,2026-05-15 10:30:00,2026-05-15 13:30:00,424.54998779296875,428.1483972244673,419.1523736457209,428.1483972244673,stop,-0.009175820362650265,-1.0825878758691763,0.008475820362650268
MSFT,LONG,2026-05-12 09:30:00,2026-05-13 09:30:00,407.7749938964844,405.3393048626449,411.4285274472436,402.9700012207031,stop,-0.012483441230339475,-2.0899364002491443,0.005973120152771781
MSFT,LONG,2026-05-14 09:30:00,2026-05-14 09:30:00,402.9700012207031,400.8877086318433,406.09344010399286,400.8877086318433,stop,-0.0058673637803112405,-1.1354655932425608,0.005167363780311254
MSFT,SHORT,2026-05-19 09:30:00,2026-05-19 09:30:00,429.8949890136719,428.3484567718065,,429.8949890136719,stop,-0.0007,-0.20967485067251604,0.0033385024372489286
MSFT,SHORT,2026-05-29 09:30:00,2026-05-29 09:30:00,432.7124938964844,432.870644841296,432.47526747926696,432.870644841296,stop,-0.0010654873548657457,-2.9152509400960653,0.0003654873548657993
MSFT,LONG,2026-05-26 09:30:00,2026-05-26 10:30:00,413.7868957519531,411.1489914695814,417.74375217551074,419.0199890136719,hedef,0.01244683177607373,1.9524347100030812,0.006375030986851328
MSFT,SHORT,2026-05-28 09:30:00,2026-05-28 09:30:00,419.4800109863281,424.53812835553856,411.89283493251247,424.53812835553856,stop,-0.012758065311186582,-1.0580524306291927,0.012058065311186644
MSFT,LONG,2026-05-26 13:30:00,2026-05-26 14:30:00,413.6449890136719,413.0063428103813,414.60295831860776,415.1199951171875,hedef,0.003365874464072971,2.180044441725682,0.0015439476368695533
MSFT,LONG,2026-06-02 10:30:00,2026-06-02 11:30:00,442.7200012207031,441.0802043507882,445.1796965255755,445.1796965255755,hedef,0.005355871200962903,1.4460030678990596,0.0037039141339752523
MSFT,LONG,2026-06-05 09:30:00,2026-06-05 09:30:00,425.45989990234375,424.06789527051063,427.54790685009345,424.06789527051063,stop,-0.003971764582637782,-1.2139518239529337,0.003271764582637813
MSFT,LONG,2026-06-10 13:30:00,2026-06-10 14:30:00,401.04998779296875,398.31400600289606,405.1539604780778,398.31400600289606,stop,-0.007522046810496474,-1.1026085014431353,0.006822046810496507
MSFT,LONG,2026-06-12 09:30:00,2026-06-12 09:30:00,387.54998779296875,383.81908757585376,393.1463381186412,383.81908757585376,stop,-0.010326887716761012,-1.072713011784827,0.009626887716760965
MSFT,LONG,2026-06-22 09:30:00,2026-06-22 10:30:00,375.1650085449219,373.1164562231829,378.2378370275303,373.1164562231829,stop,-0.006160403489345289,-1.128195654655534,0.0054604034893453056
NVDA,LONG,2026-04-30 10:30:00,2026-05-01 09:30:00,199.11000061035156,197.0810285752802,202.15345866295863,202.15345866295863,hedef,0.01508530984519949,1.4803733124785767,0.010190206563466265
NVDA,SHORT,2026-04-27 11:30:00,2026-04-27 11:30:00,209.88999938964844,211.05412291082132,208.1438141078891,211.05412291082132,stop,-0.0062463505862980434,-1.1262091151845428,0.005546350586298091
NVDA,LONG,2026-04-28 09:30:00,2026-04-28 10:30:00,208.69500732421875,207.27613628415932,210.82331388430788,212.3699951171875,hedef,0.01740937091925463,2.560661743685817,0.006798778074528336
NVDA,SHORT,2026-05-04 09:30:00,2026-05-04 10:30:00,201.27999877929688,203.11402348099838,198.52896172674463,197.3800048828125,hedef,0.019175963434701272,2.1045179452314127,0.00911180799296662
NVDA,LONG,2026-05-04 10:30:00,2026-05-04 10:30:00,197.3800048828125,196.99843760129738,197.95235580508518,196.99843760129738,stop,-0.002633160766419362,-1.3621012862249104,0.0019331607664193732
NVDA,SHORT,2026-05-05 09:30:00,2026-05-05 14:30:00,199.72000122070312,201.8422685292535,196.53660025787758,196.53660025787758,hedef,0.01573931976451213,1.481178619637962,0.010626213176341435
NVDA,SHORT,2026-05-06 09:30:00,2026-05-06 09:30:00,199.80999755859375,200.3350508729827,199.02241758701035,200.3350508729827,stop,-0.003327762978851811,-1.2663862782273747,0.0026277629788518005
NVDA,SHORT,2026-05-08 09:30:00,2026-05-08 09:30:00,213.5749969482422,214.3280961017782,212.4453482179382,214.3280961017782,stop,-0.004226157856944767,-1.1985163536060506,0.0035261578569447667
NVDA,SHORT,2026-05-12 14:30:00,2026-05-13 09:30:00,219.47999572753906,223.88654622998067,212.87016997387667,224.92999267578125,stop,-0.025531406298220448,-1.2716597579323325,0.02007723067350459
NVDA,LONG,2026-05-15 09:30:00,2026-05-15 09:30:00,225.8699951171875,224.95053325039748,227.24918791737252,224.95053325039748,stop,-0.004770757013621806,-1.1719581880366747,0.004070757013621814
NVDA,LONG,2026-05-15 15:30:00,2026-05-18 09:30:00,226.60499572753906,224.1024033037796,230.35888436317828,224.1024033037796,stop,-0.011743853714366002,-1.063383671868948,0.011043853714365968
NVDA,SHORT,2026-05-20 09:30:00,2026-05-20 09:30:00,223.34500122070312,224.63127712510973,221.4155873640932,224.63127712510973,stop,-0.006459143465832617,-1.1215458521137414,0.005759143465832697
NVDA,LONG,2026-05-21 09:30:00,2026-05-21 09:30:00,220.6300048828125,218.87064066754579,223.26905120571257,218.87064066754579,stop,-0.00867427447006227,-1.0877822807113122,0.007974274470062218
NVDA,SHORT,2026-05-21 09:30:00,2026-05-21 09:30:00,225.25,226.25936421526671,223.73595367709993,226.25936421526671,stop,-0.0051810841965226,-1.1562121953752218,0.004481084196522594
NVDA,SHORT,2026-06-01 13:30:00,2026-06-02 09:30:00,223.43499755859375,227.54465685528373,217.27050861355877,227.54465685528373,stop,-0.019093086766151034,-1.038057777299681,0.018393086766151142
NVDA,LONG,2026-05-21 14:30:00,2026-05-21 15:30:00,218.85499572753906,217.7855702980867,220.4591338717176,220.4591338717176,hedef,0.007129684839251227,1.459070545790242,0.00488645655950086
NVDA,LONG,2026-06-05 10:30:00,2026-06-05 10:30:00,209.7899932861328,208.62333010834826,211.53998805280963,208.62333010834826,stop,-0.0062611002198439064,-1.1258743723952689,0.005561100219843867
NVDA,LONG,2026-05-29 15:30:00,2026-05-29 15:30:00,214.1199951171875,212.70609995110416,216.24083786631252,212.70609995110416,stop,-0.007303284131916354,-1.1060078570020324,0.006603284131916374
NVDA,LONG,2026-06-05 09:30:00,2026-06-05 10:30:00,213.4600067138672,210.83099261677663,217.40352785950301,210.83099261677663,stop,-0.01301619045442378,-1.0568357563639819,0.012316190454423752
NVDA,LONG,2026-06-09 10:30:00,2026-06-09 10:30:00,205.10499572753906,204.20275292453735,206.45835993204162,204.20275292453735,stop,-0.005098931385368399,-1.1591295564028072,0.0043989313853683475
NVDA,LONG,2026-06-10 14:30:00,2026-06-11 14:30:00,201.47000122070312,199.18905091014565,204.89142668653932,204.47000122070312,zaman,0.014190554334754836,1.2534122229285953,0.011321538178077307
NVDA,LONG,2026-06-23 09:30:00,2026-06-23 10:30:00,200.6699981689453,199.44862594440534,202.50205650575526,203.09280395507812,hedef,0.01187358253969315,1.9508154341699282,0.0060864714989018725
NVDA,LONG,2026-06-17 14:30:00,2026-06-17 15:30:00,204.72000122070312,203.81170334023935,206.08244804139878,203.81170334023935,stop,-0.005136781335716011,-1.157772030450317,0.004436781335716025
NVDA,LONG,2026-06-23 09:30:00,2026-06-23 09:30:00,202.16000366210938,203.3586296065147,,202.16000366210938,stop,-0.0007,-0.11327340969537296,0.006179738050461404
NVDA,LONG,2026-06-23 14:30:00,2026-06-24 09:30:00,200.76499938964844,199.93075309543934,202.01636883096208,199.93075309543934,stop,-0.004855337318483388,-1.1684580447624213,0.004155337318483358
AMD,SHORT,2026-04-30 12:30:00,2026-04-30 13:30:00,351.0249938964844,353.3190835946634,347.5838593492158,353.3190835946634,stop,-0.007235402715100114,-1.107108931234299,0.006535402715100015
AMD,LONG,2026-05-04 09:30:00,2026-05-04 09:30:00,351.8699951171875,348.9896892200209,356.19045396293734,348.9896892200209,stop,-0.008885710453110117,-1.0855148742445444,0.00818571045311015
AMD,SHORT,2026-05-06 09:30:00,2026-05-06 09:30:00,409.1000061035156,363.0708948534582,,409.1000061035156,stop,-0.0007,-0.09087315916007736,0.007703044622526184
AMD,SHORT,2026-05-06 13:30:00,2026-05-07 13:30:00,417.1700134277344,431.0761048281147,396.3108763271639,405.1199951171875,zaman,0.028185149753541174,0.8455286940531619,0.03333435039138844
AMD,SHORT,2026-05-08 09:30:00,2026-05-08 09:30:00,421.42498779296875,423.42372738555673,418.4268784040868,423.42372738555673,stop,-0.00544281224531925,-1.147591758600799,0.004742812245319187
AMD,LONG,2026-05-19 09:30:00,2026-05-19 09:30:00,403.4150085449219,400.64114370158774,407.57580580992305,400.64114370158774,stop,-0.007575958466045162,-1.1018039889939324,0.006875958466045165
AMD,SHORT,2026-05-11 13:30:00,2026-05-11 13:30:00,465.20001220703125,468.13758513642085,460.79365281294685,468.13758513642085,stop,-0.0070146449963598085,-1.1108534209609002,0.006314644996359703
AMD,SHORT,2026-05-22 09:30:00,2026-05-22 09:30:00,469.8399963378906,469.6312489132587,,469.8399963378906,stop,-0.0007,-0.09087315916007736,0.007703044622526184
AMD,LONG,2026-05-15 09:30:00,2026-05-15 15:30:00,432.4599914550781,425.7181805087281,442.57270787460317,425.7181805087281,stop,-0.016289444294410114,-1.044902177831378,0.015589444294410146
AMD,LONG,2026-05-15 09:30:00,2026-05-15 09:30:00,433.3399963378906,435.29819759857185,,433.3399963378906,stop,-0.0007,-0.09087315916007736,0.007703044622526184
AMD,SHORT,2026-05-21 15:30:00,2026-05-22 09:30:00,450.8500061035156,453.73180800559464,446.5273032503971,469.8399963378906,stop,-0.04282041693976354,-6.699136822943951,0.0063919304936581375
AMD,SHORT,2026-05-21 15:30:00,2026-05-22 09:30:00,449.6300048828125,452.48180800559464,445.3523001986393,469.8399963378906,stop,-0.04564804891934523,-7.197107084472462,0.006342555193854138
AMD,SHORT,2026-05-20 09:30:00,2026-05-20 09:30:00,429.2900085449219,439.29850853981617,414.2772585525804,439.29850853981617,stop,-0.02401407625539228,-1.030024779550858,0.023314076255392238
AMD,SHORT,2026-05-19 13:30:00,2026-05-19 15:30:00,422.69000244140625,429.29004758329285,412.7899347285763,412.7899347285763,hedef,0.023221580012889632,1.4871912996546415,0.01561438667525973
AMD,SHORT,2026-06-03 09:30:00,2026-06-03 09:30:00,533.8200073242188,527.5996134729198,,533.8200073242188,stop,-0.0007,-0.09087315916007736,0.007703044622526184
AMD,LONG,2026-06-04 09:30:00,2026-06-04 10:30:00,500.3550109863281,486.3555560005682,521.354193464968,521.354193464968,hedef,0.041768566353008275,1.4928517929948653,0.027979044235338868
AMD,SHORT,2026-06-02 11:30:00,2026-06-02 11:30:00,513.375,517.9564615320766,506.50280770188516,517.9564615320766,stop,-0.009624200695547223,-1.078438397328879,0.008924200695547231
AMD,LONG,2026-06-05 09:30:00,2026-06-05 09:30:00,499.1199951171875,499.3257063428359,,499.1199951171875,stop,-0.0007,-0.09087315916007736,0.007703044622526184
AMD,SHORT,2026-06-15 09:30:00,2026-06-15 09:30:00,535.75,543.086278772476,524.7455818412859,543.086278772476,stop,-0.01439347414367894,-1.0511192406437684,0.013693474143678995
AMD,LONG,2026-06-09 10:30:00,2026-06-09 11:30:00,466.3760986328125,463.4098330566658,470.8254969970326,463.4098330566658,stop,-0.0070602435563108185,-1.1100586783827544,0.006360243556310819
AMD,SHORT,2026-06-12 09:30:00,2026-06-12 09:30:00,499.68499755859375,494.8920330388389,,499.68499755859375,stop,-0.0007,-0.09087315916007736,0.007703044622526184
AMD,SHORT,2026-06-11 13:30:00,2026-06-11 14:30:00,472.989990234375,480.7278534256996,461.38319544738806,480.7278534256996,stop,-0.01705946500155394,-1.0427886853227468,0.01635946500155396
TSLA,SHORT,2026-04-27 12:30:00,2026-04-28 12:30:00,375.9800109863281,383.0219256216829,365.41713903329594,376.30999755859375,zaman,-0.0015776705213662251,-0.08423455987068995,0.018729492072946503
TSLA,SHORT,2026-04-30 11:30:00,2026-04-30 14:30:00,379.07000732421875,382.50699716968916,373.91452255601314,382.50699716968916,stop,-0.00976689998961263,-1.077203895576435,0.0090668999896126
TSLA,SHORT,2026-04-30 10:30:00,2026-04-30 11:30:00,377.5249938964844,378.9057050630757,375.4539271465974,378.9057050630757,stop,-0.0043572708798450205,-1.1913995498275942,0.0036572708798450993
TSLA,SHORT,2026-05-05 09:30:00,2026-05-05 09:30:00,396.4200134277344,398.04246951108325,393.98632930271106,398.04246951108325,stop,-0.004792770365754062,-1.1710332946742221,0.004092770365754114
TSLA,LONG,2026-05-06 09:30:00,2026-05-06 09:30:00,386.05999755859375,384.58475397602695,388.27286293244396,384.58475397602695,stop,-0.004521280608962585,-1.1831846628478866,0.0038212806089626037
TSLA,SHORT,2026-05-06 11:30:00,2026-05-07 09:30:00,395.18499755859375,402.3215111338697,384.48022719567984,407.5199890136719,stop,-0.03191320781730641,-1.767196379624551,0.018058665231130974
TSLA,SHORT,2026-05-07 15:30:00,2026-05-08 09:30:00,411.25,416.096913388955,403.97962991656755,417.42999267578125,stop,-0.01572733781344978,-1.3344302150147804,0.011785807632717296
TSLA,LONG,2026-05-18 14:30:00,2026-05-18 15:30:00,405.364990234375,401.83444961703384,410.66080116038677,410.66080116038677,hedef,0.012864302674362204,1.4770366618504118,0.008709535116241446
TSLA,SHORT,2026-05-11 10:30:00,2026-05-11 10:30:00,428.7030944824219,431.4992298572969,424.50889142010936,431.4992298572969,stop,-0.0072223120869952745,-1.107323904569921,0.006522312086995344
TSLA,SHORT,2026-05-13 10:30:00,2026-05-13 10:30:00,446.9049987792969,449.5060598892127,443.00340711442317,449.5060598892127,stop,-0.006520165621374773,-1.1202714914897285,0.005820165621374785
TSLA,LONG,2026-05-15 09:30:00,2026-05-18 09:30:00,425.7799987792969,421.9875868267333,431.46861670814224,419.3550109863281,stop,-0.015789923931112414,-1.772759361643101,0.008906975347447808
TSLA,SHORT,2026-05-14 11:30:00,2026-05-14 12:30:00,451.2200012207031,453.70797259776765,447.4880441551063,447.4880441551063,hedef,0.008070814803201576,1.4637278784329986,0.005513876535467663
TSLA,SHORT,2026-05-21 13:30:00,2026-05-22 09:30:00,422.2449951171875,427.21602401332973,414.78845177297416,427.21602401332973,stop,-0.012472854512491326,-1.0594588168279284,0.011772854512491257
TSLA,LONG,2026-06-01 09:30:00,2026-06-01 09:30:00,425.875,423.63828067454887,429.23007898817673,423.63828067454887,stop,-0.005952055944704792,-1.1332811393042765,0.005252055944704745
TSLA,SHORT,2026-05-28 10:30:00,2026-05-29 09:30:00,442.81500244140625,445.8470463407992,438.2669365923168,438.2669365923168,hedef,0.01007080343713338,1.4707909900295344,0.006847202291422217
TSLA,LONG,2026-06-01 09:30:00,2026-06-01 09:30:00,427.3800048828125,427.9682977643926,,427.3800048828125,stop,-0.0007,-0.08226208019414792,0.008509388509844631
TSLA,LONG,2026-06-05 09:30:00,2026-06-05 09:30:00,415.7099914550781,413.41823806345064,419.14762154251935,413.41823806345064,stop,-0.006212865792823063,-1.126975701260724,0.005512865792823093
TSLA,SHORT,2026-06-05 09:30:00,2026-06-05 10:30:00,423.7300109863281,426.581670383815,419.45252189009784,406.6400146484375,hedef,0.040132277381320615,5.963282413979714,0.0067298971598659454
TSLA,LONG,2026-06-09 11:30:00,2026-06-09 11:30:00,390.9700012207031,388.2633678167961,395.0299513265636,388.2633678167961,stop,-0.007622867216042739,-1.101114173962173,0.006922867216042765
TSLA,SHORT,2026-06-15 09:30:00,2026-06-16 09:30:00,412.0799865722656,418.8192602707374,401.971076024558,401.971076024558,hedef,0.0243314280652037,1.4877707894052195,0.016354285376802506
TSLA,LONG,2026-06-10 09:30:00,2026-06-10 10:30:00,388.92999267578125,383.9273330567409,396.4339821043418,383.9273330567409,stop,-0.013562622356848318,-1.0544212510155317,0.012862622356848286
TSLA,LONG,2026-06-17 15:30:00,2026-06-18 09:30:00,394.9601135253906,386.48821763531424,407.66795736050517,386.48821763531424,stop,-0.022150003683806783,-1.0326340270294885,0.021450003683806805
TSLA,SHORT,2026-06-22 09:30:00,2026-06-22 10:30:00,412.0799865722656,416.2771740357235,405.7842053770788,405.7842053770788,hedef,0.015078056203495649,1.4803639942147055,0.010185370802330385
TSLA,SHORT,2026-06-22 09:30:00,2026-06-22 09:30:00,411.2200012207031,412.69718746345785,409.004221856571,412.69718746345785,stop,-0.0042922042662557275,-1.1948664240994131,0.003592204266255803
META,LONG,2026-04-30 09:30:00,2026-04-30 09:30:00,619.3200073242188,652.8042004028807,,619.3200073242188,stop,-0.0007,-0.1294355410929959,0.005408097297612169
META,LONG,2026-04-29 15:30:00,2026-04-30 09:30:00,668.9099731445312,663.5656011569034,676.926531125973,619.3200073242188,stop,-0.07483548580714258,-9.366526678419469,0.007989673053466444
META,SHORT,2026-04-29 14:30:00,2026-04-29 14:30:00,671.969970703125,674.1866049853239,668.6450192798266,674.1866049853239,stop,-0.003998710327605203,-1.2122041435836706,0.0032987103276051442
META,SHORT,2026-05-06 09:30:00,2026-05-06 10:30:00,617.0800170898438,620.1954481056715,612.406870566102,612.406870566102,hedef,0.00737299927776034,1.4603855765732296,0.005048666185173479
META,LONG,2026-05-05 09:30:00,2026-05-05 10:30:00,605.5900268554688,602.4403272209703,610.3145763072164,602.4403272209703,stop,-0.00590104277617206,-1.1345883950824245,0.005201042776172029
META,SHORT,2026-05-14 09:30:00,2026-05-15 09:30:00,621.27001953125,625.1774648056522,615.4088516196466,614.10498046875,hedef,0.01133289042968153,1.801889614351897,0.006289447666170017
META,SHORT,2026-05-27 13:30:00,2026-05-27 13:30:00,622.1300048828125,623.9375097000219,619.4187476569984,623.9375097000219,stop,-0.003605349047663819,-1.240934906104583,0.002905349047663882
META,LONG,2026-05-18 09:30:00,2026-05-18 09:30:00,609.2249755859375,609.0991473239937,609.4137179788531,609.0991473239937,stop,-0.00090653825267547,-4.3892026824690165,0.00020653825267543207
META,SHORT,2026-05-27 13:30:00,2026-05-27 13:30:00,619.0650024414062,621.4074193679907,615.5513770515297,621.4074193679907,stop,-0.004483798013692552,-1.1849993042617009,0.003783798013692613
META,LONG,2026-05-18 14:30:00,2026-05-19 11:30:00,607.7100219726562,603.4449373223122,614.1076489481724,603.4449373223122,stop,-0.007718289144713141,-1.0997394073635889,0.007018289144713143
META,SHORT,2026-05-22 09:30:00,2026-05-22 10:30:00,613.0499877929688,615.8079726438602,608.9130105166315,608.7000122070312,hedef,0.006895629512362867,1.5327733170878148,0.004498792766998439
META,LONG,2026-05-21 09:30:00,2026-05-21 09:30:00,600.2000122070312,600.3582606072506,,600.2000122070312,stop,-0.0007,-0.1294355410929959,0.005408097297612169
META,LONG,2026-05-21 09:30:00,2026-05-21 09:30:00,600.2000122070312,597.6082606072506,604.0876396067022,597.6082606072506,stop,-0.005018146529604938,-1.1621065879077546,0.004318146529604966
META,SHORT,2026-05-21 12:30:00,2026-05-21 13:30:00,605.6500244140625,608.2242125127841,601.7887422659801,608.2242125127841,stop,-0.00495028976298969,-1.1646946535493374,0.00425028976298979
META,SHORT,2026-05-21 12:30:00,2026-05-21 12:30:00,605.27001953125,607.2342222784091,602.3237154105113,607.2342222784091,stop,-0.003945167749561295,-1.2157053360630476,0.0032451677495612266
META,SHORT,2026-05-26 12:30:00,2026-05-27 09:30:00,610.3690185546875,615.0254661480731,603.3843471646092,615.0254661480731,stop,-0.008328905550304265,-1.091756280817002,0.00762890555030417
META,SHORT,2026-05-26 13:30:00,2026-05-27 09:30:00,610.3699951171875,614.6780131130125,603.90796812345,614.6780131130125,stop,-0.007758043531445124,-1.0991776257657528,0.007058043531445072
META,LONG,2026-06-01 13:30:00,2026-06-01 14:30:00,607.0900268554688,604.9681545014673,610.2728353864709,604.9681545014673,stop,-0.004195152712344907,-1.200277372009415,0.0034951527123448923
META,LONG,2026-06-02 14:30:00,2026-06-03 09:30:00,600.3699951171875,596.3942672512871,606.333586916038,606.333586916038,hedef,0.009733194275784096,1.4697982349211414,0.0066221295171893495
META,LONG,2026-06-09 11:30:00,2026-06-10 10:30:00,587.6500244140625,578.8498346068747,600.8503091248442,578.8498346068747,stop,-0.01567522239697413,-1.0467438800869806,0.014975222396974106
META,SHORT,2026-06-15 10:30:00,2026-06-15 11:30:00,594.5499877929688,598.0121779016299,589.356702629977,598.0121779016299,stop,-0.006523211134043049,-1.120208590052275,0.0058232111340430276
META,SHORT,2026-06-15 09:30:00,2026-06-15 09:30:00,589.5900268554688,591.8377155872721,586.2184937577638,591.8377155872721,stop,-0.004512290963928211,-1.1836166249174758,0.0038122909639283055
META,LONG,2026-06-22 10:30:00,2026-06-23 09:30:00,560.6400146484375,556.6994095093298,566.550922357099,566.550922357099,hedef,0.01034314275510304,1.471545486296794,0.007028761836735331
META,LONG,2026-06-12 13:30:00,2026-06-15 09:30:00,565.739990234375,560.5577577654099,573.5133389378227,579.9000244140625,hedef,0.02482922618890935,2.7105858847057362,0.009160095730228019
META,LONG,2026-06-18 09:30:00,2026-06-18 10:30:00,565.39501953125,562.7059201245106,569.4286686413591,569.9600219726562,hedef,0.007874005401021988,1.655544390193475,0.004756142721187798
META,SHORT,2026-06-16 09:30:00,2026-06-16 09:30:00,598.9299926757812,601.5931786398585,594.9352137296654,601.5931786398585,stop,-0.005146573049680103,-1.1574246036619957,0.004446573049680101
META,LONG,2026-06-22 09:30:00,2026-06-22 10:30:00,567.4849853515625,562.8047905818623,574.5052775061127,562.8047905818623,stop,-0.008947257443826039,-1.0848767004992748,0.008247257443826005
META,SHORT,2026-06-24 09:30:00,2026-06-24 10:30:00,568.7100219726562,572.4643161530053,563.0785807021327,562.7899780273438,hedef,0.010209600176866873,1.5465761770374182,0.006601420821329423
AMZN,LONG,2026-04-27 14:30:00,2026-04-28 09:30:00,261.31500244140625,260.2398444783449,262.9277393859983,258.4200134277344,stop,-0.011778541173008215,-2.8627509827643376,0.004114413458915168
AMZN,LONG,2026-04-28 13:30:00,2026-04-29 09:30:00,258.0299987792969,256.5513054448657,260.2480387809436,260.2480387809436,hedef,0.008396054769367755,1.4651002688967039,0.0057307031795785675
AMZN,SHORT,2026-05-05 09:30:00,2026-05-05 09:30:00,276.20001220703125,276.2393161342068,276.14105631626796,276.2393161342068,stop,-0.0008423024092630509,-5.919101536126932,0.00014230240926297707
AMZN,SHORT,2026-05-06 12:30:00,2026-05-07 10:30:00,276.20001220703125,278.6873515428263,272.4690032033386,272.4690032033386,hedef,0.013308359300491212,1.4777915294280837,0.009005572866994065
AMZN,LONG,2026-05-07 09:30:00,2026-05-07 10:30:00,273.67999267578125,272.2666453873233,275.80001360846813,272.2666453873233,stop,-0.005864233141924601,-1.135547714590431,0.005164233141924566
AMZN,LONG,2026-05-11 09:30:00,2026-05-11 09:30:00,269.8349914550781,269.85538640700906,,269.8349914550781,stop,-0.0007,-0.15962545036334708,0.004385265622785255
AMZN,LONG,2026-05-13 09:30:00,2026-05-13 10:30:00,263.29998779296875,262.5385554457369,264.4421363138165,265.4700012207031,hedef,0.008041600943182048,2.780750565527331,0.0028918814376495752
AMZN,LONG,2026-05-15 09:30:00,2026-05-15 09:30:00,262.5899963378906,263.11585396680323,,262.5899963378906,stop,-0.0007,-0.15962545036334708,0.004385265622785255
AMZN,SHORT,2026-05-27 09:30:00,2026-05-27 10:30:00,270.135009765625,270.8742564225723,269.02613978020406,270.8742564225723,stop,-0.00343658219121109,-1.2557935231209234,0.0027365821912112005
AMZN,LONG,2026-05-19 09:30:00,2026-05-19 09:30:00,262.0199890136719,260.78510962044425,263.8723081035133,260.78510962044425,stop,-0.005412920559519551,-1.1485278589273151,0.004712920559519583
AMZN,SHORT,2026-05-21 10:30:00,2026-05-21 11:30:00,264.1400146484375,265.68939494140795,261.8159442089818,265.68939494140795,stop,-0.0065657537936182,-1.1193367510176644,0.0058657537936182575
AMZN,LONG,2026-05-26 10:30:00,2026-05-27 09:30:00,263.54998779296875,261.26696190563024,266.97452662397654,266.97452662397654,hedef,0.012793887268543335,1.4769122208158578,0.008662591512362117
AMZN,SHORT,2026-05-26 09:30:00,2026-05-26 10:30:00,269.0400085449219,269.8810010278985,267.77851982045695,265.41009521484375,hedef,0.01329209491075387,4.252244105335915,0.0031259011904030457
AMZN,SHORT,2026-05-28 12:30:00,2026-05-28 13:30:00,271.0799865722656,272.51606768536135,268.92586490262204,272.51606768536135,stop,-0.0059976286861106115,-1.132134591054904,0.005297628686110651
AMZN,LONG,2026-05-29 14:30:00,2026-06-01 09:30:00,269.70001220703125,267.340444173878,273.2393642567612,266.2900085449219,stop,-0.013343691167102066,-1.5251917385255243,0.008748861425122883
AMZN,LONG,2026-06-02 15:30:00,2026-06-03 09:30:00,257.1600036621094,254.24936346375316,261.5259639596437,254.24936346375316,stop,-0.012018401605642347,-1.0618461885688,0.01131840160564238
AMZN,LONG,2026-06-05 12:30:00,2026-06-05 13:30:00,253.02000427246094,249.9026203895164,257.6960800968778,249.9026203895164,stop,-0.01302070125011797,-1.0568149479310966,0.012320701250117923
AMZN,LONG,2026-06-09 10:30:00,2026-06-09 10:30:00,244.27000427246094,243.27400497320033,245.76400322135186,243.27400497320033,stop,-0.004777452334874665,-1.1716758265971134,0.004077452334874718
AMZN,SHORT,2026-06-15 09:30:00,2026-06-16 09:30:00,247.6999969482422,250.5533772623655,243.41992647705723,246.80999755859375,zaman,0.0028930536964616787,0.25114401618237603,0.011519500804513687
AMZN,LONG,2026-06-10 09:30:00,2026-06-11 09:30:00,242.6999969482422,236.86328661185763,251.45506245281902,236.86328661185763,stop,-0.02474907461795014,-1.0291071490741472,0.024049074617950174
AMZN,LONG,2026-06-12 09:30:00,2026-06-12 09:30:00,236.75,235.0665301294574,239.27520480581393,235.0665301294574,stop,-0.0078107491891979625,-1.0984425102580497,0.007110749189197927
AMZN,LONG,2026-06-18 09:30:00,2026-06-18 10:30:00,236.52000427246094,233.4876514566516,241.06853349617495,241.06853349617495,hedef,0.019031055054752534,1.48440023185697,0.012820703369835016
AMZN,LONG,2026-06-16 13:30:00,2026-06-16 14:30:00,245.8300018310547,245.3349510981344,246.5725779304351,246.5725779304351,hedef,0.002820689475854654,1.4006849256111575,0.00201379298390315
AMZN,LONG,2026-06-22 09:30:00,2026-06-22 09:30:00,237.44000244140625,235.905234473682,239.74215439299263,235.905234473682,stop,-0.00716381381377803,-1.1082951984953286,0.0064638138137780845
AMZN,LONG,2026-06-24 09:30:00,2026-06-24 10:30:00,233.0399932861328,232.13352313576644,234.39969851168237,238.41000366210938,hedef,0.02284329956525142,5.872672558680191,0.003889762171651737
GOOGL,LONG,2026-04-29 09:30:00,2026-04-29 09:30:00,347.56500244140625,346.005720004925,349.9039260961281,346.005720004925,stop,-0.005186304505713523,-1.1560304252884468,0.004486304505713561
GOOGL,SHORT,2026-04-30 09:30:00,2026-04-30 09:30:00,374.1600036621094,355.9297394595367,,374.1600036621094,stop,-0.0007,-0.1486119062294087,0.004710255172418194
GOOGL,LONG,2026-05-04 09:30:00,2026-05-05 09:30:00,381.3500061035156,378.8309829316443,385.12854086132256,386.3489990234375,hedef,0.012908674026256483,1.9542189899921614,0.0066055411867163676
GOOGL,SHORT,2026-05-06 09:30:00,2026-05-06 09:30:00,394.2699890136719,392.9929977648462,,394.2699890136719,stop,-0.0007,-0.1486119062294087,0.004710255172418194
GOOGL,LONG,2026-05-11 09:30:00,2026-05-11 09:30:00,393.9200134277344,392.5337918276631,395.9993458278413,392.5337918276631,stop,-0.004219043340826866,-1.1989176978523872,0.003519043340826821
GOOGL,SHORT,2026-05-13 12:30:00,2026-05-13 12:30:00,400.80999755859375,402.16880422137035,398.77178756442885,402.16880422137035,stop,-0.004090151620601634,-1.2064804405048355,0.003390151620601628
GOOGL,LONG,2026-05-20 09:30:00,2026-05-20 11:30:00,384.3500061035156,382.5786479585743,387.00704332092755,387.00704332092755,hedef,0.00671306667156999,1.4566039191790499,0.004608711114380024
GOOGL,SHORT,2026-05-18 09:30:00,2026-05-18 09:30:00,400.989990234375,403.07516446218887,397.86222889265423,403.07516446218887,stop,-0.005900065534292087,-1.1346136881129467,0.005200065534292017
GOOGL,LONG,2026-05-18 15:30:00,2026-05-19 09:30:00,396.2799987792969,392.99548869973773,401.2067638986356,392.99548869973773,stop,-0.008988356943768948,-1.0844558221549851,0.00828835694376896
GOOGL,LONG,2026-05-19 15:30:00,2026-05-20 09:30:00,387.1600036621094,385.92608937962905,389.01087508582987,385.92608937962905,stop,-0.0038870913080092046,-1.2196360042277008,0.0031870913080092223
GOOGL,SHORT,2026-05-21 11:30:00,2026-05-22 11:30:00,389.625,394.0465540848735,382.99266887268976,385.8800048828125,zaman,0.008911793691851168,0.7853025317651087,0.011348229925886409
GOOGL,LONG,2026-05-22 09:30:00,2026-05-22 14:30:00,385.70001220703125,382.8470395540237,389.9794711865426,382.8470395540237,stop,-0.008096869491090862,-1.0946346289931348,0.007396869491090843
GOOGL,SHORT,2026-05-27 09:30:00,2026-05-27 09:30:00,390.3800048828125,392.6355818360853,386.9966394529033,392.6355818360853,stop,-0.006477900827553584,-1.121151265986047,0.005777900827553633
GOOGL,LONG,2026-05-29 09:30:00,2026-05-29 09:30:00,382.6099853515625,381.6426169904948,384.0610378931641,381.6426169904948,stop,-0.003228340602974133,-1.276861432030365,0.0025283406029741836
GOOGL,LONG,2026-05-29 09:30:00,2026-05-29 09:30:00,385.239990234375,385.03101420729166,385.55345427500004,385.03101420729166,stop,-0.0012424567344531895,-2.2904254948654974,0.0005424567344532424
GOOGL,LONG,2026-06-02 13:30:00,2026-06-03 13:30:00,366.6499938964844,358.24893176821774,379.2515870888843,359.5899963378906,zaman,-0.019955414362796874,-0.8709199435275354,0.02291302950529569
GOOGL,LONG,2026-06-09 11:30:00,2026-06-09 12:30:00,358.8500061035156,357.85222575248815,360.34667663005683,357.85222575248815,stop,-0.0034804941732108014,-1.2517538093567426,0.002780494173210765
GOOGL,LONG,2026-06-05 13:30:00,2026-06-08 13:30:00,366.3399963378906,358.77711183244435,377.68432309606004,364.6199951171875,zaman,-0.005395095370140012,-0.2613340474413387,0.020644441177726916
GOOGL,SHORT,2026-06-10 09:30:00,2026-06-10 10:30:00,367.7900085449219,372.2715519217853,361.0676934796267,361.0676934796267,hedef,0.01807759022571196,1.4835864577170628,0.012185060150474606
GOOGL,LONG,2026-06-10 10:30:00,2026-06-10 12:30:00,360.5799865722656,357.0903220610487,365.814483339091,357.0903220610487,stop,-0.010377920686586793,-1.0723295863511444,0.009677920686586787
GOOGL,LONG,2026-06-18 09:30:00,2026-06-18 10:30:00,359.6700134277344,358.25065008223106,361.7990584459893,361.82000732421875,hedef,0.00577768458925585,1.4640788776054907,0.003946293248014947
GOOGL,LONG,2026-06-17 09:30:00,2026-06-17 09:30:00,369.125,366.8981187407531,372.46532188887033,366.8981187407531,stop,-0.0067328649082205256,-1.1160311080472134,0.006032864908220545
GOOGL,LONG,2026-06-22 09:30:00,2026-06-22 09:30:00,357.875,358.4970421464683,,357.875,stop,-0.0007,-0.1486119062294087,0.004710255172418194
NFLX,SHORT,2026-04-30 14:30:00,2026-05-01 09:30:00,94.05999755859375,94.67604359909502,93.13592849784183,94.67604359909502,stop,-0.00724950091953288,-1.1068783726577258,0.006549500919532923
NFLX,LONG,2026-04-27 13:30:00,2026-04-28 09:30:00,92.05000305175781,91.26641795429536,93.2253806979515,91.26641795429536,stop,-0.00921260262340081,-1.0822310204021142,0.008512602623400844
NFLX,LONG,2026-05-05 09:30:00,2026-05-05 09:30:00,90.55000305175781,89.98916994691648,91.39125270901982,89.98916994691648,stop,-0.0068936287790158585,-1.1130193663481533,0.0061936287790158055
NFLX,SHORT,2026-04-30 10:30:00,2026-04-30 10:30:00,92.69499969482422,92.89199749459625,92.39950299516616,92.89199749459625,stop,-0.0028252257448687307,-1.3293767740627969,0.0021252257448686803
NFLX,LONG,2026-05-08 09:30:00,2026-05-08 09:30:00,87.70999908447266,87.5336611613051,87.97450596922398,87.5336611613051,stop,-0.0027104654544315094,-1.3481780790896196,0.002010465454431508
NFLX,SHORT,2026-05-12 10:30:00,2026-05-12 13:30:00,88.61000061035156,89.43688148335497,87.36967930084646,87.36967930084646,hedef,0.013797531892130599,1.4785676501892004,0.00933168792808705
NFLX,SHORT,2026-05-14 11:30:00,2026-05-14 13:30:00,88.08499908447266,88.65616262770483,87.22825376962439,87.22825376962439,hedef,0.009526347547857283,1.4691559448679254,0.006484231698571444
NFLX,SHORT,2026-05-18 09:30:00,2026-05-18 09:30:00,87.7699966430664,89.52525859265491,85.13710371868365,89.52525859265491,stop,-0.020698427899303727,-1.0350027513924875,0.01999842789930381
NFLX,LONG,2026-05-27 09:30:00,2026-05-27 10:30:00,87.0459976196289,86.68600246915483,87.58599034534002,88.27999877929688,hedef,0.013976426181709889,3.379467635999844,0.004135688719970489
NFLX,LONG,2026-05-22 13:30:00,2026-05-26 10:30:00,88.22010040283203,87.46257123430343,89.35639415562494,87.46257123430343,stop,-0.009286809185996857,-1.081520386075599,0.00858680918599689
NFLX,LONG,2026-05-26 09:30:00,2026-05-26 10:30:00,88.04000091552734,87.48612833815285,88.87080978158909,87.48612833815285,stop,-0.00699114688340271,-1.111267470458644,0.006291146883402709
NFLX,LONG,2026-05-27 11:30:00,2026-05-28 09:30:00,87.67500305175781,87.2174746802452,88.36129560902673,86.83999633789062,stop,-0.010223885769062933,-1.9591773359102227,0.0052184585752738785
NFLX,SHORT,2026-05-29 15:30:00,2026-06-01 09:30:00,86.43499755859375,86.69981593560951,86.03776999307011,86.69981593560951,stop,-0.003763786481121156,-1.2284754516391354,0.0030637864811211284
NFLX,SHORT,2026-06-08 09:30:00,2026-06-08 09:30:00,82.38400268554688,82.78034733287546,81.78948571455399,82.78034733287546,stop,-0.00551094186260167,-1.1455016543520227,0.004810941862601718
NFLX,LONG,2026-06-10 09:30:00,2026-06-10 10:30:00,81.30069732666016,80.96966766333375,81.79724182164976,81.79724182164976,hedef,0.005907505978633077,1.4508801135767382,0.004071670652421982
NFLX,SHORT,2026-06-10 10:30:00,2026-06-10 13:30:00,82.63500213623047,82.92887058825343,82.19419945819602,82.19419945819602,hedef,0.005134333716210838,1.4437605489344933,0.0035562224774738555
NFLX,LONG,2026-06-11 09:30:00,2026-06-11 09:30:00,81.41500091552734,80.94687624400929,82.11718792280442,80.94687624400929,stop,-0.006449857719755558,-1.1217421428698762,0.00574985771975561
NFLX,LONG,2026-06-12 09:30:00,2026-06-12 09:30:00,80.54000091552734,80.05728991541703,81.26406741569281,80.05728991541703,stop,-0.006693431768353208,-1.1167945222462083,0.005993431768353153
NFLX,LONG,2026-06-18 14:30:00,2026-06-18 15:30:00,76.93000030517578,76.08492828595816,78.19760833400221,78.19760833400221,hedef,0.01627742134145225,1.4817932676610386,0.010984947560968216
AVGO,LONG,2026-04-28 09:30:00,2026-04-28 10:30:00,397.6700134277344,395.70472147095865,400.617951362898,402.8299865722656,hedef,0.012775514799455467,2.585081124628768,0.004942016974917993
AVGO,LONG,2026-04-28 09:30:00,2026-04-29 09:30:00,398.80999755859375,394.374734898693,405.4628915484449,401.3900146484375,zaman,0.005769288898568015,0.5187629838374059,0.011121242413811589
AVGO,LONG,2026-04-28 09:30:00,2026-04-28 09:30:00,400.30499267578125,398.854715367443,402.4804086382886,398.854715367443,stop,-0.004322930852408501,-1.193213734547182,0.0036229308524084575
AVGO,LONG,2026-04-28 09:30:00,2026-04-28 09:30:00,400.30499267578125,408.66471292603677,,400.30499267578125,stop,-0.0007,-0.09772832981951868,0.007162713220339853
AVGO,SHORT,2026-05-05 09:30:00,2026-05-05 09:30:00,422.739990234375,424.03055575850533,420.8041419481795,424.03055575850533,stop,-0.0037528588587392936,-1.2292932730893436,0.0030528588587391873
AVGO,LONG,2026-05-07 13:30:00,2026-05-07 13:30:00,411.91009521484375,409.2706587165377,415.86924996230283,409.2706587165377,stop,-0.007107797548465988,-1.1092419032757386,0.006407797548465956
AVGO,SHORT,2026-05-08 10:30:00,2026-05-08 11:30:00,423.99920654296875,426.781547148986,419.8256956339428,426.781547148986,stop,-0.007262136350920955,-1.1066725777347985,0.006562136350920989
AVGO,SHORT,2026-05-14 09:30:00,2026-05-14 09:30:00,430.31500244140625,435.2439934149477,422.9215159810941,435.2439934149477,stop,-0.01215437864256804,-1.061112001082158,0.01145437864256798
AVGO,SHORT,2026-05-14 09:30:00,2026-05-14 09:30:00,430.44000244140625,433.89029468447893,425.2645640767972,433.89029468447893,stop,-0.00871573325783611,-1.0873282552554469,0.008015733257836215
AVGO,LONG,2026-05-13 09:30:00,2026-05-13 09:30:00,410.7200012207031,408.15079027551144,414.57381763849065,408.15079027551144,stop,-0.006955383077414578,-1.111903618265583,0.0062553830774145875
AVGO,LONG,2026-05-19 09:30:00,2026-05-20 09:30:00,409.81500244140625,404.523400146978,417.7524058830486,417.7524058830486,hedef,0.019168259810784273,1.4845107406173397,0.012912173207189513
AVGO,LONG,2026-05-21 14:30:00,2026-05-21 15:30:00,410.5,408.76597854396573,413.1010321840514,413.2099914550781,hedef,0.006401684421627674,1.5154895840148268,0.0042241691986218514
AVGO,SHORT,2026-05-26 09:30:00,2026-05-26 09:30:00,422.19000244140625,424.37775285460367,418.9083768216101,424.37775285460367,stop,-0.005881909568076737,-1.135085336940745,0.0051819095680766345
AVGO,SHORT,2026-05-22 09:30:00,2026-05-22 10:30:00,419.0899963378906,422.4669905755265,414.02450498143685,411.5013122558594,hedef,0.017907528569860866,2.2223508702275985,0.008057921370457084
AVGO,LONG,2026-05-22 10:30:00,2026-05-22 11:30:00,411.5013122558594,410.50503537134426,412.99572758263207,415.04998779296875,hedef,0.008423728361048188,3.479329219151074,0.0024210782683863137
AVGO,SHORT,2026-05-28 10:30:00,2026-05-29 09:30:00,425.0,433.0660335849379,412.9009496225932,433.0660335849379,stop,-0.019678902552795106,-1.0368830599162857,0.01897890255279502
AVGO,LONG,2026-06-04 09:30:00,2026-06-04 09:30:00,409.1650085449219,413.6164213472638,,409.1650085449219,stop,-0.0007,-0.09772832981951868,0.007162713220339853
AVGO,LONG,2026-06-04 09:30:00,2026-06-04 09:30:00,409.1650085449219,433.7113920503888,,409.1650085449219,stop,-0.0007,-0.09772832981951868,0.007162713220339853
AVGO,LONG,2026-06-04 09:30:00,2026-06-04 09:30:00,409.1650085449219,456.0714079195294,,409.1650085449219,stop,-0.0007,-0.09772832981951868,0.007162713220339853
AVGO,LONG,2026-06-04 09:30:00,2026-06-04 09:30:00,409.1650085449219,470.0604215914044,,409.1650085449219,stop,-0.0007,-0.09772832981951868,0.007162713220339853
AVGO,SHORT,2026-06-18 09:30:00,2026-06-18 09:30:00,409.0199890136719,408.14920809354095,,409.0199890136719,stop,-0.0007,-0.09772832981951868,0.007162713220339853
AVGO,SHORT,2026-06-15 09:30:00,2026-06-15 09:30:00,395.79998779296875,389.74458017820484,,395.79998779296875,stop,-0.0007,-0.09772832981951868,0.007162713220339853
AVGO,LONG,2026-06-16 10:30:00,2026-06-16 15:30:00,380.2799987792969,376.7117160314014,385.6324229011401,376.7117160314014,stop,-0.010083303774454842,-1.0746005902426035,0.00938330377445486
AVGO,SHORT,2026-06-18 09:30:00,2026-06-18 09:30:00,409.0199890136719,400.1792068728378,,409.0199890136719,stop,-0.0007,-0.09772832981951868,0.007162713220339853
AVGO,LONG,2026-06-22 10:30:00,2026-06-23 09:30:00,392.8999938964844,388.9934851597027,398.7597570016569,377.864990234375,stop,-0.03896674445322231,-3.9191090278860674,0.009942755911090492
AVGO,LONG,2026-06-24 13:30:00,2026-06-24 14:30:00,380.3599853515625,378.9406400068936,382.4890033685658,378.9406400068936,stop,-0.004431584286809309,-1.18758788391152,0.0037315842868092777
AAPL,LONG,2026-06-24 14:30:00,2026-06-24 15:30:00,294.2799987792969,293.08140422671516,296.07789060816947,293.08140422671516,stop,-0.004772973214467868,-1.1718646215284443,0.004072973214467858
AAPL,SHORT,2026-07-02 09:30:00,2026-07-02 09:30:00,298.7850036621094,299.8298802888716,297.21768872196606,299.8298802888716,stop,-0.004197085241747522,-1.2001666964372435,0.003497085241747488
AAPL,LONG,2026-07-09 09:30:00,2026-07-09 10:30:00,308.82000732421875,306.93082770982437,311.6537767458103,312.07000732421875,hedef,0.010323929547699095,1.6876298972542199,0.006117413281487942
AAPL,LONG,2026-07-14 09:30:00,2026-07-14 09:30:00,313.1199951171875,312.0579025254017,314.7131340048662,312.0579025254017,stop,-0.004091966684811454,-1.2063699514309814,0.003391966684811415
AAPL,SHORT,2026-07-15 09:30:00,2026-07-15 09:30:00,320.2099914550781,323.55546494533354,315.19178121969503,323.55546494533354,stop,-0.011147748601013717,-1.0670000807573081,0.010447748601013744
AAPL,LONG,2026-07-20 09:30:00,2026-07-20 10:30:00,327.0400085449219,325.55925594946626,329.26113743810527,325.55925594946626,stop,-0.00522774142846879,-1.1546024681530433,0.004527741428468737
AAPL,LONG,2026-07-21 09:30:00,2026-07-21 09:30:00,323.3450012207031,323.53756266113425,,323.3450012207031,stop,-0.0007,-0.18094897265943335,0.0038684939168871658
AAPL,SHORT,2026-07-24 09:30:00,2026-07-24 09:30:00,325.8699951171875,327.0238684352255,324.1391851401305,327.0238684352255,stop,-0.0042409007743196775,-1.197689809631705,0.003540900774319666
AAPL,LONG,2026-07-31 09:30:00,2026-07-31 09:30:00,304.80999755859375,319.2172232339526,,304.80999755859375,stop,-0.0007,-0.18094897265943335,0.0038684939168871658
AAPL,LONG,2026-07-30 09:30:00,2026-07-30 09:30:00,332.2650146484375,331.71957897574083,333.08316815748253,331.71957897574083,stop,-0.002341568171941832,-1.4264215230074346,0.0016415681719418554
AAPL,SHORT,2026-07-28 13:30:00,2026-07-29 09:30:00,340.0299987792969,343.02046738354676,335.544295872922,343.02046738354676,stop,-0.00949471992172931,-1.0795932111800932,0.008794719921729335
AAPL,LONG,2026-07-29 15:30:00,2026-07-29 15:30:00,339.0400085449219,338.15573071824076,340.36642528494355,338.15573071824076,stop,-0.003308181348496941,-1.2683862456126302,0.002608181348496956
AAPL,LONG,2026-07-31 09:30:00,2026-07-31 09:30:00,304.80999755859375,329.4572134683276,,304.80999755859375,stop,-0.0007,-0.18094897265943335,0.0038684939168871658
AAPL,LONG,2026-08-11 13:30:00,2026-08-12 09:30:00,304.2149963378906,302.4558446594973,306.8537238554806,302.4558446594973,stop,-0.006482593559061189,-1.1210529484478582,0.005782593559061233
AAPL,SHORT,2026-08-05 10:30:00,2026-08-05 10:30:00,309.32000732421875,310.57850946740047,307.43225410944615,310.57850946740047,stop,-0.004768608927267237,-1.1720489760784278,0.00406860892726734
AAPL,SHORT,2026-08-07 10:30:00,2026-08-10 09:30:00,314.3399963378906,316.4196888465571,311.22045757489093,306.8299865722656,hedef,0.02369135920696628,3.5808859893103167,0.006616060739629766
AAPL,LONG,2026-08-10 09:30:00,2026-08-10 09:30:00,306.8299865722656,309.1187790447033,,306.8299865722656,stop,-0.0007,-0.18094897265943335,0.0038684939168871658
AAPL,SHORT,2026-08-07 15:30:00,2026-08-10 09:30:00,314.0899963378906,314.92495886156354,312.8375525523812,306.8299865722656,hedef,0.022914425324819444,8.619778208365215,0.002658354399720139
AAPL,SHORT,2026-08-19 09:30:00,2026-08-19 09:30:00,313.29998779296875,314.2623338080795,311.8564687703026,314.2623338080795,stop,-0.0037716439598035273,-1.2278909955582438,0.0030716439598034526
AAPL,LONG,2026-08-11 10:30:00,2026-08-11 13:30:00,306.19000244140625,304.5121239218948,308.7068202206734,304.5121239218948,stop,-0.006179860564136296,-1.1277404765700094,0.005479860564136322
AAPL,SHORT,2026-08-18 09:30:00,2026-08-18 09:30:00,308.19000244140625,310.04818987418014,305.4027212922454,310.04818987418014,stop,-0.006729356624335014,-1.1160986227244944,0.006029356624334923
AAPL,SHORT,2026-08-17 14:30:00,2026-08-18 09:30:00,306.02801513671875,307.56967536271463,303.7155247977249,307.56967536271463,stop,-0.00573764410361951,-1.1389538414389013,0.0050376441036195435
AAPL,SHORT,2026-08-17 15:30:00,2026-08-18 09:30:00,306.2099914550781,307.73924525606566,303.91611075359685,307.73924525606566,stop,-0.0056941342335717566,-1.1401644343666992,0.004994134233571796
AAPL,SHORT,2026-08-20 09:30:00,2026-08-20 09:30:00,318.18499755859375,319.38564647904906,316.38402417791076,319.38564647904906,stop,-0.004473430330366923,-1.1855075988462704,0.003773430330366875
MSFT,SHORT,2026-06-29 09:30:00,2026-06-29 10:30:00,379.69500732421875,381.6022513363436,376.8341413060315,376.2449951171875,hedef,0.008886272246095927,1.7690831294351976,0.00502309478748632
MSFT,SHORT,2026-06-29 09:30:00,2026-06-29 10:30:00,379.04998779296875,381.8622611019686,374.831577829469,374.831577829469,hedef,0.010928901462473583,1.4730431614466428,0.00741926764164911
MSFT,SHORT,2026-06-26 15:30:00,2026-06-29 09:30:00,374.9100036621094,379.1045885644773,368.6181263085575,379.1045885644773,stop,-0.011888244809141822,-1.0625656670855181,0.011188244809141781
MSFT,SHORT,2026-07-01 09:30:00,2026-07-01 09:30:00,380.82501220703125,380.6908691308929,,380.82501220703125,stop,-0.0007,-0.20967485067251604,0.0033385024372489286
MSFT,LONG,2026-07-06 09:30:00,2026-07-06 09:30:00,384.2200012207031,382.7792781502081,386.38108582644566,382.7792781502081,stop,-0.00444973469865636,-1.1866798737123703,0.0037497346986563075
MSFT,LONG,2026-07-08 09:30:00,2026-07-09 09:30:00,384.07501220703125,381.0593162303076,388.5985561721167,374.45001220703125,stop,-0.0257602087979932,-3.2807857903812856,0.007851841127061028
MSFT,SHORT,2026-07-13 09:30:00,2026-07-13 11:30:00,387.79998779296875,392.01045899010217,381.4842809972686,392.01045899010217,stop,-0.011557326791307686,-1.0644725919606983,0.010857326791307744
MSFT,SHORT,2026-07-15 09:30:00,2026-07-15 09:30:00,392.54998779296875,393.7908238194592,390.68873375323307,393.7908238194592,stop,-0.0038609631004367867,-1.2214514936613352,0.003160963100436712
MSFT,LONG,2026-07-23 10:30:00,2026-07-23 10:30:00,382.5050048828125,378.47632049208306,388.54803146890663,378.47632049208306,stop,-0.011232370398561696,-1.0664617719953688,0.010532370398561714
MSFT,SHORT,2026-07-16 10:30:00,2026-07-16 10:30:00,397.69000244140625,399.13965377645303,395.5155254388361,399.13965377645303,stop,-0.00434517922539509,-1.1920344533742362,0.003645179225395201
MSFT,LONG,2026-07-17 09:30:00,2026-07-17 09:30:00,394.8550109863281,391.86843747697844,399.33487125035265,391.86843747697844,stop,-0.008263721939071732,-1.0925470298404383,0.007563721939071687
MSFT,LONG,2026-07-20 09:30:00,2026-07-20 10:30:00,391.06500244140625,389.2186177983432,393.83457940600084,394.3599853515625,hedef,0.008225665527689307,1.742199233379426,0.004721426441988265
MSFT,SHORT,2026-07-30 09:30:00,2026-07-30 09:30:00,438.5,403.38574588286014,,438.5,stop,-0.0007,-0.20967485067251604,0.0033385024372489286
MSFT,LONG,2026-07-29 15:30:00,2026-07-30 09:30:00,392.489990234375,388.54808503311426,398.4028480362661,438.5,hedef,0.11702594438179223,11.652109683634169,0.010043326707279423
MSFT,LONG,2026-08-17 09:30:00,2026-08-17 09:30:00,488.2699890136719,485.5298670542901,492.38017195274455,485.5298670542901,stop,-0.006311899197239145,-1.1247349560990687,0.005611899197239124
MSFT,LONG,2026-08-13 13:30:00,2026-08-13 14:30:00,493.20001220703125,491.7603064460724,495.35957084846956,495.35957084846956,hedef,0.0041786670478260795,1.4314859986559536,0.002919111365217334
MSFT,SHORT,2026-08-13 15:30:00,2026-08-14 09:30:00,498.5050048828125,501.52553837762827,493.9742046405888,493.9742046405888,hedef,0.008888775835437767,1.4669922544651008,0.006059183890291786
MSFT,LONG,2026-08-20 09:30:00,2026-08-21 09:30:00,480.5400085449219,476.9963834662192,485.8554461629759,483.32000732421875,zaman,0.005085155720362756,0.6895821987494172,0.007374256077933673
MSFT,SHORT,2026-08-21 15:30:00,2026-08-24 09:30:00,484.2699890136719,486.5156147775801,480.9015503678096,486.5156147775801,stop,-0.005337135925936509,-1.1509552472000384,0.0046371359259365745
NVDA,LONG,2026-06-29 10:30:00,2026-06-29 15:30:00,192.72000122070312,191.0923788746328,195.1614347398086,195.1614347398086,hedef,0.01246829339788944,1.4763188307550525,0.008445528931926325
NVDA,LONG,2026-07-07 09:30:00,2026-07-07 11:30:00,191.72000122070312,189.7044351020234,194.7433503987227,194.7433503987227,hedef,0.015569607546262998,1.4809760642983627,0.010513071697508737
NVDA,SHORT,2026-07-01 14:30:00,2026-07-01 15:30:00,199.77000427246094,200.73598464840583,198.3210337085436,198.3210337085436,hedef,0.00705319383755485,1.458638910427727,0.004835462558369975
NVDA,LONG,2026-07-02 10:30:00,2026-07-02 12:30:00,196.1699981689453,193.3391876306913,200.41621397632633,193.3391876306913,stop,-0.015130394885440511,-1.0485087210403585,0.014430394885440463
NVDA,SHORT,2026-07-08 09:30:00,2026-07-08 10:30:00,199.3000030517578,200.15989560822436,198.010164217058,197.00999450683594,hedef,0.011290258453870527,2.6167787212367473,0.004314563689410659
NVDA,LONG,2026-07-07 09:30:00,2026-07-07 09:30:00,192.3699951171875,192.25443815378122,192.54333056229692,192.25443815378122,stop,-0.0013007015976472464,-2.165304042376097,0.0006007015976471927
NVDA,SHORT,2026-07-07 11:30:00,2026-07-07 12:30:00,197.00509643554688,197.6540297765141,196.03169642409603,197.6540297765141,stop,-0.003993992656578482,-1.2125080633079084,0.0032939926565785102
NVDA,SHORT,2026-07-08 10:30:00,2026-07-08 10:30:00,197.44000244140625,198.52439568824516,195.81341257114786,198.52439568824516,stop,-0.006192267187145794,-1.127451920335983,0.005492267187145759
NVDA,SHORT,2026-07-09 14:30:00,2026-07-09 15:30:00,204.4600067138672,205.2701181205799,203.24483960379814,203.24483960379814,hedef,0.0057432997660496815,1.4495229902900348,0.003962199844033178
NVDA,SHORT,2026-07-15 14:30:00,2026-07-16 09:30:00,212.00999450683594,213.92987716001647,209.13017052706513,209.13017052706513,hedef,0.013383435000173782,1.477914275733925,0.009055623333449184
NVDA,LONG,2026-07-16 14:30:00,2026-07-17 09:30:00,206.8800048828125,205.71790020200942,208.62316190401714,202.39999389648438,stop,-0.022355118332319478,-3.979699132224541,0.005617288541062045
NVDA,LONG,2026-07-17 14:30:00,2026-07-20 14:30:00,202.39999389648438,197.82891916493207,209.25660599381283,202.95989990234375,zaman,0.002066334104465029,0.09149402157986447,0.02258436200294618
NVDA,LONG,2026-07-20 14:30:00,2026-07-21 09:30:00,202.63999938964844,201.50070341490832,204.34894335175863,207.5399932861328,hedef,0.023980783217741643,4.26532350183623,0.005622265979923415
NVDA,SHORT,2026-07-21 09:30:00,2026-07-21 09:30:00,207.5399932861328,207.861394132427,207.05789201669154,207.861394132427,stop,-0.0022486212618840424,-1.4520149743703943,0.0015486212618840678
NVDA,LONG,2026-07-27 09:30:00,2026-07-27 09:30:00,202.9499969482422,202.15770701156512,204.13843185325777,202.15770701156512,stop,-0.0046038676944603835,-1.1793093554357308,0.003903867694460329
NVDA,LONG,2026-07-24 14:30:00,2026-07-24 14:30:00,207.55999755859375,205.5478270847972,210.57825326928855,205.5478270847972,stop,-0.01039440401553534,-1.0722066048493755,0.009694404015535377
NVDA,SHORT,2026-08-04 09:30:00,2026-08-04 09:30:00,211.49000549316406,212.03824649852646,210.66764398512046,212.03824649852646,stop,-0.0032922785527570103,-1.270032708967742,0.0025922785527570475
NVDA,LONG,2026-07-29 09:30:00,2026-07-29 09:30:00,194.08999633789062,192.6162938497517,196.300550070099,192.6162938497517,stop,-0.008292882250218368,-1.092191604838848,0.007592882250218337
NVDA,SHORT,2026-07-31 09:30:00,2026-07-31 09:30:00,198.4405059814453,198.8288924929683,197.85792621416084,198.8288924929683,stop,-0.0026571937170896892,-1.3576549392570632,0.0019571937170896757
NVDA,LONG,2026-07-29 15:30:00,2026-07-29 15:30:00,191.5749969482422,190.54943724200368,193.11333650759997,190.54943724200368,stop,-0.006053306655751067,-1.1307603029331441,0.005353306655751043
NVDA,SHORT,2026-07-31 13:30:00,2026-07-31 14:30:00,199.2550048828125,200.22736371682612,197.79646663179207,200.22736371682612,stop,-0.00557997194642853,-1.1434434475616653,0.004879971946428601
NVDA,SHORT,2026-08-07 09:30:00,2026-08-07 10:30:00,221.8300018310547,223.7472914308148,218.9540674314145,223.7472914308148,stop,-0.0093430581252952,-1.080989852185704,0.008643058125295101
NVDA,LONG,2026-08-10 12:30:00,2026-08-10 12:30:00,218.2041015625,217.15477618698273,219.77808962577592,217.15477618698273,stop,-0.005508916826051113,-1.145562925149367,0.004808916826051104
NVDA,LONG,2026-08-11 11:30:00,2026-08-11 13:30:00,218.34010314941406,216.65577324855454,220.86659800070333,216.65577324855454,stop,-0.008414248901434794,-1.0907411737609116,0.007714248901434779
NVDA,LONG,2026-08-18 09:30:00,2026-08-18 09:30:00,220.4499969482422,222.15346511953945,,220.4499969482422,stop,-0.0007,-0.11327340969537296,0.006179738050461404
NVDA,SHORT,2026-08-13 14:30:00,2026-08-14 09:30:00,226.03500366210938,227.3288880994232,224.09417700613864,227.3288880994232,stop,-0.006424265783400462,-1.1222864252791644,0.00572426578340057
AMD,SHORT,2026-06-25 09:30:00,2026-06-25 10:30:00,545.5,563.5170835199073,518.4743747201392,517.2899780273438,hedef,0.05151406411119384,1.559682061839101,0.033028567405879485
AMD,SHORT,2026-06-25 09:30:00,2026-06-25 09:30:00,543.9299926757812,525.4871762933448,,543.9299926757812,stop,-0.0007,-0.09087315916007736,0.007703044622526184
AMD,LONG,2026-06-26 09:30:00,2026-06-26 09:30:00,508.7699890136719,502.9311760598142,517.5282084444584,502.9311760598142,stop,-0.012176331308725717,-1.0609951021079136,0.011476331308725744
AMD,LONG,2026-06-29 10:30:00,2026-06-29 11:30:00,506.989990234375,501.95115336455683,514.5482455391023,522.5800170898438,hedef,0.03055016697718569,3.0738500288025437,0.009938730481619133
AMD,LONG,2026-07-07 09:30:00,2026-07-07 10:30:00,509.8399963378906,505.38757703077215,516.5186252985684,505.38757703077215,stop,-0.009432973754706496,-1.0801559720275928,0.008732973754706537
AMD,SHORT,2026-07-10 09:30:00,2026-07-10 10:30:00,555.0150146484375,560.0415142515245,547.4752652438069,547.4752652438069,hedef,0.01338476654799412,1.47791644052623,0.00905651103199604
AMD,LONG,2026-07-13 13:30:00,2026-07-14 09:30:00,537.5700073242188,526.412165221348,554.3067704785249,567.7369995117188,hedef,0.05591732756010279,2.694022545658837,0.020756072606076845
AMD,LONG,2026-07-27 10:30:00,2026-07-28 09:30:00,477.25,459.52032977756306,503.84450533365543,459.52032977756306,stop,-0.037849649496986736,-1.018842708059917,0.03714964949698677
AMD,SHORT,2026-07-21 09:30:00,2026-07-21 09:30:00,525.760009765625,523.0300027146636,,525.760009765625,stop,-0.0007,-0.09087315916007736,0.007703044622526184
AMD,LONG,2026-07-24 10:30:00,2026-07-24 10:30:00,531.0900268554688,524.3828648066369,541.1507699287165,524.3828648066369,stop,-0.013329049143596748,-1.0554277675255477,0.01262904914359675
AMD,LONG,2026-07-24 13:30:00,2026-07-27 09:30:00,528.3101196289062,517.5334949840689,544.4750565961624,517.5334949840689,stop,-0.021098293056372085,-1.0343165968870802,0.020398293056372037
AMD,LONG,2026-07-29 15:30:00,2026-07-30 09:30:00,429.6400146484375,423.3817351113145,439.027433954122,459.1600036621094,hedef,0.06850865842844553,4.703219285131745,0.014566333031721801
AMD,LONG,2026-08-07 09:30:00,2026-08-07 10:30:00,484.4549865722656,477.70786529551617,494.5756684873898,477.70786529551617,stop,-0.014627240845405086,-1.0502612116621,0.013927240845405134
AMD,LONG,2026-08-19 09:30:00,2026-08-19 09:30:00,468.7799987792969,462.8761328436887,477.63579768270915,462.8761328436887,stop,-0.013294108005848924,-1.0555815465196077,0.012594108005848871
AMD,LONG,2026-08-13 15:30:00,2026-08-14 09:30:00,482.7900085449219,480.70198042628334,485.9220507228797,487.6000061035156,hedef,0.009762918605317838,2.2573640243686475,0.004324919906548252
AMD,SHORT,2026-08-14 09:30:00,2026-08-14 09:30:00,496.1300048828125,498.27590739678544,492.9111511118531,498.27590739678544,stop,-0.005025282673600439,-1.1618391334911946,0.0043252826736004625
AMD,SHORT,2026-08-14 14:30:00,2026-08-14 15:30:00,507.8500061035156,511.8290715833689,501.88140788373573,511.8290715833689,stop,-0.008535119488099895,-1.0893413305391535,0.007835119488099807
AMD,LONG,2026-08-20 10:30:00,2026-08-20 11:30:00,466.0,462.2077643140136,471.6883535289796,462.2077643140136,stop,-0.008837844819713246,-1.086017860441905,0.00813784481971327
AMD,SHORT,2026-08-20 15:30:00,2026-08-21 09:30:00,467.7900085449219,475.83284321279865,455.72575654310674,476.6700134277344,stop,-0.019682887023248018,-1.1448025813049063,0.017193258772016766
AMD,LONG,2026-08-21 10:30:00,2026-08-21 11:30:00,463.80999755859375,460.1693894551973,469.2709097136884,469.2709097136884,hedef,0.011574028554450754,1.4745201908919419,0.00784935236963394
TSLA,SHORT,2026-06-26 10:30:00,2026-06-26 10:30:00,377.4599914550781,379.36756660595506,374.5986287287627,379.36756660595506,stop,-0.0057537148149751855,-1.138511971020951,0.005053714814975191
TSLA,SHORT,2026-06-29 09:30:00,2026-06-29 09:30:00,385.68499755859375,388.05273996974495,382.13338394186695,388.05273996974495,stop,-0.006839057588807173,-1.1140240158808974,0.006139057588807269
TSLA,LONG,2026-07-08 10:30:00,2026-07-08 11:30:00,391.06500244140625,389.0097348905008,394.14790376776443,394.14790376776443,hedef,0.007683347543532926,1.4619451003087898,0.005255565029021993
TSLA,LONG,2026-07-10 15:30:00,2026-07-13 09:30:00,407.57501220703125,402.5681199639402,415.08535057166785,402.5681199639402,stop,-0.012984590794657823,-1.0569819550118358,0.01228459079465782
TSLA,SHORT,2026-07-15 09:30:00,2026-07-15 09:30:00,399.76611328125,402.4211733550786,395.78352317050707,402.4211733550786,stop,-0.007341533600824978,-1.1053973437570295,0.006641533600824967
TSLA,LONG,2026-07-16 09:30:00,2026-07-16 09:30:00,392.3500061035156,390.44125032649004,395.213139769054,390.44125032649004,stop,-0.005564931177092968,-1.1438869275882215,0.004864931177092918
TSLA,LONG,2026-07-17 14:30:00,2026-07-20 09:30:00,380.65008544921875,376.9840834407821,386.1490884618737,376.9840834407821,stop,-0.010330897636894619,-1.0726827369982983,0.00963089763689467
TSLA,SHORT,2026-07-31 09:30:00,2026-07-31 10:30:00,313.2300109863281,317.2161840579179,307.2507513789434,304.3999938964844,hedef,0.027990201386000592,2.199445666354325,0.012726025386385445
TSLA,SHORT,2026-07-29 14:30:00,2026-07-29 15:30:00,307.17999267578125,311.36534517959615,300.9019639200589,300.9019639200589,hedef,0.020237622584191574,1.4853211889609883,0.013625081722794375
TSLA,LONG,2026-07-29 15:30:00,2026-07-29 15:30:00,300.8949890136719,299.47622179089115,303.02313984784297,299.47622179089115,stop,-0.005415157362478628,-1.1484573994434135,0.004715157362478592
TSLA,SHORT,2026-07-31 13:30:00,2026-08-03 09:30:00,310.5,315.7394408805547,302.6408386791679,315.7394408805547,stop,-0.017574205734475733,-1.0414834340066088,0.01687420573447567
TSLA,LONG,2026-08-05 09:30:00,2026-08-05 09:30:00,322.1282958984375,320.60758398767285,324.40936376458444,320.60758398767285,stop,-0.0054208268572721536,-1.1482791089704387,0.0047208268572721266
TSLA,SHORT,2026-08-07 09:30:00,2026-08-07 10:30:00,327.7550048828125,329.7261748910393,324.7982498704723,329.7261748910393,stop,-0.006714156851492203,-1.116392042523199,0.00601415685149214
TSLA,SHORT,2026-08-07 09:30:00,2026-08-07 09:30:00,322.3349914550781,323.15616756682056,321.1032272874645,323.15616756682056,stop,-0.0032475860006247687,-1.274769919377972,0.002547586000624676
TSLA,SHORT,2026-08-19 10:30:00,2026-08-19 15:30:00,346.2699890136719,351.44797444550267,338.5030108659257,351.44797444550267,stop,-0.015653607289444725,-1.0468114473284382,0.014953607289444733
TSLA,SHORT,2026-08-17 14:30:00,2026-08-17 14:30:00,342.32000732421875,343.754706453832,340.1679586297989,343.754706453832,stop,-0.004891105103168669,-1.1670203878854846,0.004191105103168613
TSLA,LONG,2026-08-17 15:30:00,2026-08-18 09:30:00,339.4800109863281,337.3061074959255,342.74086622193204,333.1820068359375,stop,-0.019251914535681612,-3.0064076841197025,0.006403627371421754
TSLA,SHORT,2026-08-19 09:30:00,2026-08-19 10:30:00,340.67498779296875,345.6262819092342,333.2480466185706,345.6262819092342,stop,-0.015233776454626057,-1.0481636691045475,0.014533776454625986
META,SHORT,2026-07-01 09:30:00,2026-07-01 09:30:00,607.9099731445312,580.4677321802027,,607.9099731445312,stop,-0.0007,-0.1294355410929959,0.005408097297612169
META,SHORT,2026-06-29 09:30:00,2026-06-29 09:30:00,566.50732421875,569.3029332952235,562.3139106040397,569.3029332952235,stop,-0.005634815415367888,-1.1418492772434927,0.0049348154153679045
META,LONG,2026-06-30 10:30:00,2026-07-01 09:30:00,552.8775024414062,539.9205312585902,572.3129592156303,607.9099731445312,hedef,0.09933827106386436,4.238791182577924,0.023435518945155814
META,SHORT,2026-06-30 15:30:00,2026-07-01 09:30:00,565.0501098632812,567.6827424812489,561.1011609363298,607.9099731445312,stop,-0.07655143783375315,-16.430472699813173,0.004659113540575348
META,LONG,2026-07-09 09:30:00,2026-07-09 09:30:00,582.6500244140625,580.0578682342656,586.5382586837579,580.0578682342656,stop,-0.00514890769961559,-1.1573419920715637,0.004448907699615559
META,SHORT,2026-07-13 09:30:00,2026-07-13 10:30:00,674.7150268554688,678.3637164509431,669.2419924622573,657.1199951171875,hedef,0.02587772324307567,4.785303949825362,0.00540774912406976
META,SHORT,2026-07-15 09:30:00,2026-07-15 10:30:00,669.3099975585938,677.0227365412629,657.74088908459,677.0227365412629,stop,-0.012223418163186693,-1.0607458646459775,0.011523418163186751
META,LONG,2026-07-16 15:30:00,2026-07-17 09:30:00,660.4500122070312,656.2276655300748,666.783532222466,647.7000122070312,stop,-0.020005018948206575,-3.1291402671058113,0.006393135890552301
META,LONG,2026-07-22 09:30:00,2026-07-22 13:30:00,629.989990234375,625.6409389616372,636.5135671434817,625.6409389616372,stop,-0.0076033656727146565,-1.1013998146971602,0.006903365672714654
META,LONG,2026-07-22 09:30:00,2026-07-22 09:30:00,641.9899291992188,635.6514370085122,651.4976674852786,635.6514370085122,stop,-0.010573195672419398,-1.0708990303874377,0.009873195672419417
META,SHORT,2026-07-29 13:30:00,2026-07-29 15:30:00,595.9000244140625,601.292964922044,587.8106136520903,587.8106136520903,hedef,0.013375113996557308,1.4779007380655311,0.00905007599770496
META,LONG,2026-07-29 15:30:00,2026-07-29 15:30:00,588.489990234375,584.9343645521552,593.8234287577047,584.9343645521552,stop,-0.006741947596770014,-1.1158566817716573,0.006041947596770002
META,SHORT,2026-08-03 09:30:00,2026-08-03 10:30:00,593.655029296875,600.394535448743,583.545770069073,583.545770069073,hedef,0.016828844579612846,1.4823828329281263,0.011352563053075235
META,LONG,2026-08-05 11:30:00,2026-08-05 14:30:00,581.5250244140625,577.8577156044432,587.0259876284914,587.0259876284914,hedef,0.009259546852642608,1.4682860072820447,0.0063063645684283435
META,LONG,2026-08-12 11:30:00,2026-08-12 13:30:00,582.97998046875,579.8114083250285,587.7328386843321,579.8114083250285,stop,-0.006135130278699685,-1.1287917610260951,0.005435130278699699
META,SHORT,2026-08-10 09:30:00,2026-08-10 09:30:00,599.010009765625,599.0041790079465,,599.010009765625,stop,-0.0007,-0.1294355410929959,0.005408097297612169
META,LONG,2026-08-12 09:30:00,2026-08-12 09:30:00,591.8150024414062,589.9109094359139,594.6711419496447,589.9109094359139,stop,-0.003917378737675469,-1.217568417358844,0.003217378737675431
META,SHORT,2026-08-11 09:30:00,2026-08-11 09:30:00,603.6199951171875,608.4737230121563,596.3394032747344,608.4737230121563,stop,-0.008741032328669705,-1.087053499027009,0.008041032328669708
META,LONG,2026-08-17 09:30:00,2026-08-17 09:30:00,580.5999755859375,578.0409488510463,584.4385156882743,578.0409488510463,stop,-0.005107555705300603,-1.1588181855893946,0.004407555705300581
META,LONG,2026-08-20 12:30:00,2026-08-20 15:30:00,541.3400268554688,537.0395402540627,547.7907567575778,547.7907567575778,hedef,0.011716225629166943,1.4748242430668765,0.007944150419444702
AMZN,LONG,2026-06-26 14:30:00,2026-06-29 09:30:00,229.02499389648438,225.93092867135758,233.66609173417459,234.2449951171875,hedef,0.022592277523485006,1.6722970737346985,0.013509727355457394
AMZN,SHORT,2026-07-01 12:30:00,2026-07-02 12:30:00,244.10000610351562,252.6825851813634,231.22613748674394,244.88499450683594,zaman,-0.0039158475366339535,-0.11137193131839822,0.03516009366344777
AMZN,SHORT,2026-07-01 10:30:00,2026-07-01 10:30:00,240.3350067138672,241.70120421906267,238.28571045607396,241.70120421906267,stop,-0.006384554754946891,-1.1231406909029997,0.005684554754946809
AMZN,LONG,2026-07-09 09:30:00,2026-07-09 12:30:00,238.25,234.79824697462,243.42762953807,243.42762953807,hedef,0.021531918312990485,1.4861954202257124,0.014487945541993646
AMZN,LONG,2026-07-08 09:30:00,2026-07-08 11:30:00,242.27999877929688,240.7739419229064,244.53908406388257,240.7739419229064,stop,-0.0069161831929115064,-1.1126092938828267,0.0062161831929114526
AMZN,SHORT,2026-07-07 12:30:00,2026-07-07 12:30:00,245.4149932861328,246.1605616767978,244.2966407001353,246.1605616767978,stop,-0.00373799038796182,-1.2304154755636212,0.0030379903879618744
AMZN,SHORT,2026-07-09 15:30:00,2026-07-10 09:30:00,247.32000732421875,249.02039953436903,244.76941900899334,249.63999938964844,stop,-0.010080527238899593,-1.4662005951769728,0.006875271550195257
AMZN,SHORT,2026-07-09 15:30:00,2026-07-09 15:30:00,246.0800018310547,246.85540624823622,244.9168952052824,246.85540624823622,stop,-0.0038510257290792155,-1.2221498839377782,0.0031510257290792965
AMZN,LONG,2026-07-09 09:30:00,2026-07-09 09:30:00,239.7449951171875,240.41825735059658,,239.7449951171875,stop,-0.0007,-0.15962545036334708,0.004385265622785255
AMZN,SHORT,2026-07-09 12:30:00,2026-07-09 13:30:00,243.55999755859375,244.35003720073897,242.3749380953759,244.35003720073897,stop,-0.003943716743572156,-1.2158018271438389,0.00324371674357221
AMZN,SHORT,2026-07-14 15:30:00,2026-07-15 09:30:00,248.5050048828125,249.7480990141969,246.6403636857359,249.97000122070312,stop,-0.006595238764231259,-1.3184438731790609,0.005002290122770774
AMZN,LONG,2026-07-17 09:30:00,2026-07-17 09:30:00,244.6999969482422,243.6764551995261,246.23530957131635,243.6764551995261,stop,-0.004882843324401775,-1.16735027963307,0.004182843324401812
AMZN,SHORT,2026-07-16 10:30:00,2026-07-16 10:30:00,255.8800048828125,256.595647487828,254.80654097528927,256.595647487828,stop,-0.0034967898677476733,-1.250286947929935,0.002796789867747728
AMZN,LONG,2026-07-16 13:30:00,2026-07-16 13:30:00,254.3350067138672,252.50963621575622,257.07306246103366,252.50963621575622,stop,-0.007877032063716448,-1.097533352754382,0.007177032063716478
AMZN,LONG,2026-07-21 09:30:00,2026-07-21 10:30:00,247.24000549316406,246.49632131980587,248.35553175320135,248.35553175320135,hedef,0.004311916499161162,1.4335094077969595,0.003007944332774059
AMZN,LONG,2026-07-27 11:30:00,2026-07-28 11:30:00,232.27999877929688,223.56685851052393,245.3497091824563,231.27999877929688,zaman,-0.005005148980778828,-0.13343019431376965,0.03751136694749091
AMZN,LONG,2026-07-29 09:30:00,2026-07-29 09:30:00,229.31500244140625,228.00852752492764,231.27471481612417,228.00852752492764,stop,-0.00639729369020433,-1.1228653529312675,0.005697293690204296
AMZN,SHORT,2026-08-07 09:30:00,2026-08-07 09:30:00,274.2099914550781,275.60194956800837,272.1220542856828,275.60194956800837,stop,-0.005776248701018971,-1.1378971049743059,0.0050762487010188855
AMZN,LONG,2026-08-20 09:30:00,2026-08-21 09:30:00,260.42999267578125,257.6408548591738,264.6136994006924,257.6408548591738,stop,-0.011409741178235643,-1.0653610566633056,0.010709741178235645
AMZN,SHORT,2026-08-19 09:30:00,2026-08-19 09:30:00,261.14599609375,262.26335660228625,259.4699553309456,262.26335660228625,stop,-0.004978681370765147,-1.163601806103817,0.0042786813707652045
AMZN,LONG,2026-08-21 09:30:00,2026-08-21 09:30:00,259.4800109863281,258.48296379721785,260.97558176999354,258.48296379721785,stop,-0.004542481682193255,-1.1821739328632064,0.003842481682193277
AMZN,LONG,2026-08-20 14:30:00,2026-08-20 15:30:00,260.80999755859375,259.818243996997,262.29762790098886,259.818243996997,stop,-0.004502590279822105,-1.1840850442695434,0.003802590279822115
GOOGL,SHORT,2026-06-29 10:30:00,2026-06-29 13:30:00,350.9599914550781,353.7108103744569,346.83376307601,353.7108103744569,stop,-0.008537984346802384,-1.0893086754231165,0.007837984346802345
GOOGL,LONG,2026-06-26 15:30:00,2026-06-26 15:30:00,338.82501220703125,336.31893924823464,342.58412164522616,336.31893924823464,stop,-0.008096363516591008,-1.094641102810827,0.007396363516591065
GOOGL,SHORT,2026-06-29 09:30:00,2026-06-29 09:30:00,343.45001220703125,346.5581131706892,338.7878607615444,346.5581131706892,stop,-0.009749645809255046,-1.0773510935957495,0.009049645809254981
GOOGL,LONG,2026-07-09 09:30:00,2026-07-09 10:30:00,351.989990234375,350.2613952207001,354.58288275488735,354.58288275488735,hedef,0.00716638140984014,1.459274441098104,0.004910920939893553
GOOGL,SHORT,2026-07-02 09:30:00,2026-07-02 09:30:00,361.9385986328125,363.1179997536867,360.1694969515012,363.1179997536867,stop,-0.0039585668545142,-1.214818363793952,0.003258566854514245
GOOGL,SHORT,2026-07-06 09:30:00,2026-07-06 11:30:00,362.07000732421875,364.3668853272462,358.62469031967754,364.3668853272462,stop,-0.007043740040778201,-1.1103450008197722,0.006343740040778118
GOOGL,LONG,2026-07-09 09:30:00,2026-07-09 09:30:00,354.15399169921875,353.2814147519501,355.4628571201217,353.2814147519501,stop,-0.003163834850715885,-1.2841099515240018,0.0024638348507158565
GOOGL,SHORT,2026-07-15 10:30:00,2026-07-15 11:30:00,370.9800109863281,373.311761041072,367.4823859042124,373.311761041072,stop,-0.006985379227156662,-1.1113695728931479,0.006285379227156751
GOOGL,SHORT,2026-07-15 09:30:00,2026-07-15 09:30:00,361.6400146484375,363.0283480156857,359.55751459756516,363.0283480156857,stop,-0.004538992675071706,-1.1823394987297862,0.0038389926750717947
GOOGL,LONG,2026-07-10 10:30:00,2026-07-10 15:30:00,353.6099853515625,350.93170693493204,357.62740297650817,357.62740297650817,hedef,0.011161154354709412,1.4735942325371292,0.007574102903139717
GOOGL,LONG,2026-07-13 09:30:00,2026-07-13 12:30:00,354.25628662109375,352.6226955453085,356.70667323477164,356.70667323477164,hedef,0.0067169883675170855,1.4566285232733966,0.004611325578344702
GOOGL,SHORT,2026-07-14 10:30:00,2026-07-14 10:30:00,356.9100036621094,358.24967516042483,354.9004964146362,358.24967516042483,stop,-0.004453527456696659,-1.1864912427245102,0.003753527456696718
GOOGL,SHORT,2026-07-16 09:30:00,2026-07-16 09:30:00,373.19500732421875,373.80254390207136,372.28370245743986,373.80254390207136,stop,-0.00232793329473665,-1.4299930484025911,0.0016279332947367296
GOOGL,LONG,2026-07-16 13:30:00,2026-07-16 13:30:00,370.4700012207031,369.04668074254647,372.6049819379381,369.04668074254647,stop,-0.004541931798706511,-1.182200006839187,0.0038419317987064975
GOOGL,LONG,2026-07-22 14:30:00,2026-07-23 09:30:00,345.364990234375,341.2204900009532,351.5817405845077,321.1300048828125,stop,-0.07087209629475164,-5.9058365221801274,0.012000348473680634
GOOGL,LONG,2026-07-22 15:30:00,2026-07-22 15:30:00,344.3699035644531,342.6635707584186,346.92940277350493,342.6635707584186,stop,-0.0056549417308913935,-1.1412731043103752,0.004954941730891349
GOOGL,SHORT,2026-07-27 09:30:00,2026-07-27 09:30:00,325.0400085449219,324.3487797419675,,325.0400085449219,stop,-0.0007,-0.1486119062294087,0.004710255172418194
GOOGL,SHORT,2026-07-31 09:30:00,2026-07-31 09:30:00,341.5,342.6641962545704,339.7537056181444,342.6641962545704,stop,-0.004109066631245628,-1.2053347956253113,0.0034090666312457194
GOOGL,LONG,2026-08-11 09:30:00,2026-08-11 09:30:00,354.25,352.5736790071134,356.7644814893299,352.5736790071134,stop,-0.005432028208571881,-1.1479281122483551,0.004732028208571878
GOOGL,LONG,2026-08-17 10:30:00,2026-08-17 11:30:00,342.1650085449219,340.776317448172,344.2480451900467,344.2480451900467,hedef,0.005887813169391776,1.450721220961852,0.004058542112927843
GOOGL,SHORT,2026-08-19 11:30:00,2026-08-19 12:30:00,346.32000732421875,348.03584467997104,343.7462512905903,343.7462512905903,hedef,0.007231727821658796,1.459632536712998,0.004954485214439107
GOOGL,SHORT,2026-08-19 11:30:00,2026-08-20 10:30:00,346.5400085449219,350.55586421122104,340.5162250454731,340.5162250454731,hedef,0.0171826494803353,1.482741411179048,0.01158843298689013
GOOGL,LONG,2026-08-19 13:30:00,2026-08-20 09:30:00,343.56500244140625,341.8235642208199,346.1771597722858,341.8235642208199,stop,-0.005768729958556673,-1.1381016557842627,0.005068729958556696
GOOGL,LONG,2026-08-19 09:30:00,2026-08-19 10:30:00,342.45001220703125,340.097807228808,345.97831967436616,345.97831967436616,hedef,0.010103131381411256,1.4708826385984897,0.006868754254274078
GOOGL,LONG,2026-08-20 09:30:00,2026-08-20 10:30:00,342.4549865722656,340.5625121964219,345.29369813603125,340.5625121964219,stop,-0.006226198916786296,-1.126669345519512,0.005526198916786335
GOOGL,SHORT,2026-08-21 12:30:00,2026-08-21 15:30:00,345.7699890136719,346.83501577095825,344.17244887774234,344.17244887774234,hedef,0.004420239427044038,1.4350683000876454,0.0030801596180293827
NFLX,SHORT,2026-07-02 11:30:00,2026-07-02 13:30:00,77.33000183105469,78.2787383796989,75.90689700808838,78.2787383796989,stop,-0.012968673557217057,-1.0570558827517458,0.012268673557217039
NFLX,SHORT,2026-06-26 09:30:00,2026-06-26 09:30:00,73.37999725341797,73.99952384672127,72.45070736346301,73.99952384672127,stop,-0.009142717586425674,-1.0829116919800064,0.008442717586425758
NFLX,LONG,2026-06-25 09:30:00,2026-06-25 09:30:00,71.36750030517578,71.58872159744531,,71.36750030517578,stop,-0.0007,-0.1401870692653273,0.004993327870169921
NFLX,SHORT,2026-06-29 09:30:00,2026-06-29 09:30:00,74.70999908447266,75.24478148296967,73.90782548672713,75.24478148296967,stop,-0.007858110093032465,-1.097791175450248,0.00715811009303253
NFLX,LONG,2026-06-30 09:30:00,2026-06-30 09:30:00,73.58999633789062,73.02718501953319,74.43421331542677,73.02718501953319,stop,-0.008347932414254654,-1.0915280054901286,0.007647932414254624
NFLX,LONG,2026-07-08 09:30:00,2026-07-08 09:30:00,75.86499786376953,75.6749812815232,76.15002273713903,75.6749812815232,stop,-0.0032046673379934826,-1.2794782322513019,0.0025046673379934886
NFLX,SHORT,2026-07-15 09:30:00,2026-07-15 10:30:00,74.97000122070312,75.48081029427003,74.20378761035278,74.20378761035278,hedef,0.010020269412757554,1.4706465663590376,0.006813512941838432
NFLX,SHORT,2026-07-16 13:30:00,2026-07-16 15:30:00,74.0698013305664,74.48406947473136,73.44839911431899,74.48406947473136,stop,-0.006292942558548364,-1.1251577309568577,0.005592942558548404
NFLX,SHORT,2026-07-22 09:30:00,2026-07-22 09:30:00,69.37000274658203,69.53454408192243,69.12319074357143,69.53454408192243,stop,-0.0030719378524675873,-1.295117344356935,0.0023719378524676444
NFLX,SHORT,2026-07-24 13:30:00,2026-07-24 14:30:00,70.25499725341797,70.60730025865227,69.72654274556652,70.60730025865227,stop,-0.005714632681053399,-1.1395914804776859,0.0050146326810533715
NFLX,LONG,2026-07-23 15:30:00,2026-07-24 10:30:00,68.4800033569336,67.63222014170732,69.751678179773,69.751678179773,hedef,0.01837001694656968,1.48384492588977,0.012380011297713147
NFLX,SHORT,2026-07-28 09:30:00,2026-07-28 09:30:00,72.11000061035156,71.68201968549556,,72.11000061035156,stop,-0.0007,-0.1401870692653273,0.004993327870169921
NFLX,LONG,2026-07-30 09:30:00,2026-07-30 09:30:00,71.48999786376953,71.71316695013653,,71.48999786376953,stop,-0.0007,-0.1401870692653273,0.004993327870169921
NFLX,SHORT,2026-08-03 15:30:00,2026-08-04 15:30:00,73.0999984741211,73.98677640719201,71.76983157451471,73.55999755859375,zaman,-0.006992737265042536,-0.5764341492287226,0.012131025329430814
NFLX,LONG,2026-08-06 09:30:00,2026-08-06 09:30:00,73.43000030517578,73.1217817500117,73.8923281379219,73.1217817500117,stop,-0.004897447281535038,-1.1667680266240392,0.004197447281535007
NFLX,SHORT,2026-08-13 09:30:00,2026-08-13 09:30:00,76.30000305175781,76.91426147609249,75.3786154152558,76.91426147609249,stop,-0.008750568804276458,-1.086950377919654,0.008050568804276443
NFLX,SHORT,2026-08-18 09:30:00,2026-08-18 10:30:00,78.17500305175781,78.5595034315609,77.59825248205318,78.5595034315609,stop,-0.005618456856963793,-1.1423210613322496,0.004918456856963822
NFLX,SHORT,2026-08-19 09:30:00,2026-08-19 09:30:00,78.83000183105469,79.13025777850125,78.37961790988484,79.13025777850125,stop,-0.004508904483981301,-1.18377987763776,0.0038089044839813026
NFLX,SHORT,2026-08-20 12:30:00,2026-08-21 09:30:00,80.625,81.19438676613824,79.77091985079264,79.77091985079264,hedef,0.010393242160711446,1.4716800583382714,0.007062161440474258
NFLX,SHORT,2026-08-20 13:30:00,2026-08-21 09:30:00,80.55999755859375,81.11335754871179,79.7299575734167,79.7299575734167,hedef,0.010103376493691396,1.470883331286221,0.006868917662460998
NFLX,LONG,2026-08-21 13:30:00,2026-08-24 09:30:00,79.63999938964844,79.13833590891458,80.39249461074922,79.13833590891458,stop,-0.006999139685817967,-1.1111262862730278,0.00629913968581797
AVGO,LONG,2026-06-25 14:30:00,2026-06-26 09:30:00,378.4800109863281,372.40939343367177,387.58593731531266,370.0,stop,-0.02310543949528273,-1.4405366370332398,0.016039466752381933
AVGO,LONG,2026-07-02 10:30:00,2026-07-02 11:30:00,363.94000244140625,360.2283465364527,369.50748629883657,360.2283465364527,stop,-0.01089853789101166,-1.0686372897253216,0.010198537891011626
AVGO,LONG,2026-07-01 09:30:00,2026-07-01 09:30:00,371.7900085449219,370.47368789127125,373.76448952539783,370.47368789127125,stop,-0.004240494965968311,-1.19771246866002,0.003540494965968337
AVGO,SHORT,2026-07-06 09:30:00,2026-07-06 09:30:00,374.0,374.23127791203905,373.65308313194146,374.23127791203905,stop,-0.001318390139141889,-2.1319714783477406,0.0006183901391418378
AVGO,SHORT,2026-07-08 09:30:00,2026-07-08 09:30:00,379.42999267578125,383.39798138963755,373.4780096049968,383.39798138963755,stop,-0.011157762407957371,-1.0669359249802268,0.010457762407957304
AVGO,LONG,2026-07-17 09:30:00,2026-07-17 09:30:00,363.92999267578125,361.7389554716182,367.2165484820258,361.7389554716182,stop,-0.006720490886319951,-1.1162695888454188,0.006020490886319941
AVGO,SHORT,2026-07-22 12:30:00,2026-07-23 09:30:00,396.05999755859375,399.2358377673649,391.29623724543706,391.29623724543706,hedef,0.011827875429282519,1.4750579392209449,0.008018583619521711
AVGO,SHORT,2026-07-16 11:30:00,2026-07-16 12:30:00,394.20001220703125,396.1571524392301,391.26430185873295,380.67999267578125,hedef,0.03409735949411739,6.867765174755672,0.004964840617942421
AVGO,LONG,2026-07-28 09:30:00,2026-07-28 09:30:00,374.2349853515625,373.2417286191954,375.72487045011314,373.2417286191954,stop,-0.0033540990854556635,-1.2637429792413934,0.0026540990854557155
AVGO,LONG,2026-07-29 10:30:00,2026-07-29 11:30:00,374.2349853515625,371.23899438299435,378.72897180441475,371.23899438299435,stop,-0.00870564107001822,-1.0874383442722049,0.008005641070018261
AVGO,SHORT,2026-07-29 14:30:00,2026-07-29 14:30:00,381.4200134277344,385.9058262759552,374.69129415540317,385.9058262759552,stop,-0.01246082190315042,-1.0595196497119432,0.011760821903150361
AVGO,LONG,2026-07-29 15:30:00,2026-07-30 09:30:00,372.29998779296875,369.2208028513522,376.9187652053936,380.6700134277344,hedef,0.022281939052386047,2.694078398828432,0.008270709219923128
AVGO,SHORT,2026-08-03 12:30:00,2026-08-03 13:30:00,389.2799987792969,391.56771068280557,385.84843092403383,391.56771068280557,stop,-0.00657677741132997,-1.1191128999799378,0.005876777411329876
AVGO,SHORT,2026-08-06 10:30:00,2026-08-07 09:30:00,424.04998779296875,427.28671780445336,419.19489277574183,428.7850036621094,stop,-0.011866173813103252,-1.5546093874810678,0.007632897310835105
AVGO,LONG,2026-08-11 09:30:00,2026-08-12 09:30:00,418.3710021972656,410.5488313858931,430.1042584143244,422.8399963378906,zaman,0.009981892667403049,0.5338843320853254,0.01869673273312644
AVGO,LONG,2026-08-14 09:30:00,2026-08-14 09:30:00,411.9599914550781,411.2289633389982,413.05653362919804,411.2289633389982,stop,-0.002474512407134221,-1.3944745594258967,0.0017745124071341786
AAPL,SHORT,2026-08-28 09:30:00,2026-08-28 10:30:00,317.4549865722656,320.3769606908806,313.0720253943432,320.3769606908806,stop,-0.009904373036206136,-1.0760508072897965,0.009204373036206219
AAPL,SHORT,2026-08-26 09:30:00,2026-08-26 11:30:00,312.239990234375,313.4523750153942,310.4214130628462,313.4523750153942,stop,-0.004582861961753026,-1.1802793936264477,0.0038828619617529967
AAPL,SHORT,2026-08-26 09:30:00,2026-08-26 11:30:00,311.2300109863281,313.6723762360973,307.56646311167435,313.6723762360973,stop,-0.008547460603265687,-1.089200830101474,0.007847460603265768
AAPL,LONG,2026-09-09 13:30:00,2026-09-09 14:30:00,310.5450134277344,309.2815278255434,312.4402418310209,312.4402418310209,hedef,0.005902910435969778,1.4508431258909127,0.004068606957313186
AAPL,LONG,2026-09-09 10:30:00,2026-09-09 10:30:00,313.8500061035156,312.6862139666528,315.5956943088098,312.6862139666528,stop,-0.0044081157056882975,-1.1887751234208273,0.0037081157056882835
AAPL,SHORT,2026-09-11 09:30:00,2026-09-11 09:30:00,330.06988525390625,330.9656943719153,328.72617157689274,330.9656943719153,stop,-0.0034139983319590667,-1.257922045034824,0.0027139983319590796
AAPL,SHORT,2026-09-09 14:30:00,2026-09-09 14:30:00,316.3500061035156,318.2560226457078,313.4909812902274,318.2560226457078,stop,-0.006725024515309951,-1.1161820998771306,0.00602502451531004
AAPL,LONG,2026-09-15 09:30:00,2026-09-15 09:30:00,330.260009765625,331.21756147920553,,330.260009765625,stop,-0.0007,-0.18094897265943335,0.0038684939168871658
AAPL,SHORT,2026-09-16 09:30:00,2026-09-16 10:30:00,334.6199951171875,335.60668775526784,333.13995616006696,333.13995616006696,hedef,0.00422304398636495,1.4321734079686566,0.0029486959909099026
AAPL,SHORT,2026-09-17 09:30:00,2026-09-17 10:30:00,334.7550048828125,335.58672963239303,333.5074177584417,333.4700012207031,hedef,0.003638639134190691,1.4644900993352747,0.002484577489354317
AAPL,LONG,2026-09-29 10:30:00,2026-09-29 15:30:00,331.6000061035156,330.08862625047817,333.86707588307183,330.08862625047817,stop,-0.005257840244929445,-1.153581512818213,0.004557840244929447
AAPL,LONG,2026-09-24 09:30:00,2026-09-24 11:30:00,335.20001220703125,332.94775935226033,338.57839148918765,338.57839148918765,hedef,0.009878696775433826,1.4702342468789038,0.006719131183622528
AAPL,LONG,2026-09-24 15:30:00,2026-09-25 11:30:00,336.05499267578125,334.1980167547656,338.8404565573047,338.8404565573047,hedef,0.008088714473023262,1.4638062089149808,0.005525809648682165
AAPL,SHORT,2026-09-25 10:30:00,2026-09-25 11:30:00,338.1449890136719,339.0120208194644,336.8444413049831,339.0120208194644,stop,-0.003264082964297443,-1.273002086807174,0.0025640829642975004
AAPL,LONG,2026-09-29 09:30:00,2026-09-29 09:30:00,335.8699951171875,334.44275153446927,338.01086049126485,334.44275153446927,stop,-0.004949392930202878,-1.1647294122943446,0.004249392930202824
AAPL,LONG,2026-10-01 09:30:00,2026-10-01 09:30:00,329.5899963378906,328.5836426501394,331.0995268695175,328.5836426501394,stop,-0.003753350219766826,-1.229256374021014,0.0030533502197668187
MSFT,SHORT,2026-08-24 09:30:00,2026-08-24 10:30:00,486.95001220703125,489.4400930032189,483.2148910127497,489.4400930032189,stop,-0.005813627135774568,-1.1368891359134816,0.005113627135774645
MSFT,SHORT,2026-08-25 10:30:00,2026-08-25 12:30:00,489.3399963378906,490.7580919557941,487.2128529110354,490.7580919557941,stop,-0.0035979761076473044,-1.241547885143941,0.002897976107647404
MSFT,SHORT,2026-09-03 09:30:00,2026-09-03 09:30:00,510.9200134277344,512.3448578670971,508.78274676869034,512.3448578670971,stop,-0.0034887818091201223,-1.2510056533324934,0.002788781809120147
MSFT,LONG,2026-09-16 09:30:00,2026-09-16 14:30:00,492.13079833984375,489.64320395964944,495.8621899101352,489.64320395964944,stop,-0.005754742333920115,-1.1384838145562073,0.005054742333920111
MSFT,LONG,2026-09-16 14:30:00,2026-09-17 09:30:00,488.32000732421875,485.85278685559643,492.0208380271522,497.7950134277344,hedef,0.019203272365255965,3.8007718488518476,0.0050524664802116355
MSFT,SHORT,2026-09-11 09:30:00,2026-09-11 09:30:00,495.625,494.65528679816214,,495.625,stop,-0.0007,-0.20967485067251604,0.0033385024372489286
MSFT,SHORT,2026-09-11 14:30:00,2026-09-14 09:30:00,496.7799987792969,499.1124691268287,493.2812932579991,499.1124691268287,stop,-0.0053951776505963495,-1.1490891404100658,0.004695177650596382
MSFT,SHORT,2026-09-23 09:30:00,2026-09-23 10:30:00,508.9800109863281,510.0947168428276,507.3079522015789,496.70001220703125,hedef,0.023926681822926656,10.925037045506208,0.0021900778663966553
MSFT,SHORT,2026-09-21 13:30:00,2026-09-21 15:30:00,498.2900085449219,501.63607452858514,493.270909569427,501.63607452858514,stop,-0.0074150974859686575,-1.1042427159788453,0.006715097485968578
MSFT,LONG,2026-09-18 15:30:00,2026-09-21 09:30:00,492.3500061035156,490.94570479107716,494.4564580721733,495.5799865722656,hedef,0.006360333967114751,2.229941993069646,0.002852241890991693
MSFT,LONG,2026-09-24 09:30:00,2026-09-24 09:30:00,495.2200012207031,493.4818831961332,497.827178257558,493.4818831961332,stop,-0.004209789629428384,-1.1994421529230004,0.00350978962942837
MSFT,SHORT,2026-09-23 14:30:00,2026-09-24 14:30:00,500.7550048828125,509.6207285467033,487.45641938697634,497.7699890136719,zaman,0.005261030523976896,0.297154238683604,0.017704713038196287
MSFT,SHORT,2026-09-30 09:30:00,2026-09-30 09:30:00,517.8699951171875,519.6111773369121,515.2582217876006,519.6111773369121,stop,-0.00406219946345917,-1.208197047084139,0.003362199463459107
MSFT,LONG,2026-09-29 09:30:00,2026-09-29 10:30:00,505.42498779296875,502.01585778221397,510.5386828091009,510.5386828091009,hedef,0.00991761416557988,1.4703487408107958,0.006745076110386574
MSFT,LONG,2026-09-29 13:30:00,2026-09-30 09:30:00,506.1099853515625,502.18148744426037,512.0027322125156,512.0027322125156,hedef,0.011443213988081768,1.4742339185462745,0.007762142658721211
MSFT,SHORT,2026-10-02 09:30:00,2026-10-02 10:30:00,519.8800048828125,523.0434641944198,515.1348159154015,515.1348159154015,hedef,0.008927469652310593,1.4671321832415958,0.00608497976820708
NVDA,SHORT,2026-08-27 11:30:00,2026-08-27 11:30:00,227.46499633789062,228.06723460023795,226.56163894436963,228.06723460023795,stop,-0.0033476085201818656,-1.2643895404717778,0.0026476085201818287
NVDA,SHORT,2026-08-25 14:30:00,2026-08-26 14:30:00,212.25999450683594,214.83625845494197,208.3955985846769,210.88999938964844,zaman,0.005754325603703848,0.4741024777102746,0.012137303376887924
NVDA,SHORT,2026-08-27 09:30:00,2026-08-27 09:30:00,222.5850067138672,213.6917152409475,,222.5850067138672,stop,-0.0007,-0.11327340969537296,0.006179738050461404
NVDA,SHORT,2026-08-28 09:30:00,2026-08-28 10:30:00,229.24949645996094,230.61306807061496,227.20413904397992,225.11500549316406,hedef,0.017834896611077046,2.9984791671805273,0.005947980831845237
NVDA,LONG,2026-09-01 09:30:00,2026-09-01 09:30:00,216.61000061035156,216.0876305877836,217.3935556442035,216.0876305877836,stop,-0.003111569277023573,-1.290267423237383,0.002411569277023518
NVDA,LONG,2026-09-01 14:30:00,2026-09-02 09:30:00,216.61000061035156,214.98089528805053,219.0536585938031,219.0536585938031,hedef,0.0110813719429663,1.4734074896637799,0.007520914628644234
NVDA,LONG,2026-09-10 09:30:00,2026-09-11 09:30:00,217.4593048095703,216.26928092945823,219.24434062973842,221.25,hedef,0.017231745189055993,3.148847171970073,0.005472398070775524
NVDA,SHORT,2026-09-03 09:30:00,2026-09-03 09:30:00,227.0399932861328,228.06561615108234,225.50155898870852,228.06561615108234,stop,-0.005217366522544641,-1.1549575392004596,0.004517366522544594
NVDA,LONG,2026-09-09 09:30:00,2026-09-09 09:30:00,224.39999389648438,223.63266263692194,225.55099078582805,223.63266263692194,stop,-0.004119479859328334,-1.2047094964137153,0.0034194798593283793
NVDA,SHORT,2026-09-16 09:30:00,2026-09-16 09:30:00,214.13999938964844,214.01284731803625,,214.13999938964844,stop,-0.0007,-0.11327340969537296,0.006179738050461404
NVDA,SHORT,2026-09-17 09:30:00,2026-09-17 09:30:00,218.38800048828125,216.84079164399833,,218.38800048828125,stop,-0.0007,-0.11327340969537296,0.006179738050461404
NVDA,SHORT,2026-09-28 09:30:00,2026-09-28 09:30:00,229.6999969482422,230.0604371340567,229.1593366695204,230.0604371340567,stop,-0.0022691780174282855,-1.4460934274029849,0.0015691780174282824
NVDA,SHORT,2026-09-25 13:30:00,2026-09-28 09:30:00,225.14999389648438,227.02398039757566,222.33901414484745,229.6999969482422,stop,-0.020908763824571595,-2.512082154670773,0.00832328026601178
NVDA,SHORT,2026-09-29 09:30:00,2026-09-29 13:30:00,231.27000427246094,233.30843826676377,228.2123532810067,228.2123532810067,hedef,0.013021130864217056,1.4773090514660887,0.008814087242811396
NVDA,LONG,2026-09-29 12:30:00,2026-09-29 13:30:00,228.8800048828125,227.93891625518,230.29163782426124,227.93891625518,stop,-0.004811711847063049,-1.1702453931688008,0.004111711847062993
NVDA,SHORT,2026-09-30 09:30:00,2026-10-01 09:30:00,230.9949951171875,232.9115982787333,228.12009037486882,229.86000061035156,zaman,0.004213502590219054,0.5078244833264887,0.008297163150974202
NVDA,SHORT,2026-10-01 09:30:00,2026-10-01 10:30:00,231.05499267578125,232.45951101669377,228.9482151644125,228.9482151644125,hedef,0.00891807828504707,1.4670983303036413,0.006078718856698119
NVDA,SHORT,2026-10-01 13:30:00,2026-10-01 14:30:00,230.85000610351562,232.00557824091516,229.11664789741633,232.00557824091516,stop,-0.00570572712517644,-1.1398398239646845,0.00500572712517651
AMD,LONG,2026-09-01 09:30:00,2026-09-01 09:30:00,456.69000244140625,455.04116529014533,459.1632581682976,455.04116529014533,stop,-0.004310407809337746,-1.1938839147726135,0.003610407809337731
AMD,LONG,2026-08-27 09:30:00,2026-08-28 09:30:00,476.4599914550781,456.4397326664216,506.4903796380629,475.7699890136719,zaman,-0.002148185479958175,-0.051124435814222546,0.04201876159111689
AMD,SHORT,2026-09-08 09:30:00,2026-09-08 09:30:00,488.8800048828125,491.3828583638142,485.12572466130996,491.3828583638142,stop,-0.005819566061208891,-1.136730338397994,0.005119566061208911
AMD,SHORT,2026-08-31 09:30:00,2026-08-31 10:30:00,475.7699890136719,479.03433198927047,470.87347455027395,467.9049987792969,hedef,0.01633107681440791,2.380214424358243,0.006861178827958376
AMD,LONG,2026-08-31 10:30:00,2026-09-01 09:30:00,467.9049987792969,465.16337186951256,472.0174391439733,459.29998779296875,stop,-0.019090508775878555,-3.2581181828917547,0.0058593665742765364
AMD,SHORT,2026-09-04 09:30:00,2026-09-04 12:30:00,469.8399963378906,476.04488840797455,460.53265823276473,476.04488840797455,stop,-0.013906393918030023,-1.0530046282387815,0.013206393918029942
AMD,SHORT,2026-09-04 09:30:00,2026-09-04 09:30:00,469.95001220703125,472.03497019508393,466.82257522495223,472.03497019508393,stop,-0.005136552684105921,-1.1577801617250842,0.004436552684105845
AMD,LONG,2026-09-10 09:30:00,2026-09-10 10:30:00,505.5299987792969,502.85959614133293,509.5356027362428,509.5356027362428,hedef,0.007723573213495239,1.4621382939342251,0.005282382142330161
AMD,LONG,2026-09-14 09:30:00,2026-09-14 09:30:00,486.1300048828125,501.0484848624031,,486.1300048828125,stop,-0.0007,-0.09087315916007736,0.007703044622526184
AMD,SHORT,2026-09-17 09:30:00,2026-09-17 09:30:00,533.9000244140625,527.6220186635861,,533.9000244140625,stop,-0.0007,-0.09087315916007736,0.007703044622526184
AMD,SHORT,2026-10-02 09:30:00,2026-10-02 09:30:00,636.4500122070312,639.2877769687786,632.1933650644102,639.2877769687786,stop,-0.005158739425437175,-1.1569950457312244,0.004458739425437069
AMD,SHORT,2026-10-02 09:30:00,2026-10-02 09:30:00,636.4500122070312,632.6677818515911,,636.4500122070312,stop,-0.0007,-0.09087315916007736,0.007703044622526184
AMD,SHORT,2026-10-01 09:30:00,2026-10-01 10:30:00,616.9600219726562,624.4406335188924,605.7391046533021,605.7391046533021,hedef,0.01798743017331437,1.4835050913108048,0.012124953448876217
AMD,SHORT,2026-09-30 13:30:00,2026-10-01 09:30:00,609.3300170898438,615.4983168670772,600.0775674239936,615.4983168670772,stop,-0.010823085362991224,-1.0691488785187044,0.010123085362991266
AMD,LONG,2026-10-01 09:30:00,2026-10-01 10:30:00,602.0800170898438,599.7893469498576,605.5160222998229,606.6900024414062,hedef,0.007456765248321707,1.9599370811948156,0.003804594198389225
TSLA,SHORT,2026-08-31 09:30:00,2026-08-31 11:30:00,364.3299865722656,366.6752433336041,360.81210143025794,366.6752433336041,stop,-0.007137177415461681,-1.1087433132289557,0.006437177415461764
TSLA,SHORT,2026-08-27 10:30:00,2026-08-28 09:30:00,354.4399108886719,357.20828044097055,350.2873565602239,357.20828044097055,stop,-0.008510546914306825,-1.0896224051503818,0.007810546914306761
TSLA,LONG,2026-09-04 09:30:00,2026-09-08 09:30:00,353.94500732421875,349.6889370865551,360.3291126807143,360.3291126807143,hedef,0.01783699790755231,1.4833675203857355,0.012024665271701493
TSLA,SHORT,2026-09-17 09:30:00,2026-09-17 10:30:00,371.2699890136719,375.6309545693714,364.7285406801226,364.7285406801226,hedef,0.01741911419484108,1.4829730373114975,0.011746076129894064
TSLA,SHORT,2026-09-17 09:30:00,2026-09-17 09:30:00,367.5899963378906,368.8509557900745,365.6985571596148,368.8509557900745,stop,-0.004130342133208697,-1.2040612780933395,0.003430342133208698
TSLA,SHORT,2026-09-17 09:30:00,2026-09-17 09:30:00,367.5899963378906,367.9209631142933,367.09354617328665,367.9209631142933,stop,-0.00160036937811111,-1.7774586930847904,0.0009003693781112062
TSLA,LONG,2026-09-16 14:30:00,2026-09-17 09:30:00,358.7250061035156,354.4458860339074,365.14368620792794,367.5899963378906,hedef,0.024512495877181385,2.0549190230970518,0.011928691885988583
TSLA,SHORT,2026-09-16 09:30:00,2026-09-16 09:30:00,361.17999267578125,362.569576257231,359.0956173036066,362.569576257231,stop,-0.004547343733397679,-1.1819437119495206,0.003847343733397594
TSLA,LONG,2026-09-16 14:30:00,2026-09-16 15:30:00,355.92999267578125,353.8645872057824,359.0281008807795,359.0281008807795,hedef,0.00850426282906811,1.4655341289789634,0.005802841886045345
TSLA,SHORT,2026-09-17 09:30:00,2026-09-17 09:30:00,367.5899963378906,365.2408483681995,,367.5899963378906,stop,-0.0007,-0.08226208019414792,0.008509388509844631
TSLA,LONG,2026-09-18 13:30:00,2026-09-21 09:30:00,362.7900085449219,360.5419952834475,366.1620284371335,371.6400146484375,hedef,0.02419429393056125,3.9045357303852506,0.006196458580793692
TSLA,LONG,2026-09-28 09:30:00,2026-09-28 09:30:00,363.6499938964844,361.4135614909911,367.00464250472425,361.4135614909911,stop,-0.0068499585948840975,-1.1138219045218063,0.006149958594884134
TSLA,LONG,2026-09-25 09:30:00,2026-09-25 09:30:00,375.29998779296875,372.7205504617916,379.16914378973445,372.7205504617916,stop,-0.007573001372438292,-1.1018477899345616,0.006873001372438249
TSLA,SHORT,2026-09-24 12:30:00,2026-09-25 09:30:00,380.5150146484375,386.86472415200683,370.9904503930835,370.9904503930835,hedef,0.024830718601613767,1.4880147268332633,0.016687145734409204
META,SHORT,2026-08-25 14:30:00,2026-08-25 15:30:00,565.2899169921875,568.8714207119443,559.9176614125522,568.8714207119443,stop,-0.007035693618618521,-1.1104851405602811,0.006335693618618572
META,LONG,2026-09-01 09:30:00,2026-09-01 09:30:00,557.7999877929688,558.7454517552223,,557.7999877929688,stop,-0.0007,-0.1294355410929959,0.005408097297612169
META,SHORT,2026-08-28 09:30:00,2026-08-28 10:30:00,578.3400268554688,588.6967597815903,562.8049274662864,588.6967597815903,stop,-0.018607688289245493,-1.0390893558506042,0.01790768828924548
META,LONG,2026-08-31 09:30:00,2026-09-01 09:30:00,571.4849853515625,567.2972985673387,577.7665155278983,557.7999877929688,stop,-0.02464638163621232,-3.3634409100035825,0.0073277284470521795
META,SHORT,2026-09-01 13:30:00,2026-09-01 14:30:00,584.75,589.5091698186739,577.6112452719892,577.6112452719892,hedef,0.012008216721694364,1.4754263864380048,0.008138811147796245
META,SHORT,2026-09-08 15:30:00,2026-09-09 09:30:00,617.1199951171875,623.5334484893981,607.4998150588716,648.6400146484375,stop,-0.05177599782966776,-4.9820278831806375,0.010392554807744836
META,SHORT,2026-09-10 10:30:00,2026-09-10 10:30:00,653.4450073242188,658.2960026057417,646.1685144019343,658.2960026057417,stop,-0.008123723843858364,-1.0942923005654628,0.007423723843858286
META,SHORT,2026-09-11 09:30:00,2026-09-11 09:30:00,655.7100219726562,663.8651539788515,643.4773239633635,663.8651539788515,stop,-0.013137101360234014,-1.0562832109930458,0.012437101360234064
META,LONG,2026-09-11 10:30:00,2026-09-14 10:30:00,651.9500122070312,642.6799910354024,665.8550439644746,656.030029296875,zaman,0.0055581747272796305,0.39090008687240657,0.01421891402417076
META,SHORT,2026-09-17 09:30:00,2026-09-17 10:30:00,682.4400024414062,685.6625366596431,677.6062011140509,672.0,hedef,0.015098051702798076,3.1973328266333363,0.004722076968976583
META,SHORT,2026-09-17 11:30:00,2026-09-18 09:30:00,678.5700073242188,685.2428330734375,668.5607687003906,686.8200073242188,stop,-0.012857920201236071,-1.3075418620287642,0.009833658542515722
META,LONG,2026-09-18 09:30:00,2026-09-18 10:30:00,672.0,666.7320316359715,679.9019525460428,679.9019525460428,hedef,0.011558857955420864,1.4744873183146412,0.007839238636947243
META,SHORT,2026-09-24 09:30:00,2026-09-24 09:30:00,756.5299072265625,764.417240164488,744.6989078196742,764.417240164488,stop,-0.011125672352915249,-1.0671419527014245,0.010425672352915262
META,LONG,2026-09-29 12:30:00,2026-09-29 13:30:00,715.719970703125,712.7622855109012,720.1564984914608,727.2249755859375,hedef,0.015874729438539938,3.8414706604150273,0.004132461456005199
META,LONG,2026-09-30 15:30:00,2026-10-01 09:30:00,726.0900268554688,720.884949899811,733.8976422889555,733.8976422889555,hedef,0.01055295782163499,1.4721006996422532,0.007168638547756649
META,SHORT,2026-10-02 09:30:00,2026-10-02 09:30:00,733.844970703125,736.2463129959256,730.2429572639242,736.2463129959256,stop,-0.003972274647463602,-1.2139184742767501,0.003272274647463681
AMZN,SHORT,2026-08-28 10:30:00,2026-08-28 10:30:00,265.8900146484375,266.4967302145926,264.9799412992048,266.4967302145926,stop,-0.0029818290749178073,-1.3067714438800642,0.0022818290749177716
AMZN,LONG,2026-08-26 10:30:00,2026-08-27 09:30:00,258.8500061035156,256.9438094987075,261.7093010107278,256.9438094987075,stop,-0.008064097198614083,-1.0950557795640872,0.007364097198614109
AMZN,SHORT,2026-08-28 10:30:00,2026-08-28 10:30:00,262.760009765625,263.416743642327,261.774908950572,263.416743642327,stop,-0.003199367682653686,-1.2800708374594463,0.002499367682653769
AMZN,SHORT,2026-08-28 10:30:00,2026-08-28 10:30:00,262.6000061035156,263.9686235251395,260.5470799710798,263.9686235251395,stop,-0.005911795086875748,-1.1343107294764196,0.005211795086875835
AMZN,SHORT,2026-08-26 10:30:00,2026-08-26 11:30:00,260.8900146484375,262.16120148762064,258.9832343896628,258.9832343896628,hedef,0.007108751396040148,1.4589533172297229,0.004872500930693469
AMZN,SHORT,2026-08-28 09:30:00,2026-08-28 09:30:00,260.2799987792969,260.83233144767127,259.4514997767353,260.83233144767127,stop,-0.002822071119428304,-1.3298664185150078,0.002122071119428343
AMZN,LONG,2026-09-09 09:30:00,2026-09-09 09:30:00,253.1199951171875,251.84898556006044,255.0265094528781,251.84898556006044,stop,-0.005721371608902814,-1.1394041418402368,0.005021371608902791
AMZN,LONG,2026-09-09 09:30:00,2026-09-09 09:30:00,253.1199951171875,253.31898678076357,,253.1199951171875,stop,-0.0007,-0.15962545036334708,0.004385265622785255
AMZN,SHORT,2026-09-03 13:30:00,2026-09-04 09:30:00,258.739990234375,259.525690036321,257.561440531456,259.525690036321,stop,-0.0037366384463194064,-1.2305180588253604,0.0030366384463194
AMZN,SHORT,2026-09-04 15:30:00,2026-09-08 09:30:00,259.2149963378906,261.20527701256975,256.2295753258719,256.2295753258719,hedef,0.011317161638777917,1.4739519154624185,0.0076781077591852225
AMZN,LONG,2026-09-08 09:30:00,2026-09-08 09:30:00,255.9949951171875,255.20712438763752,257.1768012115125,255.20712438763752,stop,-0.003777680206948208,-1.2274440334702845,0.0030776802069482404
AMZN,SHORT,2026-09-11 14:30:00,2026-09-14 09:30:00,257.3599853515625,258.0703767489783,256.29439825543886,253.375,hedef,0.015284090683790197,5.537107246514135,0.0027603024473496045
AMZN,SHORT,2026-09-11 09:30:00,2026-09-11 09:30:00,254.0449981689453,253.22289835657327,,254.0449981689453,stop,-0.0007,-0.15962545036334708,0.004385265622785255
AMZN,LONG,2026-09-14 09:30:00,2026-09-14 09:30:00,251.5399932861328,250.81447993726488,252.62826330943471,250.81447993726488,stop,-0.0035842862695104278,-1.242694356451252,0.002884286269510415
AMZN,SHORT,2026-09-18 10:30:00,2026-09-18 11:30:00,255.05999755859375,256.0404309449742,253.58934747902305,253.07000732421875,hedef,0.007602047570857673,1.977674630217895,0.0038439323914571835
AMZN,SHORT,2026-09-17 09:30:00,2026-09-17 09:30:00,251.1300048828125,249.34394478907004,,251.1300048828125,stop,-0.0007,-0.15962545036334708,0.004385265622785255
AMZN,SHORT,2026-09-25 11:30:00,2026-09-25 11:30:00,249.875,250.52882874729156,248.89425687906265,250.52882874729156,stop,-0.0033166233008166896,-1.2675203571647449,0.002616623300816631
AMZN,LONG,2026-09-30 09:30:00,2026-09-30 10:30:00,246.32000732421875,244.64597910067786,248.8310496595301,250.5399932861328,hedef,0.016932128273930737,2.491428699826436,0.00679615205328184
AMZN,SHORT,2026-10-01 09:30:00,2026-10-01 10:30:00,251.74000549316406,252.52688823265834,250.55968138392265,246.8699951171875,hedef,0.019145397114916675,6.125007110939434,0.0031257754918720764
GOOGL,LONG,2026-08-27 09:30:00,2026-08-27 10:30:00,339.4393005371094,338.47145715196905,340.89106561481987,340.89106561481987,hedef,0.004076950475131436,1.4298565644506658,0.0028513003167543265
GOOGL,SHORT,2026-08-28 10:30:00,2026-08-28 10:30:00,346.7300109863281,348.1555848253265,344.59165022783054,348.1555848253265,stop,-0.0048114809616367155,-1.1702549535146824,0.004111480961636749
GOOGL,SHORT,2026-08-28 09:30:00,2026-08-28 09:30:00,342.05999755859375,342.75549198981224,341.01675591176604,342.75549198981224,stop,-0.002733252751512782,-1.3442759388763073,0.0020332527515128577
GOOGL,LONG,2026-08-31 09:30:00,2026-08-31 09:30:00,339.69000244140625,338.4139116476913,341.6041386319787,338.4139116476913,stop,-0.004456633355540329,-1.1863370560152353,0.003756633355540312
GOOGL,SHORT,2026-09-02 09:30:00,2026-09-02 10:30:00,339.2799987792969,341.5236060567134,335.9145878631721,335.9145878631721,hedef,0.00971927295517947,1.4697558478977812,0.006612848636786255
GOOGL,LONG,2026-09-02 10:30:00,2026-09-03 09:30:00,336.0,332.93816157212825,340.5927576418076,340.5927576418076,hedef,0.013468921552998813,1.4780524016589824,0.009112614368665919
GOOGL,SHORT,2026-09-11 10:30:00,2026-09-11 13:30:00,342.8500061035156,344.784709633044,339.94795080922313,339.94795080922313,hedef,0.008264504134838124,1.464557876607865,0.005643002756558826
GOOGL,LONG,2026-09-09 09:30:00,2026-09-09 09:30:00,331.69000244140625,333.1149752310089,,331.69000244140625,stop,-0.0007,-0.1486119062294087,0.004710255172418194
GOOGL,SHORT,2026-09-17 09:30:00,2026-09-17 10:30:00,348.6700134277344,350.0268703735329,346.63472800903656,346.63472800903656,hedef,0.005637282646388609,1.4486062234478814,0.0038915217642590985
GOOGL,SHORT,2026-09-17 09:30:00,2026-09-17 09:30:00,348.6700134277344,348.5268703735329,,348.6700134277344,stop,-0.0007,-0.1486119062294087,0.004710255172418194
GOOGL,LONG,2026-09-22 11:30:00,2026-09-22 11:30:00,355.2200012207031,353.83634917164363,357.29547929429236,353.83634917164363,stop,-0.004595197467216449,-1.179708475858164,0.003895197467216408
GOOGL,SHORT,2026-09-30 09:30:00,2026-09-30 09:30:00,344.2149963378906,347.13463359681,339.8355404495116,347.13463359681,stop,-0.00918201644315738,-1.0825275457423438,0.008482016443157396
GOOGL,SHORT,2026-09-30 09:30:00,2026-09-30 09:30:00,344.2149963378906,343.06453471985685,,344.2149963378906,stop,-0.0007,-0.1486119062294087,0.004710255172418194
GOOGL,SHORT,2026-10-01 09:30:00,2026-10-01 09:30:00,351.135009765625,352.74733261254255,348.7165254952487,352.74733261254255,stop,-0.005291746200396596,-1.1524474501529451,0.004591746200396652
NFLX,LONG,2026-08-25 09:30:00,2026-08-25 10:30:00,79.54000091552734,78.99284289600087,80.36073794481706,81.58000183105469,hedef,0.025447484184641246,3.699284015056428,0.006879029585473198
NFLX,SHORT,2026-08-28 10:30:00,2026-08-28 11:30:00,82.25499725341797,82.48889971185376,81.90414356576429,81.90414356576429,hedef,0.004065439175357822,1.4296672657452645,0.0028436261169052985
NFLX,SHORT,2026-09-01 09:30:00,2026-09-01 09:30:00,81.80000305175781,82.04810609779047,81.42784848270884,82.04810609779047,stop,-0.003733044459370915,-1.2307912097487856,0.003033044459370862
NFLX,SHORT,2026-09-01 09:30:00,2026-09-01 09:30:00,81.59500122070312,81.75821199378656,81.35018506107798,81.75821199378656,stop,-0.0027002545577757492,-1.3499554580584459,0.0020002545577758185
NFLX,SHORT,2026-09-03 13:30:00,2026-09-03 14:30:00,83.18000030517578,83.63688012600355,82.49468057393413,82.49468057393413,hedef,0.008038996498284523,1.4635877985792982,0.005492664332189678
NFLX,LONG,2026-09-04 09:30:00,2026-09-04 09:30:00,82.08999633789062,81.5951702370364,82.83223548917196,81.5951702370364,stop,-0.006727848981957185,-1.1161276604797545,0.006027848981957222
NFLX,LONG,2026-09-23 09:30:00,2026-09-24 09:30:00,71.2699966430664,70.07961607113042,73.0555675009704,71.61100006103516,zaman,0.004084670043925576,0.24455575568169122,0.016702408138134762
NFLX,LONG,2026-09-23 13:30:00,2026-09-24 13:30:00,71.51499938964844,71.03926134386376,72.22860645832546,71.9800033569336,zaman,0.005802187950133242,0.8722099722505859,0.0066522834348725765
NFLX,LONG,2026-09-25 09:30:00,2026-09-25 09:30:00,71.33499908447266,71.18507752053084,71.55988143038539,71.18507752053084,stop,-0.0028016550902914767,-1.3330708274795813,0.0021016550902914345
AVGO,LONG,2026-08-24 13:30:00,2026-08-25 09:30:00,359.69500732421875,357.4279405218254,363.09560752780874,357.4279405218254,stop,-0.007002747483925675,-1.1110626757275721,0.006302747483925668
AVGO,LONG,2026-08-24 09:30:00,2026-08-24 09:30:00,362.4800109863281,361.10684151751923,364.53976518954147,361.10684151751923,stop,-0.004488262599839443,-1.1847812767862687,0.003788262599839441
AVGO,LONG,2026-08-24 09:30:00,2026-08-24 09:30:00,364.239990234375,362.31683297259735,367.12472612704147,362.31683297259735,stop,-0.005979917947889734,-1.1325778178579102,0.005279917947889702
AVGO,SHORT,2026-08-27 15:30:00,2026-08-28 09:30:00,370.79998779296875,375.2938115128902,364.05925221308655,375.2938115128902,stop,-0.012819266094557046,-1.0577592730895198,0.012119266094556972
AVGO,SHORT,2026-08-27 09:30:00,2026-08-27 09:30:00,361.7650146484375,363.1473637163603,359.6914910465533,363.1473637163603,stop,-0.004521124243498675,-1.1831921590068615,0.0038211242434986895
AVGO,SHORT,2026-09-01 11:30:00,2026-09-02 11:30:00,369.4549865722656,372.9351111136281,364.2347997602219,369.05999755859375,zaman,0.00036911268768217217,0.03918552955518067,0.009419617187063694
AVGO,LONG,2026-09-03 09:30:00,2026-09-03 09:30:00,351.614990234375,361.84222725060795,,351.614990234375,stop,-0.0007,-0.09772832981951868,0.007162713220339853
AVGO,SHORT,2026-09-02 10:30:00,2026-09-02 12:30:00,369.9254150390625,371.5696866810426,367.4590075760924,367.4590075760924,hedef,0.006467310119013226,1.455004342884164,0.004444873412675513
AVGO,SHORT,2026-09-10 10:30:00,2026-09-10 14:30:00,364.04998779296875,365.5446429899525,361.8080049974932,361.8080049974932,hedef,0.005958447660079447,1.4512864253203277,0.0041056317733863595
AVGO,LONG,2026-09-14 09:30:00,2026-09-14 09:30:00,349.4599914550781,357.64503356220723,,349.4599914550781,stop,-0.0007,-0.09772832981951868,0.007162713220339853
AVGO,SHORT,2026-09-17 09:30:00,2026-09-17 09:30:00,346.07000732421875,344.29064221719227,,346.07000732421875,stop,-0.0007,-0.09772832981951868,0.007162713220339853
AVGO,SHORT,2026-09-21 09:30:00,2026-09-21 14:30:00,358.8599853515625,363.4403283946369,351.98947078695096,363.4403283946369,stop,-0.013463593685674256,-1.0548434882242934,0.012763593685674311
AVGO,LONG,2026-09-23 09:30:00,2026-09-24 09:30:00,355.4313049316406,353.3597046126093,358.5387054101876,349.2099914550781,stop,-0.018203560857586863,-3.123245024909039,0.005828412664522541
AVGO,SHORT,2026-09-25 13:30:00,2026-09-25 14:30:00,353.42999267578125,354.5685632712777,351.7221367825366,351.7221367825366,hedef,0.004632232489140665,1.4379168943807585,0.0032214883260937997
AVGO,SHORT,2026-09-29 09:30:00,2026-09-29 09:30:00,357.0799865722656,355.9749448369888,,357.0799865722656,stop,-0.0007,-0.09772832981951868,0.007162713220339853
AVGO,LONG,2026-10-01 09:30:00,2026-10-01 09:30:00,349.9200134277344,347.1959133230978,354.00616358468926,347.1959133230978,stop,-0.008484922268240568,-1.0899174039098345,0.00778492226824052
AVGO,LONG,2026-10-01 09:30:00,2026-10-01 09:30:00,349.57000732421875,348.62590599887903,350.9861593122283,348.62590599887903,stop,-0.0034007503663324385,-1.259187227640957,0.0027007503663324353
AVGO,SHORT,2026-10-02 09:30:00,2026-10-02 09:30:00,353.5950012207031,354.5900781013538,352.1023858997271,354.5900781013538,stop,-0.0035141712332341308,-1.2487410828926546,0.0028141712332341185
AVGO,LONG,2026-10-01 14:30:00,2026-10-01 15:30:00,347.4800109863281,345.9481210059656,349.7778459568719,345.9481210059656,stop,-0.00510857008152562,-1.1587816428128102,0.004408570081525584
