ticker,yon,entry_time,exit_time,entry,stop,target,exit_px,reason,net,R,risk_pct,ml_olasilik
AAPL,LONG,2019-05-10,2019-05-10,47.18262360795609,46.44120968770541,49.406865368708125,46.44120968770541,stop,-0.016913706944555316,-1.0763664490011249,0.01571370694455531,0.436233048555352
AAPL,LONG,2019-05-10,2019-05-10,47.18262360795609,47.13163399968607,47.335592432766134,47.13163399968607,stop,-0.002280686158821731,-2.110405634609297,0.0010806861588217652,0.39026310836848915
MSFT,LONG,2019-08-29,2019-09-26,129.05568024793214,123.69017189355296,145.1522053110697,131.20887756347656,zaman,0.015484250638234977,0.37244010581325576,0.04157514294660548,0.3841817421846753
AMZN,LONG,2019-01-29,2019-01-29,81.5634994506836,79.83869550284867,86.73791129418838,79.83869550284867,stop,-0.022346762454421264,-1.0567462751135728,0.021146762454421302,0.5486464860563938
META,LONG,2019-05-24,2019-06-03,180.60027165643046,175.32777155679506,196.4177719553367,173.339817660485,stop,-0.041401788897403,-1.4181458853742295,0.029194308797418,0.38894829533629444
TSLA,LONG,2019-02-19,2019-02-21,20.437332153320312,19.701714188052513,22.64418604912371,19.701714188052513,stop,-0.037193835190875844,-1.0333390424675881,0.035993835190875866,0.3757945876210046
AMD,LONG,2019-08-28,2019-09-25,29.920000076293945,28.820712044920736,33.21786417041358,28.820712044920736,stop,-0.03794091004579216,-1.032661139816744,0.03674091004579213,0.4444624369488588
ADBE,LONG,2019-09-03,2019-09-10,284.25,274.95970355939176,312.12088932182473,274.95970355939176,stop,-0.0338835406881556,-1.036715728306475,0.032683540688155654,0.4198942000285571
ADBE,LONG,2019-10-22,2019-10-22,268.489990234375,262.22521336567195,287.28432084048416,262.22521336567195,stop,-0.02453337217985032,-1.0514284858078191,0.023333372179850327,0.3977376126250765
TMUS,LONG,2019-08-15,2019-09-12,72.70815512849535,71.14986083547018,77.38303800757086,75.76976013183594,zaman,0.040908137635040955,1.9087249632495145,0.021432180341685675,0.39809198977501703
INTU,LONG,2019-05-06,2019-05-13,231.63266888707588,224.80043726878628,252.12936374194467,224.80043726878628,stop,-0.030695975896303372,-1.0406835157520742,0.029495975896303317,0.42582997102191855
BKNG,LONG,2019-03-11,2019-04-05,67.27266268886886,65.5944098337833,72.30742125412554,69.1388168334961,zaman,0.026540155808282152,1.063860516602288,0.02494702584982189,0.3718820085790227
AMAT,LONG,2019-02-25,2019-02-28,37.09879780753559,35.42219332116191,42.12861126665662,35.42219332116191,stop,-0.046392960027214734,-1.0265528082090085,0.045192960027214714,0.456844710370356
PDD,LONG,2019-03-08,2019-03-08,28.010000228881836,27.78189902577405,28.694303838205197,28.694303838205197,hedef,0.023730689172853182,2.9140425394821134,0.00814356305761776,0.4404934283023901
PDD,LONG,2019-10-08,2019-10-22,31.0,29.65961483420782,35.02115549737654,35.02115549737654,hedef,0.1290146934637594,2.9838106235776065,0.04323823115458649,0.4879248127392597
GILD,LONG,2019-08-06,2019-08-23,48.52887248015686,47.78981298049159,50.746050979152685,47.78981298049159,stop,-0.016429274077354082,-1.078795613888414,0.01522927407735406,0.39995397917667763
LRCX,LONG,2019-05-10,2019-05-13,18.03093113120834,17.54075606010586,19.501456344515784,17.501234763644018,stop,-0.030577094488898136,-1.124768511139778,0.027185233393414443,0.3700880814364614
MDLZ,LONG,2019-10-31,2019-11-05,43.66205731737347,42.98287018886412,45.69961870290151,42.98287018886412,stop,-0.01675554571266371,-1.0771429059555937,0.015555545712663751,0.4061570585748221
REGN,LONG,2019-05-03,2019-05-07,333.82972506793107,323.1961122685883,365.73056346595934,323.1961122685883,stop,-0.03305340309997531,-1.037672583875375,0.03185340309997536,0.38525958582328057
CRWD,LONG,2019-08-09,2019-08-30,22.5625,20.265294696496905,29.454115910509284,20.265294696496905,stop,-0.10301519350706237,-1.011786060200502,0.10181519350706236,0.5754109900375244
CRWD,LONG,2019-11-11,2019-11-15,11.625,10.92193597016484,13.734192089505479,13.734192089505479,hedef,0.18073587866713794,2.9884256630197568,0.06047862622237932,0.665953054439755
CRWD,LONG,2019-11-07,2019-11-08,12.0649995803833,11.32098578499849,14.297040966537734,11.255000114440918,stop,-0.06833630286895123,-1.1081480888568942,0.061667121530158735,0.5224272129436462
AEP,LONG,2019-04-23,2019-05-13,63.9240257641103,63.07242702573241,66.47882197924396,66.47882197924396,hedef,0.03926613455731435,2.9474555139429723,0.013322044852438127,0.3887060139673531
TTD,LONG,2019-10-25,2019-11-14,19.538999557495117,18.360825208247,23.073522605239468,23.073522605239468,hedef,0.18019580468763122,2.988391107225364,0.06029860156254376,0.4333655107177402
CTSH,LONG,2019-08-15,2019-09-12,54.138599839276445,52.1331906216628,60.154827492117384,57.97175598144531,zaman,0.06960264642138,1.8790129162993117,0.037042133035711855,0.3792625244543791
XEL,LONG,2019-04-11,2019-04-22,44.17142099378097,43.465227858566635,46.290000399423974,43.42248943054466,stop,-0.018155115918542818,-1.1355778305398785,0.01598755755024865,0.37147039700831447
EXC,LONG,2019-04-08,2019-04-12,27.28141700910621,26.96145738619249,28.241295877847374,26.96145738619249,stop,-0.012928115984845022,-1.10231822413341,0.01172811598484502,0.3815493484844476
KHC,LONG,2019-03-11,2019-04-05,21.921439002704194,21.303682903409367,23.774707300588673,22.73004150390625,zaman,0.035686378722779556,1.2663521659953025,0.028180453811386248,0.4948648147800507
DDOG,LONG,2019-12-03,2019-12-04,37.58000183105469,36.85439992429019,39.756807551348174,36.85439992429019,stop,-0.020508192427092585,-1.0621497845813987,0.019308192427092585,0.45852102536025124
TEAM,LONG,2019-04-24,2019-05-21,107.5199966430664,98.73266666794129,133.88198656844176,125.54000091552734,zaman,0.16639677115952542,2.035997319678953,0.08172740187387072,0.3646432669740983
AZN,LONG,2019-07-23,2019-07-25,69.1014331530625,67.50108389640569,73.90248092303294,73.90248092303294,hedef,0.06877826623705366,2.9697747207330307,0.023159422079017864,0.5445232017006024
ZS,LONG,2019-01-31,2019-02-28,45.369998931884766,42.087436476200665,55.21768629893707,49.68000030517578,zaman,0.09379672635570788,1.296413223518051,0.07235094848938177,0.5425517889371323
ZS,LONG,2019-03-01,2019-03-28,57.4900016784668,48.419637608033945,84.70109388976536,71.05000305175781,zaman,0.23466712432415857,1.487372862491179,0.15777289625354468,0.4505802665696801
ZS,LONG,2019-07-18,2019-07-26,81.83000183105469,79.69163149298787,88.24511284525515,88.24511284525515,hedef,0.07769558683433778,2.973212777851418,0.026131862278112573,0.46686867974155105
ZS,LONG,2019-09-18,2019-10-15,50.75,45.028317090906256,67.91504872728123,46.3849983215332,zaman,-0.0872098852899861,-0.7735314502368696,0.1127425203762314,0.5904293922321593
ON,LONG,2019-08-07,2019-08-09,17.350000381469727,17.104295857294233,18.08711395399621,17.104295857294233,stop,-0.015361643733328843,-1.084735926323004,0.014161643733328858,0.3714144593560186
DXCM,LONG,2019-04-04,2019-04-17,29.612499237060547,27.79518905498924,35.06442978327446,27.79518905498924,stop,-0.0625696995826989,-1.0195536235008438,0.06136969958269891,0.4127537198552969
BIIB,LONG,2019-04-12,2019-04-17,235.0,226.2392935011517,261.28211949654485,226.2392935011517,stop,-0.038479602122758715,-1.0321891847463531,0.037279602122758694,0.5044592869074234
MDB,LONG,2019-08-22,2019-09-09,148.11000061035156,136.6548579957718,182.47542845409083,136.6548579957718,stop,-0.078542127927715,-1.0155154769095769,0.077342127927715,0.461125458854434
MDB,LONG,2019-10-22,2019-11-18,119.05999755859375,110.46583246846114,144.84249282899157,137.08999633789062,zaman,0.1502362434823977,2.081310586267848,0.07218348115539902,0.5424841325674399
MDB,LONG,2019-12-12,2020-01-09,127.12999725341797,119.90780143625855,148.79658470489622,148.79658470489622,hedef,0.16972860001238402,2.9876781244471444,0.05680953333746134,0.5681531938701581
AXON,LONG,2019-03-18,2019-03-22,48.119998931884766,45.82012579832931,55.01961833255114,55.01961833255114,hedef,0.1426836150003449,2.9853539750689433,0.04779453833344831,0.41490670032183097
SHOP,LONG,2019-03-11,2019-04-05,19.099000930786133,18.084103707317738,22.14369260119132,19.665000915527344,zaman,0.028435057184004943,0.5351095372675234,0.0531387598307542,0.41675265894411995
SHOP,LONG,2019-08-06,2019-08-21,32.74100112915039,30.685350057754228,38.90795434333888,38.90795434333888,hedef,0.18765567030654565,2.988850879845655,0.06278522343551521,0.391531435825881
SHOP,LONG,2019-11-05,2019-11-05,30.80900001525879,29.452974333695195,34.87707705994957,29.452974333695195,stop,-0.045213946603005394,-1.0272640854232786,0.04401394660300543,0.5185947125427787
AAPL,LONG,2020-09-15,2020-09-17,114.6780774740645,106.14733771543541,140.27029674995174,106.14733771543541,stop,-0.07558858364676016,-1.016131507567053,0.0743885836467601,0.5621733446019269
MSFT,LONG,2020-07-31,2020-08-27,193.9158251459421,186.14932046414438,217.2153391913353,217.2153391913353,hedef,0.11945272104717511,2.982522243510609,0.040050907015725064,0.47119762762448847
AMZN,LONG,2020-10-30,2020-10-30,157.8874969482422,156.68209888092298,161.5036911501998,156.68209888092298,stop,-0.008834537823564047,-1.157180438126351,0.0076345378235640506,0.4719142926478939
AMZN,LONG,2020-10-30,2020-10-30,157.8874969482422,154.7790990029933,167.21269078398888,154.7790990029933,stop,-0.020887423040646967,-1.0609526192190057,0.019687423040646936,0.4857238201603457
AMZN,LONG,2021-01-20,2021-02-17,159.09950256347656,153.48782656797275,175.934530549988,165.4320068359375,zaman,0.038602162611630055,1.0944296987754696,0.03527148674311476,0.49204972511303324
META,LONG,2020-07-31,2020-08-27,253.393085890343,222.9865654467298,344.6126472211826,290.4382629394531,zaman,0.1449964793512227,1.208329819065472,0.1199974353553268,0.4772163202700067
META,LONG,2020-09-28,2020-10-23,256.9391475235599,239.38843977377937,309.59127077290145,282.0882568359375,zaman,0.09667963241401964,1.4153721143046203,0.06830686533733134,0.4882505984815218
META,LONG,2020-11-20,2020-12-18,269.9742408194019,259.2775822740926,302.0642164553299,273.7778015136719,zaman,0.012888605945240307,0.3252970626806202,0.039621033891395645,0.47756619354466734
COST,LONG,2020-04-01,2020-04-06,257.55786472267533,250.89958242189104,277.53271162502824,277.53271162502824,hedef,0.0768547930709115,2.9729223698904126,0.025851597690303804,0.49637319892867715
COST,LONG,2020-06-25,2020-07-06,271.5857459441664,267.4819494756745,283.8971353496419,283.8971353496419,hedef,0.044631500600943154,2.953674597748567,0.01511050020031436,0.5611804101939422
COST,LONG,2021-01-21,2021-02-01,340.35101142006715,329.6178483923878,372.5505005031051,329.6178483923878,stop,-0.03273556965468296,-1.0380522696478958,0.03153556965468297,0.6252414449973103
NFLX,LONG,2020-03-09,2020-03-09,34.38600158691406,35.30665774628774,,34.38600158691406,stop,-0.0012000000000000001,-0.041496585888934415,0.028918041672435398,0.46945784883483016
AMD,LONG,2020-09-16,2020-09-17,79.3499984741211,75.27583411029484,91.57249156559986,74.87999725341797,stop,-0.057532719680655785,-1.1205294659699592,0.05134422737455992,0.464879302959623
PEP,LONG,2020-08-10,2020-08-11,111.78149277836536,110.41734460488418,115.87393729880891,110.41734460488418,stop,-0.013403703310582403,-1.098330807416417,0.01220370331058243,0.5427375035261722
ADBE,LONG,2020-04-06,2020-05-04,306.55999755859375,249.60776634722154,477.41669119271035,349.1099853515625,zaman,0.13759823894778064,0.7406578267205012,0.18577841748738516,0.46495394390062694
TMUS,LONG,2020-03-06,2020-03-06,81.86442068377225,82.47122574591313,,81.86442068377225,stop,-0.0012000000000000001,-0.05489881474668235,0.021858395405021356,0.4889208840277755
CMCSA,LONG,2020-01-31,2020-02-26,34.06333724810024,32.8970519351853,37.56219318684505,32.8970519351853,stop,-0.035438727239797484,-1.0350480317681088,0.03423872723979745,0.5041761745492197
CMCSA,LONG,2020-03-09,2020-03-09,29.469565648348592,29.81480053764428,,29.469565648348592,stop,-0.0012000000000000001,-0.05428776863095228,0.02210442665561719,0.5025031527386259
CMCSA,LONG,2020-04-03,2020-05-01,26.499010904173304,24.000411284296465,33.994809763803815,28.737051010131836,zaman,0.08325749594397366,0.8829911264383661,0.09429029743458599,0.4517777264753294
CMCSA,LONG,2020-04-21,2020-04-21,28.5583118657059,28.06046748738754,30.051845000660975,28.06046748738754,stop,-0.018632556261009035,-1.0688367203313758,0.017432556261008987,0.4507021548771999
CMCSA,LONG,2020-08-07,2020-09-02,33.293207742819725,32.608059383175494,35.34865282175242,35.34865282175242,hedef,0.06103767018217058,2.965985110973519,0.02057922339405686,0.5320418057598114
CMCSA,LONG,2021-01-25,2021-01-28,38.27875994766804,37.79208218416999,39.738793238162195,39.738793238162195,hedef,0.03744212614228363,2.9449427650633173,0.012714042047427909,0.5385748916431783
BKNG,LONG,2020-02-04,2020-02-14,72.56206196000569,71.0157158607586,77.20110025774696,78.08630189892594,hedef,0.07543124254882763,3.5395998982460997,0.021310669204789055,0.44694693176164396
BKNG,LONG,2020-01-31,2020-01-31,72.90866189042761,72.02860711690936,75.54882621098237,72.02860711690936,stop,-0.013270647721403316,-1.0994147147441158,0.012070647721403297,0.4992928263397262
PDD,LONG,2020-04-03,2020-04-14,36.400001525878906,34.210496782836316,42.96851575500668,42.96851575500668,hedef,0.17975368004882722,2.988362664593864,0.06015122668294238,0.506468332994162
PDD,LONG,2020-09-16,2020-09-18,82.91999816894531,78.37977827363694,96.54065785487042,78.37977827363694,stop,-0.055954220882372695,-1.0219161186235846,0.05475422088237266,0.458243402771158
VRTX,LONG,2020-10-06,2020-10-15,269.8900146484375,255.5187674784804,313.00375615830876,227.5500030517578,stop,-0.15807876282430225,-2.9686970872956744,0.05324853232779758,0.4447188616340378
ADP,LONG,2020-05-26,2020-06-22,119.51429006703565,112.09496129603909,141.77227638002532,131.08700561523438,zaman,0.09563122864811877,1.5404760663521726,0.0620790096885908,0.4491442052926937
GILD,LONG,2020-03-02,2020-03-16,54.78632190946883,50.938181655209725,66.33074267224615,50.938181655209725,stop,-0.07143906917164347,-1.0170845088659641,0.07023906917164346,0.5221585171762231
GILD,LONG,2020-03-30,2020-04-27,59.25187070717528,53.174157477685895,77.48501039564343,62.829803466796875,zaman,0.05918514424808383,0.5769983515769808,0.10257419988519256,0.6293004059777136
GILD,LONG,2020-05-08,2020-05-19,61.14701940565115,57.75541038860002,71.32184645680454,57.75541038860002,stop,-0.05666646508722031,-1.0216346940103906,0.055466465087220286,0.46251581609582765
GILD,LONG,2020-07-10,2020-07-24,60.374342381099225,58.10133902513679,67.19335244898653,58.10133902513679,stop,-0.03884849878802201,-1.0318737808579457,0.03764849878802196,0.502239859972463
SBUX,LONG,2020-09-28,2020-10-23,74.69747892447192,70.94562094289817,85.95305286919317,79.30931854248047,zaman,0.060540231188681216,1.2053235131790077,0.05022737093131786,0.47654926215917304
ADI,LONG,2020-07-21,2020-07-23,105.51343107736822,101.6246930053957,117.1796452932858,101.6246930053957,stop,-0.038055384497174514,-1.0325596928745113,0.03685538449717449,0.44598914732088946
MELI,LONG,2020-05-04,2020-05-06,596.2999877929688,544.5670389165864,751.4988344221158,751.4988344221158,hedef,0.2595697464468691,2.9919314479355807,0.08675658214895633,0.47582801643039363
MELI,LONG,2020-09-18,2020-10-07,987.030029296875,939.3308324451683,1130.127619851995,1130.127619851995,hedef,0.14427795032341365,2.985515038698533,0.04832598344113795,0.5574393240150692
MELI,LONG,2020-09-16,2020-09-17,1035.0,986.8737223504245,1179.3788329487265,979.989990234375,stop,-0.05434976788949277,-1.1688418991224678,0.04649881898509711,0.5893429100103587
KLAC,LONG,2020-06-03,2020-06-30,16.745928268085006,15.577757498893622,20.25044057565916,18.210405349731445,zaman,0.08625272631063949,1.2364476203462513,0.06975849594541297,0.4764419619248597
MDLZ,LONG,2020-03-02,2020-03-02,44.215967629488134,43.68845231905141,45.79851356079831,45.79851356079831,hedef,0.035091276684732366,2.9413264852634957,0.01193042556157745,0.5484565137388846
MDLZ,LONG,2020-06-26,2020-07-15,42.85796684807872,42.02492337687066,45.35709726170289,45.35709726170289,hedef,0.057611921853012595,2.963986781205847,0.019437307284337544,0.4967573991561648
MDLZ,LONG,2020-08-07,2020-09-02,47.14074390013162,46.16923347890127,50.055275163822664,50.055275163822664,hedef,0.061126161883773435,2.966033796438019,0.020608720627924505,0.46438438604374926
SNPS,LONG,2020-10-23,2020-10-26,226.14999389648438,220.75127245640869,242.34615821671144,220.75127245640869,stop,-0.025072304159985313,-1.0502674560427003,0.02387230415998528,0.4884668453317117
CDNS,LONG,2020-02-28,2020-02-28,63.5099983215332,64.54086633436238,,63.5099983215332,stop,-0.0012000000000000001,-0.04438147586449476,0.027038307686383226,0.5339743017034809
PYPL,LONG,2020-09-08,2020-09-08,182.66294091153185,182.66900237592705,,182.66294091153185,stop,-0.0012000000000000001,-0.037622706751306904,0.03189563175058678,0.43469830388645414
CRWD,LONG,2020-03-06,2020-03-06,13.5600004196167,13.378116115448845,14.10565333212026,13.378116115448845,stop,-0.01461329635246391,-1.0894634673287877,0.013413296352463907,0.5793691693385108
CRWD,LONG,2020-05-28,2020-06-02,19.549999237060547,18.018602736229848,24.144188739552643,24.147499084472656,hedef,0.23446624178157097,2.9932253635552244,0.07833230488969332,0.5073724000561791
CRWD,LONG,2020-06-15,2020-06-25,23.162500381469727,21.88210203869984,27.003695409779382,27.003695409779382,hedef,0.1651368036717943,2.9873369484125125,0.05527893455726477,0.5188049404035752
CRWD,LONG,2020-07-27,2020-08-21,25.329999923706055,23.200309713749657,31.719070553575246,28.0049991607666,zaman,0.10440597098766843,1.241778369825085,0.08407778193332108,0.4816245978728253
CRWD,LONG,2020-07-24,2020-07-24,24.774999618530273,24.303458611243812,26.189622640389658,24.303458611243812,stop,-0.020232937015013185,-1.0630485982827285,0.019032937015013147,0.5236749665589031
CRWD,LONG,2020-11-11,2020-12-07,32.03324890136719,28.367322032837453,43.031029506956386,43.031029506956386,hedef,0.3426239207004011,2.993883327454387,0.11444130690013374,0.5099510077471521
MRVL,LONG,2020-08-24,2020-09-02,33.56194651800925,31.590112586375525,39.477448312910425,39.477448312910425,hedef,0.17555621898083099,2.9880855267851385,0.058752072993610314,0.6131685659761384
ORLY,LONG,2020-07-13,2020-07-30,28.224000930786133,27.11181693653997,31.56055291352462,32.0,hedef,0.13308681068193598,3.377356883388973,0.039405610741495414,0.43521690261408796
ORLY,LONG,2020-11-19,2020-11-25,30.118000030517578,29.275200562482368,32.64639843462321,29.275200562482368,stop,-0.0291832481300627,-1.0428827988238722,0.02798324813006272,0.559952850645353
ORLY,LONG,2020-12-10,2021-01-07,29.488666534423828,28.852933813191463,31.395864698120924,31.395864698120924,hedef,0.06397563263570141,2.9675302750909527,0.02155854421190045,0.49807955259894404
CSX,LONG,2020-03-02,2020-03-03,21.506001027986976,21.027821100951776,22.940540809092575,21.027821100951776,stop,-0.02343472073738475,-1.053969645680432,0.022234720737384743,0.4788987492561187
ASML,LONG,2020-07-30,2020-07-30,337.22179125199193,336.61335347704835,339.0471045768227,336.61335347704835,stop,-0.0030042658888818287,-1.6650904433734899,0.001804265888881781,0.43662684273508506
ASML,LONG,2020-09-08,2020-09-08,327.2904787322141,338.0287256557662,,327.2904787322141,stop,-0.0012000000000000001,-0.04624789112918082,0.02594712906255831,0.47982008825252986
WDAY,LONG,2020-08-11,2020-08-18,178.85000610351562,175.35026728832392,189.34922254909074,189.34922254909074,hedef,0.05800403179912853,2.9642273292712544,0.019568010599709515,0.4343653004816367
CHTR,LONG,2020-03-09,2020-03-09,466.5799865722656,474.85354987633326,,466.5799865722656,stop,-0.0012000000000000001,-0.04210292465635046,0.028501582961149515,0.519628628446681
CHTR,LONG,2020-03-09,2020-03-09,466.5799865722656,481.9235266829739,,466.5799865722656,stop,-0.0012000000000000001,-0.04210292465635046,0.028501582961149515,0.7415912519168271
CHTR,LONG,2020-07-31,2020-08-27,594.3099975585938,551.6284196490982,722.3547312870804,614.2899780273438,zaman,0.032418785736109214,0.4514080644472441,0.07181702829302906,0.43597340811850727
AEP,LONG,2020-08-07,2020-08-21,68.02223882648282,62.986927989598975,83.12817133713435,62.986927989598975,stop,-0.07522447969594717,-1.016210853557215,0.07402447969594714,0.5417579284522551
AEP,LONG,2020-09-22,2020-10-02,63.759229588326676,62.34935394477843,67.98885651897142,67.98885651897142,hedef,0.06563748490930835,2.9683436898026705,0.022112494969769417,0.45232157038789467
AEP,LONG,2020-12-22,2021-01-07,66.70004170142168,65.39420650861284,70.61754727984821,65.39420650861284,stop,-0.02077772678245584,-1.061294143765219,0.019577726782455812,0.4554398973988677
CPRT,LONG,2020-09-18,2020-10-05,25.479999542236328,24.985896260822145,26.96230938647888,27.237499237060547,hedef,0.06827565645207093,3.5208503172970715,0.019391808881124375,0.44119318466037766
CPRT,LONG,2020-12-03,2020-12-03,27.987499237060547,27.791204876486116,28.57638231878384,28.57638231878384,hedef,0.020340932479723163,2.9001945373845244,0.007013644159907693,0.48071389712137713
TTD,LONG,2020-07-28,2020-08-24,43.00699996948242,40.253465827193985,51.26760239634773,46.66600036621094,zaman,0.08387918244297263,1.3100952486345652,0.06402525505713798,0.5540723538075759
ROST,LONG,2020-07-10,2020-07-14,79.76371509864238,75.86440503263807,91.46164529665529,75.86440503263807,stop,-0.05008576292092328,-1.0245470240884047,0.04888576292092333,0.5218837833154939
FANG,LONG,2020-02-03,2020-02-03,57.00810570333308,55.73036462805264,60.841328929174395,55.73036462805264,stop,-0.023613322798861767,-1.0535395849499347,0.0224133227988618,0.5685373800598437
FANG,LONG,2020-07-13,2020-08-07,30.51115187368396,27.366503940953745,39.94509567187461,32.77355194091797,zaman,0.0729499395565377,0.7078015512703629,0.1030655265244998,0.5160385857580663
FANG,LONG,2020-06-01,2020-06-03,32.99977986561456,31.701045374262605,36.89598333967044,36.89598333967044,hedef,0.11736755953895553,2.982213573243994,0.039355853179651845,0.6044648288882799
ODFL,LONG,2020-03-02,2020-03-09,62.30642217953563,59.61744632237825,70.37334975100777,59.61744632237825,stop,-0.04435728239713579,-1.0278052725599722,0.04315728239713574,0.4667341671370828
ODFL,LONG,2020-09-23,2020-10-08,87.83731117223013,85.20460831238124,95.7354197517768,95.7354197517768,hedef,0.08921746757889917,2.9766452497324054,0.02997248919296636,0.456500802036086
FAST,LONG,2020-03-03,2020-03-06,14.797059892660199,14.236619020930247,16.478382507850057,14.227940544213023,stop,-0.03966165066409424,-1.047168131237142,0.03787515059041885,0.43934800823951925
FAST,LONG,2020-03-09,2020-03-09,13.535655127683418,14.016992360172878,,13.535655127683418,stop,-0.0012000000000000001,-0.05176413346340982,0.02318207453135937,0.49853639791970256
FAST,LONG,2020-09-18,2020-09-21,19.071947761476487,18.571673080711154,20.572771803772486,18.571673080711154,stop,-0.02743091710516534,-1.0457475426874692,0.026230917105165324,0.535892121291606
BKR,LONG,2020-03-09,2020-03-09,11.216629688151734,13.041389505729642,,11.216629688151734,stop,-0.0012000000000000001,-0.03681027602957926,0.032599592544096334,0.4669146044476387
VRSK,LONG,2020-02-04,2020-02-27,159.26680825560533,153.9813607903106,175.12315065148954,153.9813607903106,stop,-0.034386120342238445,-1.0361596953070964,0.033186120342238466,0.5046571831439502
CTSH,LONG,2020-04-23,2020-05-13,47.15578219224966,44.81361911087452,54.18227143637508,44.81361911087452,stop,-0.050868629646018036,-1.02416011894333,0.04966862964601803,0.43461245536068444
CTSH,LONG,2020-12-11,2021-01-11,71.41630643065581,69.70011856454127,76.56487002899942,72.85263061523438,zaman,0.01891199201366165,0.786991123483235,0.02403075644609164,0.46110934349683447
XEL,LONG,2020-09-28,2020-10-23,57.048401820018896,54.08244438534581,65.94627412403815,59.21072006225586,zaman,0.03670322205797847,0.7059643323181157,0.05199019324030038,0.4729587005678319
XEL,LONG,2020-12-22,2021-01-12,54.09855588834028,53.072065623897124,57.17802668166974,53.072065623897124,stop,-0.020174448533558563,-1.0632429447357932,0.018974448533558567,0.4585575538957063
XEL,LONG,2020-12-29,2021-01-12,54.623953523901044,53.01532613376395,59.44983569431233,53.01532613376395,stop,-0.03064912051144799,-1.0407482457594461,0.029449120511447963,0.4667290387771036
EXC,LONG,2020-08-24,2020-09-18,21.209156976829153,20.34338534624523,23.806471868580918,20.34338534624523,stop,-0.04202065267986701,-1.0293968842049364,0.04082065267986704,0.5034394608289674
EXC,LONG,2020-08-05,2020-08-20,22.07180928048915,20.979132310712068,25.34984018982039,20.979132310712068,stop,-0.05070554600627943,-1.024239708412625,0.04950554600627943,0.5698659063011051
EXC,LONG,2020-09-02,2020-09-10,21.18611029165579,20.60215654862479,22.93797152074879,20.60215654862479,stop,-0.028763046495655774,-1.0435365517447117,0.02756304649565576,0.49386227693266693
CCEP,LONG,2020-10-19,2020-10-21,32.11193364796909,31.06282921016669,35.259246961376284,31.06282921016669,stop,-0.033870235598495245,-1.036730680939908,0.032670235598495294,0.483963583864641
DDOG,LONG,2020-04-03,2020-04-20,34.5,32.39357319784619,40.81928040646144,40.81928040646144,hedef,0.18246754801337497,2.988535087013084,0.06105584933779167,0.5560341379839148
DDOG,LONG,2020-07-15,2020-08-07,88.97000122070312,78.74693445891914,119.63920150605507,78.74693445891914,stop,-0.11610464899988218,-1.0104434416748553,0.11490464899988219,0.5451862695597169
DDOG,LONG,2020-07-28,2020-08-07,87.72000122070312,81.72605275589868,105.70184661511647,81.72605275589868,stop,-0.06953046490416362,-1.0175617127979888,0.06833046490416364,0.5822724865230078
DDOG,LONG,2020-11-12,2020-12-10,88.08000183105469,78.62845037706613,116.43465619302036,101.52999877929688,zaman,0.15150205118796975,1.411863545472592,0.10730644025323112,0.5178481663227389
DDOG,LONG,2020-11-13,2020-11-13,87.88999938964844,84.91374273120148,96.81876936498931,84.91374273120148,stop,-0.035063427911202115,-1.035436459744911,0.0338634279112021,0.5561247377025629
DDOG,LONG,2021-01-08,2021-02-05,97.55000305175781,88.93408863946135,123.3977462886472,114.9000015258789,zaman,0.1766574877636403,2.0001287902610163,0.08832305630708237,0.44096905797592334
TEAM,LONG,2020-03-13,2020-03-16,129.25999450683594,115.14572678676893,171.60279766703695,115.14572678676893,stop,-0.11039285409160818,-1.010989730142902,0.10919285409160813,0.5010650480900434
TEAM,LONG,2020-11-02,2020-11-02,191.6199951171875,183.0617748986297,217.29465577286092,183.0617748986297,stop,-0.045862459224695916,-1.026868202531412,0.04466245922469586,0.4667168551433811
AZN,LONG,2020-09-14,2020-10-09,95.77473803626253,92.29615467532129,106.21048811908626,96.64012908935547,zaman,0.00783569219646716,0.2157376407522306,0.03632046855219976,0.5433305909806274
ZS,LONG,2020-09-16,2020-09-17,133.0,125.52596420575092,155.42210738274724,125.52596420575092,stop,-0.057395757851496775,-1.0213539250270651,0.05619575785149681,0.5367408391917319
ZS,LONG,2020-11-11,2020-12-03,133.0399932861328,122.14816986389175,165.715463552856,165.715463552856,hedef,0.24490637338914426,2.99144973328248,0.08186879112971475,0.45186192902997396
ON,LONG,2020-02-24,2020-02-25,19.290000915527344,19.073909673686764,19.938274641049084,19.073909673686764,stop,-0.01240224113969015,-1.107121421958004,0.011202241139690096,0.5003778980694153
TTWO,LONG,2020-04-24,2020-04-29,125.44000244140625,119.66332542105125,142.77003350247122,119.66332542105125,stop,-0.04725131463588197,-1.0260578880209652,0.04605131463588192,0.4795842622610091
CDW,LONG,2020-09-02,2020-09-11,105.3172386613164,101.0916168481596,117.99410410078677,100.99104956262227,stop,-0.042277692063371196,-1.0537075919156547,0.04012279344643401,0.46236073368665787
DXCM,LONG,2020-03-13,2020-03-16,64.08000183105469,52.26761015041767,99.51717687296575,52.26761015041767,stop,-0.18553819199600044,-1.0065097741656597,0.18433819199600046,0.5264945502938542
DXCM,LONG,2020-06-08,2020-07-06,90.5625,82.78464750007291,113.89605749978128,105.79499816894531,zaman,0.1669987375452898,1.9444728694825562,0.08588380952300448,0.45872861119150093
DXCM,LONG,2020-09-08,2020-09-17,97.72250366210938,94.01209575718114,108.85372737689407,94.01209575718114,stop,-0.039168817476858096,-1.03160488210441,0.03796881747685814,0.5371035707231507
DXCM,LONG,2020-07-31,2020-08-27,108.69499969482422,99.45546697391879,136.4135978575405,106.9375,zaman,-0.017369094252344917,-0.2043321617538463,0.08500421129625702,0.5866543505087602
DXCM,LONG,2020-09-15,2020-10-12,99.6449966430664,93.1316943740003,119.18490345026471,98.54499816894531,zaman,-0.01223917418012812,-0.18724333981626154,0.06536507088657037,0.5506754204974589
DXCM,LONG,2020-09-24,2020-09-30,95.25,92.80660416339512,102.58018750981464,102.58018750981464,hedef,0.07625734918440555,2.9727121578087603,0.025652449728135206,0.4404589986917346
BIIB,LONG,2020-05-04,2020-05-11,294.05999755859375,285.63563554515497,319.3330835989101,319.3330835989101,hedef,0.08524533853684227,2.975565865051544,0.028648446178947413,0.4464315041834194
MDB,LONG,2020-06-16,2020-07-14,203.44000244140625,187.76524278360637,250.4642814148059,209.9499969482422,zaman,0.03079957937825393,0.39974242927471754,0.07704856208067755,0.4565646710512425
MDB,LONG,2020-07-27,2020-08-07,209.90499877929688,196.9866515269134,248.66004053644733,196.9866515269134,stop,-0.06274378088902202,-1.019498314576478,0.06154378088902203,0.5565831801587964
MDB,LONG,2020-09-14,2020-10-07,210.77000427246094,198.21477195960543,248.43570121102746,248.9600067138672,hedef,0.18049277727981763,3.030008723889816,0.05956840185202751,0.5580356751063569
MCHP,LONG,2020-05-15,2020-05-26,36.345939210102685,34.76143144748055,41.0994624979691,41.0994624979691,hedef,0.13008554004033349,2.9839431790444677,0.04359518001344452,0.43966940578754216
MCHP,LONG,2020-09-28,2020-10-23,44.81902695759086,42.25451364890754,52.51256688364081,49.87675476074219,zaman,0.1116477824370686,1.9512259709704385,0.057219299096116887,0.49735861553008687
AXON,LONG,2020-08-19,2020-08-25,79.7300033569336,77.455058165651,86.55483893078139,86.55483893078139,hedef,0.0848993388498244,2.9754671002344524,0.028533112949941455,0.5813223794659603
MSTR,LONG,2020-01-28,2020-01-29,14.302000045776367,14.064143846243537,15.015568644374857,15.699999809265137,hedef,0.09704854978423963,5.835409655846066,0.016630974602959342,0.45720320470464054
MSTR,LONG,2020-12-16,2021-01-04,31.270000457763672,26.91979377952195,44.32062049248884,44.32062049248884,hedef,0.4166527292509196,2.9949682849714,0.13911757641697312,0.546791290748467
SHOP,LONG,2020-07-28,2020-08-24,100.70899963378906,88.79961494036695,136.4371537140554,99.93199920654297,zaman,-0.008915302803836032,-0.07539022795212502,0.11825541646455172,0.49092340340019675
AAPL,LONG,2021-09-20,2021-09-20,140.2583908056045,138.12122675638702,146.66988295325697,138.12122675638702,stop,-0.015937334728726237,-1.0459397927828127,0.015237334728726199,0.3667474572615751
AAPL,LONG,2021-10-29,2021-10-29,143.59412144965486,143.3668653600663,144.27588971842056,143.3668653600663,stop,-0.002282628085984972,-1.4423022731612314,0.0015826280859849984,0.40226347107301935
MSFT,LONG,2021-08-02,2021-08-20,274.1682434082031,270.0452965278797,286.53708404917336,287.64942035089217,hedef,0.04897118326726566,3.2564919422280383,0.015038017638625074,0.42509477940601376
MSFT,LONG,2021-09-28,2021-09-28,274.3790283203125,272.08145508029446,281.2717480403666,272.08145508029446,stop,-0.009073720302470854,-1.0835948628226093,0.0083737203024709,0.4921479964827807
NVDA,LONG,2021-05-19,2021-05-20,13.50153158198769,13.26932823829473,14.198141613066571,14.23400657092492,hedef,0.05405125175535062,3.142825899982757,0.017198296525317285,0.39359242326505556
NVDA,LONG,2021-08-11,2021-08-18,19.610150452043428,18.984361521028788,21.487517245087346,18.984361521028788,stop,-0.032611480360388044,-1.0219356793258911,0.0319114803603881,0.4050654416539338
NVDA,LONG,2021-08-17,2021-08-17,19.595222897143497,19.195475760251526,20.79446430781941,19.195475760251526,stop,-0.02110023423006043,-1.0343133315091304,0.020400234230060457,0.42674027085151023
NVDA,LONG,2021-12-01,2021-12-03,31.323039583883876,30.362770248648502,34.20384758959,30.362770248648502,stop,-0.03135696522407246,-1.0228333103059504,0.030656965224072488,0.5486630217661159
NVDA,LONG,2021-12-10,2021-12-14,29.752607234466886,27.50217681651469,36.50389848832347,27.50217681651469,stop,-0.07633809115004839,-1.0092545963198802,0.07563809115004838,0.4630809204312432
NVDA,LONG,2021-12-20,2021-12-21,27.188586061521594,26.688002779082606,28.69033590883856,28.69033590883856,hedef,0.05503456953292261,2.9891372376923764,0.018411523177640873,0.5366483924922352
NVDA,LONG,2022-01-14,2022-01-19,26.187875711062546,25.161436805020436,29.267192429188874,25.161436805020436,stop,-0.03989519541665273,-1.0178593318022497,0.03919519541665271,0.4799589492436721
AMZN,LONG,2021-08-19,2021-08-24,159.7010040283203,157.79561681495846,165.41716566840586,165.41716566840586,hedef,0.03559289732625535,2.9832368976858548,0.011930965775418417,0.366682863113912
AMZN,LONG,2021-08-09,2021-08-11,166.57400512695312,164.0566394169329,174.12610225701377,164.0566394169329,stop,-0.015812596398829558,-1.0463189766686398,0.015112596398829599,0.360868497762314
AMZN,LONG,2021-12-21,2022-01-06,167.5500030517578,163.9822807214042,178.25317004281862,163.45050048828125,stop,-0.025167338041230468,-1.1819270602246816,0.02129347815798905,0.3778634529519157
META,LONG,2021-08-19,2021-08-24,347.9078063964844,342.57207650048446,363.91499608448413,363.91499608448413,hedef,0.04580986064037205,2.986959317162694,0.01533662021345732,0.3780964247302939
META,LONG,2022-01-21,2022-01-24,303.92901611328125,294.0823879448997,333.46890061842583,294.0823879448997,stop,-0.03309778910978164,-1.0216064126359967,0.032397789109781694,0.3830626579718561
AVGO,LONG,2021-03-31,2021-04-05,41.02237489203981,40.12558209086519,43.712753295563665,43.712753295563665,hedef,0.06538319479562646,2.9908513148548272,0.021861064931875455,0.41048332993445613
AVGO,LONG,2021-05-10,2021-05-11,40.018821716308594,39.17655573397225,42.54561966331762,38.32097387426035,stop,-0.04312623268831347,-2.049068884940988,0.021046746161271918,0.37045724528397483
AVGO,LONG,2021-07-02,2021-07-06,41.79239273071289,41.31282396228949,43.231099035983085,43.231099035983085,hedef,0.03422507622237434,2.982570844691114,0.011475025407458114,0.3651170987569025
AVGO,LONG,2021-07-09,2021-08-06,42.54392623901367,41.18483014873304,46.62121450985556,44.11238479614258,zaman,0.036166803226322854,1.1321332021813781,0.031945713769931994,0.38229665337110424
AVGO,LONG,2021-08-17,2021-08-19,43.19729232788086,42.332675143956145,45.791143879655,42.332675143956145,stop,-0.02071554119091542,-1.0349728240332416,0.020015541190915434,0.4475851411230396
AVGO,LONG,2021-09-20,2021-10-01,44.786660270796226,44.15746747434963,46.67423866013601,44.15746747434963,stop,-0.014748665219560274,-1.0498267977106754,0.014048665219560245,0.36603020070654235
GOOGL,LONG,2021-03-25,2021-04-01,100.1143569946289,98.54853084715488,104.81183543705099,104.81183543705099,hedef,0.046721126833727734,2.987212583318252,0.015640375611242582,0.3717693418135608
GOOGL,LONG,2021-08-19,2021-08-23,133.16831623238994,131.57381639123219,137.9518157558632,137.9518157558632,hedef,0.03572070290297622,2.9832965406712475,0.011973567634325414,0.39075085205054433
GOOGL,LONG,2021-09-10,2021-09-10,141.73182815855947,140.6172845795914,145.07545889546367,140.6172845795914,stop,-0.008563749402295172,-1.089016061447195,0.007863749402295126,0.5335349060564214
GOOGL,LONG,2022-01-06,2022-01-10,135.7071485529665,133.40677996048265,142.608254330418,133.40677996048265,stop,-0.01765097581087268,-1.0412955577195178,0.01695097581087264,0.37086978959841765
GOOGL,LONG,2021-12-20,2021-12-20,138.6803545036419,139.0563122881339,,138.6803545036419,stop,-0.0007,-0.05124797710752984,0.013659075723735236,0.36386620082964855
GOOGL,LONG,2022-01-19,2022-01-21,133.80477279843086,131.0770833156134,141.98784124688322,131.0770833156134,stop,-0.02108559182733013,-1.0343379778192932,0.020385591827330102,0.44483127576817627
GOOG,LONG,2021-03-25,2021-04-01,100.85572814941406,99.30743895623978,105.50059572893691,105.50059572893691,hedef,0.04585457384276335,2.9869719780265824,0.015351524614254437,0.3717693418135608
GOOG,LONG,2021-05-10,2021-05-11,116.60802459716797,113.92247527304468,124.66467256953783,113.51781604777352,stop,-0.0272008223925397,-1.181074627124166,0.023030570438018635,0.394186204075365
GOOG,LONG,2021-06-29,2021-07-13,124.3452445191436,122.57036409393083,129.66988579478192,129.66988579478192,hedef,0.042621430736891265,2.985988324311569,0.014273810245630415,0.4170851869290063
GOOG,LONG,2021-08-19,2021-08-23,134.19644400444878,132.46360451503307,139.3949624726959,139.3949624726959,hedef,0.03853812385129072,2.9845113820611666,0.012912707950430223,0.42457397792795354
GOOG,LONG,2021-09-10,2021-09-10,142.79349943258188,141.72177014407538,146.0086872981014,141.72177014407538,stop,-0.008205448726764396,-1.0932655761811827,0.007505448726764391,0.5915972337065406
GOOG,LONG,2021-09-28,2021-09-28,137.69597367203934,135.22913676905796,145.0964843809835,135.22913676905796,stop,-0.018615098293700526,-1.039073187795243,0.017915098293700527,0.3626759681856486
TSLA,LONG,2021-02-23,2021-02-24,210.73333740234375,201.77559208034788,237.60657336833137,237.60657336833137,hedef,0.1273224712769567,2.9952949468905987,0.04250749042565225,0.39395332906399433
TSLA,LONG,2021-03-03,2021-03-04,220.7100067138672,202.77543632073028,274.5137178932779,202.77543632073028,stop,-0.08195852860123207,-1.0086144803757786,0.08125852860123212,0.6255003252878432
TSLA,LONG,2021-03-25,2021-03-25,204.3333282470703,204.42782929799824,,204.3333282470703,stop,-0.0007,-0.026429336377618268,0.026485719883333744,0.5891117943034067
TSLA,LONG,2021-04-27,2021-04-29,238.2100067138672,227.69384230793403,269.7584999316666,227.69384230793403,stop,-0.04484661059375624,-1.015856256926302,0.044146610593756234,0.47281180049625926
TSLA,LONG,2021-09-13,2021-09-13,244.0833282470703,239.76303490274682,257.0442082800408,239.76303490274682,stop,-0.018400075524823777,-1.0395478538505845,0.01770007552482374,0.3627968265012152
TSLA,LONG,2021-09-20,2021-10-15,244.85333251953125,234.68500309111025,275.3583208047943,275.3583208047943,hedef,0.12438473801997249,2.9951840007890547,0.0415282460066575,0.37464328848592515
TSLA,LONG,2021-12-03,2021-12-06,334.4366760253906,321.24930156762593,373.9987993986847,321.24930156762593,stop,-0.04013160365809728,-1.017752257962155,0.03943160365809729,0.4457189156105951
TSLA,LONG,2021-12-10,2021-12-14,333.836669921875,311.81276758986604,399.9083769179019,311.81276758986604,stop,-0.06667208849813597,-1.0106105478231104,0.06597208849813602,0.5411625564407331
COST,LONG,2021-02-22,2021-02-22,332.23549409019535,329.2587196435945,341.16581742999796,329.2587196435945,stop,-0.009659832707677972,-1.078126458700528,0.008959832707677933,0.38166887163126656
COST,LONG,2021-06-14,2021-06-22,359.1580505371094,356.04530966949625,368.49627313994876,368.49627313994876,hedef,0.025800315429027366,2.9769233568862776,0.008666771809675775,0.3690443914812895
COST,LONG,2021-09-20,2021-09-24,425.7987365722656,421.91204275005924,437.4588180388848,437.4588180388848,hedef,0.027184020818108424,2.9780894119243824,0.009128006939369443,0.4345908413291761
COST,LONG,2021-09-28,2021-10-01,427.5330810546875,421.47784365809486,445.69879324446543,421.47784365809486,stop,-0.014863202018554698,-1.049423851970973,0.014163202018554664,0.41335842132804024
NFLX,LONG,2021-08-03,2021-08-19,51.020999908447266,50.18835097405713,53.51894671161767,53.51894671161767,hedef,0.04875918950339584,2.9877448951650205,0.016319729834465252,0.36112978047190686
NFLX,LONG,2021-08-11,2021-08-19,51.082000732421875,50.28678036538067,53.467661833545485,53.467661833545485,hedef,0.046502577559954995,2.987152743352769,0.015567525853318326,0.43659309341883074
NFLX,LONG,2021-11-30,2021-11-30,65.40599822998047,64.20042479381851,69.02271853846634,64.20042479381851,stop,-0.01913215406518095,-1.0379771131211557,0.018432154065181,0.39321872874093655
AMD,LONG,2021-02-18,2021-02-22,87.83999633789062,86.12342156351309,92.98972066102323,86.12342156351309,stop,-0.020242063364557215,-1.035820168369198,0.019542063364557237,0.4550024830962246
AMD,LONG,2021-03-03,2021-03-04,83.4000015258789,78.52922014758101,98.01234566077258,78.52922014758101,stop,-0.059102653347512156,-1.0119857568085955,0.05840265334751217,0.5225399978058123
AMD,LONG,2021-08-16,2021-08-19,106.4800033569336,103.17766409637052,116.38702113862281,103.17766409637052,stop,-0.03171370357299149,-1.0225706677808593,0.031013703572991453,0.536118032278253
AMD,LONG,2021-09-13,2021-09-20,103.31999969482422,101.16733190102667,109.77800307621686,101.16733190102667,stop,-0.02153495741536845,-1.0335973808846675,0.020834957415368487,0.3559229492337381
AMD,LONG,2021-09-17,2021-09-20,104.80000305175781,101.85959708654633,113.62122094739226,101.58000183105469,stop,-0.0314252015929127,-1.1200362337050582,0.0280573080113299,0.4394222404912298
AMD,LONG,2021-12-01,2021-12-03,149.4600067138672,143.60740278973898,167.0178184862518,143.60740278973898,stop,-0.03985832772129257,-1.0178761464223443,0.0391583277212926,0.44436538406299947
AMD,LONG,2021-12-10,2021-12-14,139.05999755859375,132.35190783750792,159.18426672185123,131.6699981689453,stop,-0.05384252494887772,-1.1161659577098644,0.0482388166176929,0.4928717360712807
AMD,LONG,2022-01-05,2022-01-07,135.8000030517578,131.71822868130772,148.0453261631081,131.71822868130772,stop,-0.03075724800237597,-1.023288891915345,0.03005724800237592,0.36976608732429594
AMD,LONG,2022-01-19,2022-01-20,129.0800018310547,123.28649771601144,146.46051417618443,123.28649771601144,stop,-0.0455830495263397,-1.0155960882201018,0.04488304952633971,0.6182168694126438
PEP,LONG,2021-08-04,2021-09-01,131.0641632080078,129.67864184466487,135.22072729803665,133.36129760742188,zaman,0.016826792550976334,1.5917397908952862,0.010571321171478647,0.43217743138566456
PEP,LONG,2021-09-27,2021-09-28,130.5594482421875,129.22289152062325,134.56911840688025,129.22289152062325,stop,-0.010937150505453595,-1.0683784027232102,0.010237150505453577,0.37856404104261643
PEP,LONG,2021-11-24,2021-11-26,138.2804510973567,137.1015833149016,141.81705444472195,137.1015833149016,stop,-0.00922519479868563,-1.082109560723227,0.008525194798685616,0.46931423590690424
PEP,LONG,2022-01-18,2022-01-24,148.63173037211166,146.45000570677539,155.1769043681205,146.45000570677539,stop,-0.01537872748217458,-1.0476880574865957,0.014678727482174568,0.5197050433918556
ADBE,LONG,2021-08-02,2021-08-20,618.280029296875,608.2193344608775,648.4621138048676,648.4621138048676,hedef,0.04861620475808757,2.987708999440385,0.016272068252695848,0.35599939653039764
ADBE,LONG,2021-09-13,2021-09-13,660.1500244140625,654.1454836567385,678.1636466860344,654.1454836567385,stop,-0.009795721480361196,-1.0769592606272462,0.009095721480361233,0.3597998804779789
ADBE,LONG,2022-01-04,2022-01-05,545.6099853515625,532.8994578326276,583.7415679083672,532.8994578326276,stop,-0.023995995051749062,-1.0300480833055212,0.023295995051749094,0.44024946118487746
CSCO,LONG,2021-01-29,2021-02-04,38.21896434506369,37.60496521952857,40.06096172166904,40.06096172166904,hedef,0.047995899814937217,2.9875508082159685,0.01606529993831242,0.368177579182248
CSCO,LONG,2021-09-07,2021-09-09,51.08700281337746,50.575144657625806,52.62257728063242,50.575144657625806,stop,-0.010719342054993662,-1.0698648669900528,0.010019342054993685,0.42228817097346416
TMUS,LONG,2021-07-09,2021-07-13,137.572222741814,136.59906550204457,140.49169446112225,140.49169446112225,hedef,0.021021374934003335,2.9717266198883854,0.007073791644667797,0.4289179986902175
TMUS,LONG,2021-07-19,2021-07-19,138.7131478625844,136.91091733304742,144.11983945119536,136.91091733304742,stop,-0.013692499682310975,-1.053877238184814,0.012992499682310987,0.5058180606837079
TMUS,LONG,2021-08-05,2021-08-16,135.79415322854646,133.72882935886082,141.9901248376034,133.72882935886082,stop,-0.01590922529123636,-1.0460246979445618,0.015209225291236415,0.3779958041847627
TMUS,LONG,2021-08-20,2021-08-26,133.63584683568462,131.9217614676458,138.77810293980104,131.9217614676458,stop,-0.013526538751585125,-1.05457434882138,0.01282653875158517,0.3596317675214513
LIN,LONG,2021-06-03,2021-06-07,277.20719128650427,275.1201993923346,283.4681669690133,275.1201993923346,stop,-0.008228635474729372,-1.0929783361605971,0.0075286354747293865,0.46509725076922387
LIN,LONG,2021-07-19,2021-07-19,265.66697481614773,264.2086804499596,270.04185791471207,264.2086804499596,stop,-0.006189181962482603,-1.1275235553830012,0.005489181962482584,0.4047372686869473
INTU,LONG,2021-08-19,2021-08-20,509.6387919310138,505.82897832412,521.0682327516954,527.9479183933076,hedef,0.03572569237698884,4.779026110611233,0.007475517302084704,0.4248979070484743
INTU,LONG,2021-09-13,2021-09-13,539.4404168465484,533.4694763456565,557.353238349224,533.4694763456565,stop,-0.011768767401220424,-1.0632410072979555,0.01106876740122047,0.4037353798897367
INTU,LONG,2021-09-20,2021-09-20,533.1831973694267,529.146775176079,545.2924639494697,529.146775176079,stop,-0.008270422723863434,-1.0924651139748713,0.007570422723863444,0.43004169962507544
INTU,LONG,2021-12-14,2021-12-14,622.995361328125,607.9244622447317,668.208058578305,607.9244622447317,stop,-0.024891029370210115,-1.028936346167312,0.024191029370210105,0.3681357121738812
QCOM,LONG,2021-03-03,2021-03-03,120.45170327772367,117.85137907418675,128.2526758883344,117.85137907418675,stop,-0.02228810654209997,-1.0324252615038223,0.0215881065421,0.42434821244538057
QCOM,LONG,2021-05-11,2021-05-14,111.25794499810766,109.58872412052426,116.26560763085786,116.26560763085786,hedef,0.0448094834381074,2.9866694759822066,0.015003161146035818,0.3972601741806028
QCOM,LONG,2021-08-17,2021-08-19,130.23558044433594,126.46617902670516,141.54378469722826,125.57505920328298,stop,-0.03648531477459734,-1.2605943546205336,0.028942946349763892,0.4531678834571913
QCOM,LONG,2021-09-28,2021-09-28,117.92567592744577,116.55783807870787,122.02918947365944,116.55783807870787,stop,-0.012299152075918217,-1.0603492389287068,0.011599152075918223,0.3595432614302721
QCOM,LONG,2022-01-18,2022-01-20,160.50871943341247,155.0487983892199,176.88848256599013,155.0487983892199,stop,-0.03471635165656913,-1.0205783385316334,0.03401635165656916,0.4447382529088447
TXN,LONG,2021-03-03,2021-03-04,147.32322277933764,143.59187289612547,158.51727242897417,143.59187289612547,stop,-0.026027642260453586,-1.0276377877104235,0.025327642260453618,0.35998977654279685
TXN,LONG,2021-05-11,2021-05-27,153.85885062712975,150.5168616632463,163.88481751878015,163.88481751878015,hedef,0.06496340691994315,2.9907923782938948,0.021721135639981033,0.38737952008510196
TXN,LONG,2021-08-10,2021-08-12,164.33360290527344,161.91009402383693,171.60412954958295,161.91009402383693,stop,-0.015447494356546652,-1.0474656903116035,0.014747494356546686,0.3836652033046341
TXN,LONG,2021-12-10,2021-12-14,168.87374877929688,164.73784654629796,181.28145547829362,164.73784654629796,stop,-0.025191090313889962,-1.0285818226558519,0.02449109031388991,0.37314791382617746
AMGN,LONG,2021-04-08,2021-04-20,209.85247802734375,206.81863471193307,218.95400797357578,218.95400797357578,hedef,0.043171086354510925,2.986165898748865,0.014457028784836979,0.4958354762029229
AMGN,LONG,2021-07-27,2021-07-30,207.22562145622868,205.28301553973665,213.05343920570476,205.28301553973665,stop,-0.010074351988141404,-1.0746718280778813,0.009374351988141367,0.37491409296093886
AMGN,LONG,2021-08-19,2021-08-26,193.1711160431182,189.29692374587836,204.79369293483768,189.29692374587836,stop,-0.02075575355466216,-1.0349027025133766,0.02005575355466219,0.37288048892095366
AMGN,LONG,2021-09-22,2021-09-23,185.35665764401247,182.29666555563938,194.53663390913175,181.89018128384026,stop,-0.019401655523103765,-1.1752403001914344,0.016508671052161365,0.3757453381769915
ISRG,LONG,2021-05-19,2021-05-19,267.2466735839844,266.35885387830706,269.9101327010163,266.35885387830706,stop,-0.0040220982464289285,-1.2107102042368776,0.0033220982464289184,0.3714655719859901
ISRG,LONG,2021-10-18,2021-10-19,324.17999267578125,319.86116856528724,337.13646500726327,338.1099853515625,hedef,0.0427699333410527,3.2104008689671226,0.01332230306641208,0.3628351682659393
ISRG,LONG,2022-01-10,2022-01-14,319.92999267578125,311.32652357624755,345.74039997438234,310.3900146484375,stop,-0.03051895491433839,-1.1348827907972585,0.02689172411619594,0.40731802261641953
CMCSA,LONG,2021-06-09,2021-06-23,44.709938049316406,44.076934365282284,46.60894910141877,44.076934365282284,stop,-0.014858008524545517,-1.0494419818144942,0.014158008524545485,0.35615350473662916
CMCSA,LONG,2022-01-19,2022-01-19,40.22813415527344,39.861497872828686,41.32804300260769,39.861497872828686,stop,-0.009813927109559716,-1.076805529777143,0.009113927109559716,0.3696790702661153
BKNG,LONG,2021-03-23,2021-04-09,86.7180404663086,83.65384913528219,95.91061445938782,95.91061445938782,hedef,0.10580532419376662,2.994339906938037,0.0353351080645889,0.35946351576093993
BKNG,LONG,2021-04-20,2021-04-20,93.92986243666516,91.86752908362078,100.1168624957983,91.86752908362078,stop,-0.022656098939620693,-1.0318818020416567,0.02195609893962068,0.3711688633961977
BKNG,LONG,2021-06-10,2021-06-18,89.6122450674445,87.85461040105987,94.8851490665984,87.85461040105987,stop,-0.020313777838751733,-1.0356891979584362,0.019613777838751734,0.35857540775870783
BKNG,LONG,2021-07-15,2021-07-19,84.01415245315779,82.61865660976771,88.20063998332803,82.12143142842199,stop,-0.023228597497797675,-1.3984498346567318,0.016610247233859086,0.37859997723556277
BKNG,LONG,2021-10-19,2021-10-20,96.21998596191406,94.66754976508236,100.87729455240918,94.66754976508236,stop,-0.016834238446534276,-1.0433859957084195,0.016134238446534322,0.4544646078232496
BKNG,LONG,2021-11-26,2021-11-26,82.91267208274131,88.34447952753922,,82.91267208274131,stop,-0.0007,-0.048540269606888176,0.014421015904301148,0.36699340425359567
BKNG,LONG,2022-01-18,2022-01-21,93.46684264779495,91.63745031204793,98.955019655036,91.63745031204793,stop,-0.020272634358053564,-1.0357642199406838,0.01957263435805355,0.4183209819686625
HON,LONG,2021-04-08,2021-04-09,191.78614807128906,189.8033833238884,197.73444231349106,201.2516014917277,hedef,0.049154207880124125,4.754520778717192,0.010338414777816224,0.4082838462564129
HON,LONG,2021-08-09,2021-09-07,202.97641009558168,199.21369651010042,214.26455085202548,199.21369651010042,stop,-0.019237689102440024,-1.037760909471065,0.01853768910244004,0.36117765981082883
HON,LONG,2021-09-14,2021-09-14,198.67502577447908,197.1238362384954,203.32859438243017,197.1238362384954,stop,-0.008507672504064444,-1.089655399818012,0.007807672504064446,0.4423489460788687
HON,LONG,2021-11-18,2021-11-19,196.62234569621228,195.90936220978432,198.76129615549615,195.90936220978432,stop,-0.004326156955372384,-1.1930418370233185,0.0036261569553724107,0.4111253249726615
AMAT,LONG,2021-03-04,2021-03-04,107.69602255539624,104.3059282938689,117.86630533997825,104.3059282938689,stop,-0.03217836086317446,-1.0222374984213016,0.03147836086317445,0.432076117361727
AMAT,LONG,2021-08-11,2021-08-12,129.19737243652344,125.0633842994682,141.59933684768916,125.0633842994682,stop,-0.032697462944428955,-1.0218767344528457,0.031997462944428914,0.429754125664038
AMAT,LONG,2021-09-28,2021-09-29,129.70236206054688,127.06234791997514,137.62240448226208,127.06234791997514,stop,-0.021054402947105443,-1.0343905936135314,0.02035440294710547,0.3719538983130009
AMAT,LONG,2021-12-14,2021-12-27,139.3297994137626,134.0828546972034,155.0706335634402,155.0706335634402,hedef,0.11277535929792457,2.994689107397146,0.0376584530993082,0.5106854424723031
AMAT,LONG,2022-01-19,2022-01-20,141.963044844134,135.98600750446334,159.89415686314598,135.98600750446334,stop,-0.04280276939490165,-1.0166259847050523,0.04210276939490167,0.5480830008766143
PDD,LONG,2021-05-10,2021-05-10,127.5,127.73178971819166,,127.5,stop,-0.0007,-0.02458097374800895,0.028477309612549413,0.35552463306726817
PDD,LONG,2021-06-21,2021-06-22,121.61000061035156,117.70525888159375,133.324225796625,117.70525888159375,stop,-0.03280872221988492,-1.0218009298285469,0.03210872221988491,0.36320558937356523
PDD,LONG,2021-09-24,2021-09-28,94.18000030517578,90.32708068472326,105.73875916653336,90.32708068472326,stop,-0.04161016784845758,-1.0171106606698124,0.04091016784845755,0.5299500879411045
PDD,LONG,2021-10-26,2021-10-28,94.01000213623047,91.11466797524895,102.69600461917503,90.0199966430664,stop,-0.04314235084030867,-1.4008098095608075,0.030798150145618264,0.4286621160245874
VRTX,LONG,2021-03-18,2021-03-24,213.7100067138672,209.8552863492739,225.27416780764702,209.8552863492739,stop,-0.01873715429083441,-1.0388087826224186,0.018037154290834394,0.453993387380682
VRTX,LONG,2021-04-01,2021-04-30,212.36000061035156,207.9095428772723,225.7113738095894,218.1999969482422,zaman,0.026800453574617057,1.278822242296756,0.020957137503710935,0.39100145280748666
VRTX,LONG,2021-04-28,2021-04-28,215.67999267578125,212.8932822830858,224.0401238538676,212.8932822830858,stop,-0.013620579039913726,-1.0541771384887275,0.012920579039913768,0.45152276251399903
VRTX,LONG,2021-09-10,2021-09-22,187.52000427246094,184.3122039860116,197.14340513180892,184.3122039860116,stop,-0.017806443117335334,-1.040920254152113,0.01710644311733531,0.38660060174783484
VRTX,LONG,2021-07-14,2021-07-16,197.39999389648438,195.37598920044607,203.4720079845993,203.4720079845993,hedef,0.030559950738899368,2.9804941170064527,0.010253316912966484,0.40180886648406244
VRTX,LONG,2021-09-02,2021-09-07,198.05999755859375,194.76727935572708,207.93815216719375,194.76727935572708,stop,-0.017324852284432445,-1.0421056372726698,0.016624852284432418,0.3661242212875898
VRTX,LONG,2021-09-16,2021-09-17,188.08999633789062,185.16624084259874,196.86126282376628,185.16624084259874,stop,-0.01624444974330038,-1.0450321504819906,0.015544449743300338,0.3788978846653521
PANW,LONG,2021-01-27,2021-01-27,57.54666519165039,56.76470076060934,59.89255848477355,56.76470076060934,stop,-0.014288353529033203,-1.0515147032717673,0.013588353529033186,0.3544935694288958
PANW,LONG,2021-03-17,2021-03-18,55.246665954589844,52.953472613503834,62.12624597784787,52.953472613503834,stop,-0.04220826663406093,-1.0168641106161158,0.041508266634060896,0.588231967366748
PANW,LONG,2021-08-11,2021-08-17,61.66666793823242,60.66988124082132,64.65702803046574,60.66988124082132,stop,-0.016864108273362897,-1.0433058222675713,0.016164108273362867,0.413439625324664
PANW,LONG,2021-08-02,2021-08-06,66.25166320800781,64.69827845121618,70.9118174783827,64.69827845121618,stop,-0.024146728452907294,-1.029854911375202,0.02344672845290732,0.40980571518215986
PANW,LONG,2021-08-06,2021-08-06,66.11666870117188,65.37711670709325,68.33532468340775,65.37711670709325,stop,-0.011885560443481845,-1.0625806819011807,0.011185560443481877,0.4067518293461932
PANW,LONG,2021-11-04,2021-11-08,81.09166717529297,79.34026502934472,86.34587361313771,86.34587361313771,hedef,0.06459341985270714,2.9907398004093038,0.02159780661756903,0.42079999607648055
PANW,LONG,2022-01-14,2022-01-14,81.92500305175781,81.06947418688218,84.49158964638472,81.06947418688218,stop,-0.011142829820038412,-1.067031639130684,0.01044282982003845,0.5135862467006304
ADP,LONG,2021-06-18,2021-06-18,174.07289432603733,172.36779537740549,179.18819117193286,172.36779537740549,stop,-0.010495315664931747,-1.071462730140088,0.009795315664931751,0.42231515492738136
ADP,LONG,2021-12-20,2021-12-22,202.91612243652344,199.88093560038732,212.0216829449318,212.0216829449318,hedef,0.04467351916187321,2.9866290852331905,0.014957839720624427,0.42463051426869597
GILD,LONG,2021-04-28,2021-04-30,52.46982192993164,51.85284231804154,54.320760765601946,51.21526369009151,stop,-0.02461009143342382,-2.0929169948343307,0.01175875177762216,0.3615473663368006
GILD,LONG,2021-07-14,2021-07-16,55.99985805596957,55.646681172440815,57.05938870655583,57.05938870655583,hedef,0.01872023814644861,2.9682879255876324,0.006306746048816192,0.4123404422876578
SBUX,LONG,2021-05-11,2021-05-12,99.05870819091797,97.9069583866863,102.51395760361298,97.9069583866863,stop,-0.012326941490210817,-1.060204998931951,0.011626941490210818,0.47954340262226586
SBUX,LONG,2021-05-19,2021-05-24,96.9753635592326,96.14493961048923,99.46663540546272,99.46663540546272,hedef,0.02548973969051891,2.976644372141246,0.008563246563506306,0.38404045130885067
SBUX,LONG,2021-09-20,2021-09-23,98.90619272096716,98.01754847833377,101.57212544886733,101.57212544886733,hedef,0.026754153774994217,2.977739980078437,0.008984717924998099,0.3957568772416617
SBUX,LONG,2021-08-26,2021-08-31,101.24227902264137,100.5516809057444,103.31407337333226,103.31407337333226,hedef,0.020263726920129545,2.9706798276608244,0.006821242306709851,0.38723807901874635
SBUX,LONG,2021-09-28,2021-10-06,98.90619272096716,97.6209219645761,102.76200499014033,97.6209219645761,stop,-0.013694846136854642,-1.0538675096748373,0.012994846136854605,0.3771973667108836
SBUX,LONG,2021-11-18,2021-11-19,99.41294860839844,98.09641239613407,103.36255724519154,98.09641239613407,stop,-0.013943105960475953,-1.0528576907931713,0.013243105960475914,0.4511316829067623
SBUX,LONG,2021-11-26,2021-11-30,98.13728181220225,97.42174459896484,100.28389345191448,97.42174459896484,stop,-0.00799118638731685,-1.0960063236372082,0.007291186387316897,0.4401094415818628
MU,LONG,2021-03-24,2021-03-25,82.23332977294922,78.73442314986849,92.7300496421914,78.73442314986849,stop,-0.0432485217823649,-1.0164518053901017,0.04254852178236493,0.4280129508843231
MU,LONG,2021-05-10,2021-05-10,82.04804149854402,79.2731457160837,90.37272884592498,79.2731457160837,stop,-0.03452037805874449,-1.0206975805765415,0.033820378058744535,0.3816018219704417
MU,LONG,2021-07-27,2021-07-27,72.00413159750244,70.83363267325693,75.51562837023896,70.83363267325693,stop,-0.016955996680697548,-1.043061032414654,0.01625599668069752,0.37253888774028904
MU,LONG,2021-08-19,2021-08-25,68.30836602211538,66.5080274675784,73.70938168572631,73.70938168572631,hedef,0.07886814315924814,2.992411608822136,0.02635604771974935,0.38612254518511946
MU,LONG,2021-10-05,2021-10-12,68.39612812442468,66.70451846583484,73.4709571001942,66.70451846583484,stop,-0.025432535378501285,-1.0283027999065746,0.024732535378501286,0.44994072397397417
MU,LONG,2021-12-02,2021-12-03,80.68820984686802,79.3676093898892,84.65001121780449,79.3676093898892,stop,-0.01706670908283988,-1.0427697465908987,0.01636670908283986,0.3802403694459104
MU,LONG,2021-12-17,2021-12-21,79.70194244384766,77.92011161623064,85.0474349266987,86.89876893866052,hedef,0.09009675154885019,4.030060539432734,0.02235617819317724,0.3858318371916852
MU,LONG,2022-01-21,2022-01-24,79.70194720696371,78.15718818462804,84.33622427397071,78.15718818462804,stop,-0.02008169739221507,-1.0361165477839525,0.019381697392215028,0.3728992092963394
MU,LONG,2022-01-19,2022-01-19,90.38348391290046,88.21139277093513,96.89975733879643,88.21139277093513,stop,-0.024731947518846407,-1.029127893170165,0.024031947518846436,0.4781013207858498
ADI,LONG,2021-05-19,2021-05-20,131.82257080078125,128.83696368796114,140.77939213924157,141.7192786912118,hedef,0.07487597394217935,3.305975301936895,0.02264867916536195,0.5332803388779791
ADI,LONG,2021-03-25,2021-03-25,135.3981410332346,133.6588319086299,140.61606840704866,133.6588319086299,stop,-0.013545886297491726,-1.0544921528798386,0.01284588629749178,0.4589671944934376
ADI,LONG,2021-05-11,2021-05-19,135.30692884785748,132.73919028698623,143.01014453047122,132.73919028698623,stop,-0.01967714021547614,-1.036886485110602,0.018977140215476168,0.37900933839720824
ADI,LONG,2021-05-11,2021-05-12,135.30692884785748,134.59995808082388,137.42784114895827,134.44952112819797,stop,-0.007036761368840094,-1.3467637054471773,0.005224941346710571,0.3604157224100967
LRCX,LONG,2021-03-03,2021-03-04,52.506289199839465,49.99248809267355,60.04769252133722,49.99248809267355,stop,-0.04857619055687531,-1.014621046325071,0.0478761905568753,0.537976448568072
LRCX,LONG,2022-01-19,2022-01-20,62.193422135961846,60.6321348752067,66.87728391822728,60.6321348752067,stop,-0.025803736169107992,-1.02788429559985,0.02510373616910794,0.42150193761695876
MELI,LONG,2021-05-11,2021-05-11,1303.9300537109375,1320.6318388012185,,1303.9300537109375,stop,-0.0007,-0.031361357007357954,0.02232046272218919,0.4773469218313204
MELI,LONG,2021-07-08,2021-07-08,1513.6600341796875,1506.186931166015,1536.079343220705,1506.186931166015,stop,-0.0056371079667320795,-1.1417834093799146,0.004937107966732069,0.36647686591867645
MELI,LONG,2021-09-20,2021-09-20,1821.1300048828125,1799.0778706667347,1887.2864075310458,1799.0778706667347,stop,-0.012809038979617902,-1.0578080557159173,0.012109038979617934,0.37281051495390455
MELI,LONG,2022-01-21,2022-01-24,1048.4200439453125,983.4437775552408,1243.3488431155276,983.4437775552408,stop,-0.06267541411509012,-1.0112948014949943,0.06197541411509011,0.45714592674800136
INTC,LONG,2021-03-03,2021-03-04,55.007328917925406,53.34670053808654,59.98921405744201,53.34670053808654,stop,-0.030889220463997412,-1.0231870843049697,0.030189220463997385,0.4207150862313552
INTC,LONG,2021-05-10,2021-05-11,51.70579147338867,50.42132534867159,55.559189847539926,50.377050457023444,stop,-0.026398108055247303,-1.0626477757031063,0.024841823093998256,0.40367592489264986
INTC,LONG,2021-06-24,2021-06-28,50.77969842709585,50.16974782994627,52.609550218544605,52.609550218544605,hedef,0.03583510552698275,2.983349570058831,0.012011701842327546,0.4706126065446335
INTC,LONG,2021-07-16,2021-07-19,50.61497549873058,49.894960640737345,52.775020072710284,49.79137423562416,stop,-0.01697188900105414,-1.1930750267428536,0.014225332540391974,0.3614321081196188
KLAC,LONG,2021-05-11,2021-05-20,27.547489423234726,26.89643394297417,29.500655864016395,29.500655864016395,hedef,0.07070179474338165,2.99153759080187,0.02363393158112725,0.49153590706911815
KLAC,LONG,2021-05-10,2021-05-11,28.94942385149766,28.09420751305685,31.515072866820084,27.547489423234726,stop,-0.049127023468738394,-1.6629698954908525,0.029541739511909658,0.358107029141894
KLAC,LONG,2021-07-16,2021-07-16,28.58268084678129,28.1769418006795,29.79989798508666,28.1769418006795,stop,-0.014895276093126873,-1.0493121793058282,0.014195276093126864,0.378445581319859
KLAC,LONG,2021-12-13,2021-12-20,38.15390396118164,36.944506115664495,41.782097497733076,36.850366236377724,stop,-0.03486525150690097,-1.099923786459139,0.03169787937684188,0.37282719036430334
KLAC,LONG,2022-01-20,2022-01-21,36.8140754699707,36.006483704851384,39.23685076532866,36.006483704851384,stop,-0.022637037798981928,-1.0319095042099313,0.021937037798981894,0.46191637742922376
KLAC,LONG,2022-01-19,2022-01-19,39.17381427721462,38.229210652985394,42.00762514990229,38.229210652985394,stop,-0.024813138882639994,-1.029029816624326,0.02411313888264005,0.46121728778419646
MDLZ,LONG,2021-04-14,2021-04-28,50.37232091468617,49.87913064284513,51.85189173020928,52.21235911932332,hedef,0.0363287556980658,3.710461955429709,0.009790898312514448,0.39710163955695776
MDLZ,LONG,2021-04-26,2021-04-28,50.700584411621094,50.21550144646389,52.155833307092706,52.21235911932332,hedef,0.0296176978677136,3.0956242512726835,0.009567601059959739,0.41574389918563986
MDLZ,LONG,2021-06-18,2021-06-28,53.55136427474435,53.1653925057716,54.70927958166261,54.70927958166261,hedef,0.021422517420426314,2.972251149654147,0.007207505806808773,0.3747794036164696
MDLZ,LONG,2021-07-06,2021-07-14,53.8018787600411,53.32809262060845,55.22323717833904,55.22323717833904,hedef,0.026218378894113915,2.9772885383162753,0.008806126298037948,0.4541750985060218
MDLZ,LONG,2021-11-18,2021-11-19,54.04640197753906,53.55874935992213,55.509359830389855,53.55874935992213,stop,-0.009722850731480569,-1.0775808024350577,0.009022850731480559,0.3986725402787619
MDLZ,LONG,2021-11-29,2021-11-30,52.75376067080614,52.147262207792025,54.573256059848475,52.147262207792025,stop,-0.012196781562148394,-1.0608866051960721,0.011496781562148384,0.40053590129627176
MDLZ,LONG,2022-01-18,2022-01-28,58.85481262207031,57.95916234626705,61.5417634494801,57.186560335863085,stop,-0.02904521446733207,-1.9086139994871951,0.01521796155489581,0.5338040338593032
CTAS,LONG,2021-08-11,2021-09-01,92.30750274658203,91.52399443597096,94.65802767841524,94.68503182551656,hedef,0.025556617915032588,3.0109030707604743,0.00848802412911209,0.4386712180267602
CTAS,LONG,2021-08-18,2021-09-10,92.58056625142495,91.39790489042244,96.1285503344325,96.1285503344325,hedef,0.038123205686300767,2.9843436896977975,0.012774401895433572,0.3599195741853932
CTAS,LONG,2022-01-03,2022-01-05,102.5591812133789,100.12230328569676,109.86981499642535,100.12230328569676,stop,-0.024460699908593418,-1.0294604116331962,0.02376069990859341,0.3727467222321092
CTAS,LONG,2022-01-18,2022-01-19,93.6516905889517,92.84675739715594,96.06649016433896,92.84675739715594,stop,-0.0092949670180403,-1.081443011768486,0.008594967018040295,0.38164398521786785
REGN,LONG,2021-03-04,2021-03-04,441.20643307466037,438.09157032166587,450.55102133364386,438.09157032166587,stop,-0.007759876102185947,-1.099151881685751,0.007059876102185945,0.361241478915514
REGN,LONG,2021-04-29,2021-04-30,484.0620747769026,476.6089638090772,506.4214076803788,476.6089638090772,stop,-0.01609701487925993,-1.0454633580268142,0.015397014879259947,0.3766129225703858
REGN,LONG,2021-07-27,2021-07-27,563.1952268653996,565.244174001292,,563.1952268653996,stop,-0.0007,-0.040011463372544326,0.017494986211385025,0.3912169816801553
REGN,LONG,2022-01-18,2022-01-19,592.845458984375,583.4407336651636,621.0596349420091,621.0596349420091,hedef,0.04739111422725382,2.9873926044863155,0.015863704742417932,0.3721382369238824
SNPS,LONG,2021-04-28,2021-05-03,248.2100067138672,244.73527946972845,258.63418844628336,244.73527946972845,stop,-0.014699142460619395,-1.0500030628282486,0.013999142460619438,0.3586667353551061
SNPS,LONG,2021-09-17,2021-09-17,329.05999755859375,326.2106427073042,337.6080621124624,326.2106427073042,stop,-0.00935907394526788,-1.0808400533849805,0.008659073945267928,0.541315184120508
CDNS,LONG,2021-03-25,2021-03-26,124.02999877929688,121.52265587606759,131.55202748898472,131.55202748898472,hedef,0.06044684982439439,2.99010665843753,0.020215616608131523,0.42218775351420973
CDNS,LONG,2021-09-13,2021-09-13,164.4499969482422,162.7476988819095,169.5568911472402,162.7476988819095,stop,-0.011051463046049502,-1.0676232912087924,0.010351463046049447,0.36983483081534896
CDNS,LONG,2021-09-17,2021-09-20,164.6300048828125,161.35886196877124,174.4434336249363,161.35886196877124,stop,-0.020569664198635894,-1.0352295838018295,0.019869664198635843,0.4764877791215566
CDNS,LONG,2021-09-27,2021-09-27,160.8699951171875,158.23141508543083,168.78573521245752,158.23141508543083,stop,-0.017101940149463944,-1.042677877959628,0.016401940149463997,0.3638743955646193
CDNS,LONG,2021-12-20,2022-01-07,175.85000610351562,168.97200378756366,196.4840130513715,168.97200378756366,stop,-0.039812892108193464,-1.0178969123035884,0.039112892108193416,0.390561531721758
PYPL,LONG,2021-03-05,2021-03-11,227.40402221679688,219.38337779235906,251.46595549011033,251.46595549011033,hedef,0.10561137940635842,2.9943295323870998,0.03527045980211948,0.3711939647686348
PYPL,LONG,2021-08-17,2021-08-19,268.00128173828125,265.1002133257107,276.70448697599295,264.2431681109069,stop,-0.014722744977184031,-1.360090133515659,0.010824830365563802,0.3854480806833679
PYPL,LONG,2021-11-17,2021-11-19,201.8490036379966,196.49112274566582,217.9226463149889,196.49112274566582,stop,-0.02724400465577622,-1.0263713033913928,0.026544004655776204,0.3816581697163916
PYPL,LONG,2021-11-29,2021-11-30,185.9759979248047,180.291629693181,203.02910261967577,180.291629693181,stop,-0.031265063745064846,-1.0229019643419874,0.030565063745064798,0.41944941456906104
PYPL,LONG,2022-01-14,2022-01-14,177.17416942088954,173.66633496948074,187.69767277511593,173.66633496948074,stop,-0.02049879156693376,-1.0353556931812495,0.01979879156693374,0.4312730704176951
CRWD,LONG,2021-03-03,2021-03-04,52.79999923706055,48.79152805243276,64.82541279094391,48.79152805243276,stop,-0.07661801595736059,-1.0092204727846577,0.07591801595736054,0.6144999515855639
CRWD,LONG,2021-03-25,2021-04-13,43.91749954223633,41.34318600720466,51.64044014733134,51.64044014733134,hedef,0.175651100030586,2.9965880224809776,0.05861703334352864,0.61281342807592
CRWD,LONG,2021-05-03,2021-05-04,51.369998931884766,49.73769663292606,56.26690582876088,49.73769663292606,stop,-0.03247540067935558,-1.0220296199271786,0.03177540067935557,0.4624512511091111
CRWD,LONG,2021-08-11,2021-08-11,61.26250076293945,59.32024863166892,67.08925715675106,59.32024863166892,stop,-0.03240376832617805,-1.022079394247341,0.031703768326178,0.3664710220691194
CRWD,LONG,2021-08-10,2021-08-11,63.40250015258789,60.966154568658396,70.71153690437637,60.966154568658396,stop,-0.03912664844550381,-1.0182165249460349,0.038426648445503774,0.3679056177728307
CRWD,LONG,2022-01-03,2022-01-04,49.25199890136719,47.35844939546593,54.93264741907095,47.35844939546593,stop,-0.03914614529642354,-1.0182072869621372,0.03844614529642353,0.3867336230632017
MAR,LONG,2021-03-23,2021-04-21,138.79052734375,132.01231191033466,159.12517364399602,138.78091430664062,zaman,-0.0007692629194034566,-0.01575140349237941,0.048837738159372854,0.4973351379957384
MAR,LONG,2021-04-20,2021-04-29,135.98154341817207,132.70594443796867,145.80834035878226,145.80834035878226,hedef,0.07206566704270087,2.991697302127642,0.02408855568090029,0.415560721510586
MAR,LONG,2021-07-16,2021-07-19,131.2167709928256,128.55798911691448,139.1931166205589,125.44546508789062,stop,-0.04468298983634119,-2.2052044576318495,0.020262515650964118,0.4122206467798819
MAR,LONG,2021-08-17,2021-09-15,125.44546508789062,121.04699690200799,138.64086964553854,138.64086964553854,hedef,0.10498837447334461,2.994295947598736,0.03506279149111484,0.45721268219497097
MAR,LONG,2021-11-26,2021-11-26,140.59285644753228,143.06922075975518,,140.59285644753228,stop,-0.0007,-0.04578532596778996,0.015288741211375256,0.3733285358892359
MAR,LONG,2021-12-02,2021-12-06,137.4483212573931,133.42293554312988,149.52447840018277,149.52447840018277,hedef,0.08765961903583538,2.9931709241789997,0.029286539678611785,0.5472033999201402
MRVL,LONG,2021-02-18,2021-02-23,48.95012975627024,48.10784380663616,51.47698760517249,47.20681769868983,stop,-0.036314043645249004,-2.1104200410585507,0.017207021796018625,0.3710353875118423
MRVL,LONG,2021-05-11,2021-05-11,41.85042494008281,41.45752814778751,43.02911531696872,41.45752814778751,stop,-0.010088119543775607,-1.0745623228098067,0.00938811954377556,0.4567029175189009
MRVL,LONG,2021-05-19,2021-05-20,40.654139233390204,39.57260746077745,43.89873455122847,43.948808384610444,hedef,0.08084141948021492,3.0387811126750046,0.026603238760112977,0.523606936223108
MRVL,LONG,2021-08-17,2021-08-26,56.913272857666016,55.0655264450301,62.45651209557376,62.45651209557376,hedef,0.09719800506238305,2.993839709554465,0.03246600168746101,0.40775636606370236
MRVL,LONG,2021-08-16,2021-08-17,58.65070724487305,57.090655671190895,63.3308619659195,57.090655671190895,stop,-0.02729902406920289,-1.0263167550124688,0.026599024069202917,0.4799823451747166
MRVL,LONG,2021-11-30,2021-12-02,71.2037009144227,69.49612463136661,76.32642976359095,69.11091081861147,stop,-0.030091591573680652,-1.254780069102743,0.02398156642318863,0.3638329972930326
MRVL,LONG,2022-01-24,2022-01-24,69.11091081861147,67.04840202931061,75.29843718651406,67.04840202931061,stop,-0.03054346125482451,-1.0234557243217501,0.029843461254824517,0.5276033530725296
MRVL,LONG,2022-01-14,2022-01-19,76.5148039866696,75.0927849987068,80.78086095055801,75.0927849987068,stop,-0.01928488702670591,-1.037665012383133,0.018584887026705903,0.5105563252058547
ORLY,LONG,2021-11-03,2021-11-16,41.487998962402344,40.678865233582044,43.91540014886324,43.91540014886324,hedef,0.0583085144419879,2.9897450823060123,0.01950283814732931,0.38500968281080705
ORLY,LONG,2022-01-18,2022-01-18,44.89066696166992,44.058981807796016,47.38572242329164,44.058981807796016,stop,-0.019226905705901985,-1.0377828878233595,0.018526905705901934,0.38235852644285756
CSX,LONG,2021-08-24,2021-08-26,31.376840001561465,30.86132289304099,32.923391327122886,30.86132289304099,stop,-0.01712986063908347,-1.0426053522532546,0.01642986063908344,0.39612143475632167
CSX,LONG,2021-11-09,2021-11-11,33.052953334542366,32.81437083373588,33.76870083696183,32.81437083373588,stop,-0.00791819010820901,-1.0969772185972126,0.007218190108208989,0.37863913564235985
CSX,LONG,2022-01-18,2022-01-18,33.776728116793244,33.07352035153134,35.88635141257895,33.07352035153134,stop,-0.02151929791513104,-1.0336226515828506,0.02081929791513102,0.36470564904535696
ASML,LONG,2021-04-19,2021-04-20,598.4995727539062,586.1900117094058,635.4282558874077,586.1900117094058,stop,-0.021267368140063768,-1.0340344955773144,0.02056736814006377,0.3541241092226488
FTNT,LONG,2021-08-17,2021-08-19,59.73400115966797,58.31236565665476,63.99890766870759,57.55799865722656,stop,-0.037128206050101774,-1.5600456646956489,0.023799435420594026,0.5696494020281886
FTNT,LONG,2021-12-01,2021-12-01,65.31400299072266,63.01960542315199,72.19719569343467,63.01960542315199,stop,-0.03582872374238907,-1.0199267131118495,0.03512872374238907,0.46979717889797284
FTNT,LONG,2022-01-04,2022-01-06,63.15999984741211,60.46905247380198,71.2328419682425,58.89799880981445,stop,-0.06817943394386003,-1.600259105667199,0.042605246676871024,0.37801832372095656
ADSK,LONG,2021-05-04,2021-05-04,284.2300109863281,281.0135785351621,293.87930833982625,281.0135785351621,stop,-0.012016301329351019,-1.0618576670616224,0.011316301329351028,0.3612815742123823
ADSK,LONG,2021-05-10,2021-05-11,279.7300109863281,272.63361603116317,301.019195851823,269.0,stop,-0.039058454813246844,-1.5396299195645,0.025368729404982547,0.3740858284641129
ADSK,LONG,2021-08-17,2021-08-17,327.3999938964844,323.74940795709585,338.35175171464994,323.74940795709585,stop,-0.011850232154685801,-1.0627789619345112,0.011150232154685817,0.5196586145879486
ADSK,LONG,2021-12-01,2021-12-30,254.1699981689453,242.16399177945272,290.1880173374231,281.7099914550781,zaman,0.10765265170764629,2.2790321277324384,0.0472361273005647,0.5172293550368176
DASH,LONG,2021-03-04,2021-03-08,139.19000244140625,131.20866111548938,163.13402641915687,131.20866111548938,stop,-0.05804134051241735,-1.0122075974113032,0.05734134051241731,0.3649086145974557
DASH,LONG,2021-01-28,2021-02-08,189.4600067138672,177.8809584685227,224.19715144990067,177.8809584685227,stop,-0.061816055288817805,-1.0114536188026535,0.061116055288817785,0.38553164736211815
DASH,LONG,2021-04-09,2021-04-12,124.87999725341797,118.66472937337929,143.525800893534,143.525800893534,hedef,0.14910976978065002,2.9959815087727923,0.04976992326021667,0.40513384711959033
DASH,LONG,2021-12-13,2021-12-16,156.16000366210938,146.52405768211707,185.06784160208628,146.52405768211707,stop,-0.062405595248588984,-1.0113441900556979,0.06170559524858902,0.43896555350113176
DASH,LONG,2022-01-04,2022-01-04,143.0399932861328,136.81127073492502,161.7261609397562,136.81127073492502,stop,-0.04424532189293414,-1.0160752055460993,0.04354532189293417,0.43582390879115956
DASH,LONG,2022-01-04,2022-01-04,143.13999938964844,142.43126585211252,145.2662000022562,142.43126585211252,stop,-0.005651331148232319,-1.1413761227119532,0.004951331148232311,0.5717641376751662
ROP,LONG,2021-02-23,2021-02-24,369.8963033432156,360.8938680466119,396.90360923302677,360.8938680466119,stop,-0.02503772712848836,-1.0287619298344697,0.024337727128488314,0.41848827942451927
ROP,LONG,2021-03-04,2021-03-04,364.24868283050307,357.32142221157216,385.0304646872958,357.32142221157216,stop,-0.019717942810665932,-1.0368073459347755,0.01901794281066597,0.36730235391357374
ROP,LONG,2021-08-10,2021-08-11,465.4706726074219,460.11395040676126,481.5408392094037,460.11395040676126,stop,-0.012208184115347041,-1.0608262774547157,0.011508184115346994,0.4134726446369069
ROP,LONG,2021-08-02,2021-08-09,471.8868103027344,467.28997658799034,485.6773114469665,467.28997658799034,stop,-0.010441390550405459,-1.0718583241661377,0.009741390550405472,0.4470111142494217
ROP,LONG,2021-08-18,2021-09-13,463.2289733886719,457.58383730791877,480.1643816309312,457.58383730791877,stop,-0.012886491789270225,-1.0574406492126285,0.01218649178927018,0.3737012720302072
ROP,LONG,2021-09-07,2021-09-10,461.9631652832031,458.43083046047434,472.5601697513895,458.43083046047434,stop,-0.008346356004516796,-1.091546875346446,0.007646356004516752,0.3826935983910889
ROP,LONG,2021-11-11,2021-11-30,462.41229905963644,452.14921638563993,493.20154708162596,452.14921638563993,stop,-0.02289465765696016,-1.0315391212975293,0.022194657656960153,0.4297615780294382
NXPI,LONG,2021-03-03,2021-03-04,161.00809368884674,156.95979850475248,173.15297924112951,156.95979850475248,stop,-0.025843426590204298,-1.0278402785510823,0.02514342659020432,0.41787781358553344
NXPI,LONG,2021-05-11,2021-05-11,166.40768312296441,166.53572738569721,,166.40768312296441,stop,-0.0007,-0.03418966364035388,0.020474024177698946,0.3749774299781887
NXPI,LONG,2021-10-11,2021-10-12,170.6413313753366,166.94531538001954,181.72937936128776,166.94531538001954,stop,-0.02235955906185135,-1.0323182941075137,0.021659559061851373,0.3907489361869073
NXPI,LONG,2021-10-01,2021-10-04,176.72787475585938,172.1066880046003,190.5914350096366,172.1066880046003,stop,-0.026848601388677472,-1.026770074222905,0.026148601388677424,0.40804621771021027
NXPI,LONG,2022-01-24,2022-01-24,175.51393127441406,172.22654775612727,185.37608182927443,172.22654775612727,stop,-0.01943004321888838,-1.0373731118406624,0.018730043218888423,0.4239495524645916
NXPI,LONG,2022-01-19,2022-01-20,193.79415893554688,190.09728483703938,204.88478123106935,190.09728483703938,stop,-0.0197762926953697,-1.0366947609359065,0.01907629269536973,0.5239015272307508
NXPI,LONG,2021-12-10,2021-12-17,204.58535766601562,196.42681204107245,229.06099454084514,196.42681204107245,stop,-0.04057844349184533,-1.0175533430772725,0.03987844349184534,0.40958015583937013
PCAR,LONG,2021-03-23,2021-04-21,50.65785019820211,49.26834581498665,54.82636334784849,51.56097412109375,zaman,0.01712791648990445,0.6244409432844181,0.027429201550775134,0.4319040226396849
PCAR,LONG,2021-04-08,2021-04-16,50.67987823486328,49.99289464507179,52.740829004237746,52.740829004237746,hedef,0.04046605605924112,2.985245680104164,0.013555352019747044,0.5392844091845255
PCAR,LONG,2021-04-20,2021-04-21,50.922183990478516,50.18280672242705,53.140315794632905,50.18280672242705,stop,-0.015219747782021918,-1.0482102038209449,0.014519747782021928,0.35539639392946126
PCAR,LONG,2021-07-06,2021-07-06,48.633336676250906,48.21678403239063,49.88299460783174,48.21678403239063,stop,-0.009265166865544204,-1.0817263704243738,0.008565166865544168,0.5019801199014072
PCAR,LONG,2021-07-12,2021-07-27,47.94252014160156,46.747113104250246,51.52874125365551,46.747113104250246,stop,-0.025634171875416577,-1.0280739221457809,0.024934171875416612,0.4220131856107671
PCAR,LONG,2021-11-30,2021-12-06,46.38493347167969,45.63405828405566,48.637559034551764,48.637559034551764,hedef,0.04836373383067192,2.987645101546517,0.01618791127689063,0.362162729925833
PCAR,LONG,2021-11-26,2021-11-30,48.08756047905359,47.33466720067031,50.34624031420344,47.33466720067031,stop,-0.016356716017258487,-1.0447092480459135,0.015656716017258453,0.37867610346158487
PCAR,LONG,2022-01-20,2022-01-24,52.320998462707465,51.13890559230629,55.867277073911,51.13890559230629,stop,-0.023293087003944134,-1.0309829285337495,0.02259308700394415,0.4019046221058168
WDAY,LONG,2021-05-11,2021-05-13,226.52999877929688,220.75687749532503,243.84936263121241,220.75687749532503,stop,-0.026185018827888117,-1.0274671172396397,0.02548501882788809,0.4098454081712817
WDAY,LONG,2021-07-14,2021-07-15,234.5399932861328,230.31698130902907,247.20902921744403,230.31698130902907,stop,-0.018705509073037994,-1.0388769902123005,0.01800550907303801,0.3723779060491184
WDAY,LONG,2021-08-05,2021-08-27,230.66000366210938,218.61177145687412,266.80470027781513,266.80470027781513,hedef,0.1565011880770348,2.996171056471472,0.052233729359011626,0.4078552283074231
WDAY,LONG,2021-08-17,2021-08-23,230.42999267578125,227.65479376384957,238.7555894115763,238.7555894115763,hedef,0.03593069912955869,2.9833936233049836,0.012043566376519535,0.4035884527193281
WDAY,LONG,2021-09-17,2021-09-28,267.5299987792969,260.8055669470092,287.7032942761599,258.9700012207031,stop,-0.03269640263765502,-1.3008189800867371,0.02513524413325739,0.57886455037319
WDAY,LONG,2021-09-24,2021-09-28,266.7099914550781,261.10856451742876,283.5142722680262,258.9700012207031,stop,-0.0297202485184311,-1.4151192752538135,0.021001938874092803,0.3983265464435799
WDAY,LONG,2021-12-17,2022-01-04,266.0199890136719,255.84633311757062,296.54095670197563,255.84633311757062,stop,-0.03894395277145276,-1.0183035473394504,0.03824395277145277,0.47338182789936417
WDAY,LONG,2022-01-10,2022-01-10,245.27000427246094,242.72023204306217,252.91932096065725,242.72023204306217,stop,-0.011095776837702208,-1.067335035267526,0.0103957768377022,0.3988906469947066
ABNB,LONG,2021-03-03,2021-03-04,186.97000122070312,171.19698472676956,234.28905070250383,171.19698472676956,stop,-0.08506121511982442,-1.0082976519364468,0.0843612151198244,0.5350524548452665
ABNB,LONG,2021-03-24,2021-04-22,178.63999938964844,158.67335696028232,238.5399266777468,170.7100067138672,zaman,-0.04509091302549991,-0.40342489749337984,0.11177027819964891,0.5899532920069224
ABNB,LONG,2021-04-13,2021-04-20,173.10000610351562,165.5393564863289,195.7819549550758,165.5393564863289,stop,-0.04437792807971005,-1.0160264012231197,0.04367792807971005,0.5058251648568404
ABNB,LONG,2021-04-19,2021-04-20,175.26499938964844,169.9398067681216,191.24057725422895,169.9398067681216,stop,-0.031083662682632372,-1.023038697056105,0.030383662682632324,0.40968437818327014
ABNB,LONG,2021-05-04,2021-05-04,167.01499938964844,162.1550799097058,181.59475782947638,162.1550799097058,stop,-0.0297987007017518,-1.0240560569069606,0.029098700701751846,0.3878227479813279
ABNB,LONG,2022-01-05,2022-01-05,167.05999755859375,163.0701534978307,179.02952974088294,163.0701534978307,stop,-0.024582701538791128,-1.0293099170067959,0.023882701538791084,0.46641487263331777
ABNB,LONG,2022-01-18,2022-01-24,156.91000366210938,150.03788344859808,177.52636430264326,150.0,stop,-0.04473800586857043,-1.0214956151190617,0.04379657162146108,0.581121652655507
CHTR,LONG,2021-02-19,2021-02-22,611.6300048828125,599.3718754284795,648.4043932458115,599.3718754284795,stop,-0.0207417398696483,-1.034927107354594,0.02004173986964825,0.41670304067227193
CHTR,LONG,2021-04-09,2021-04-15,603.4600219726562,596.3206240657855,624.8782156932684,624.8782156932684,hedef,0.03529231587968005,2.9830949323782074,0.011830771959893351,0.4793371469805161
MNST,LONG,2021-02-19,2021-02-22,22.485000610351562,22.225604390440555,23.263189270084585,22.225604390440555,stop,-0.012236411512997113,-1.0606774471603535,0.011536411512997134,0.4153642958316885
MNST,LONG,2021-03-25,2021-04-05,21.9424991607666,21.453576809428235,23.409266214781702,23.409266214781702,hedef,0.06664594326601112,2.991024137431761,0.022281981088670372,0.3841669983462124
AEP,LONG,2021-05-11,2021-05-12,71.858154296875,70.95490506992732,74.56790197771804,70.95490506992732,stop,-0.01326989183462731,-1.0556886255832088,0.012569891834627318,0.4178527848737756
AEP,LONG,2021-05-26,2021-06-08,70.90918834076813,69.97029634749943,73.72586432057422,69.97029634749943,stop,-0.013940766327160091,-1.0528670307068329,0.013240766327160118,0.3949763172024951
AEP,LONG,2021-06-08,2021-06-08,70.50322723388672,70.12138210225507,71.64876262878167,70.12138210225507,stop,-0.006115995077288072,-1.1292467939890662,0.005415995077288029,0.3605147519652861
AEP,LONG,2021-09-07,2021-09-13,74.5422592163086,73.72386308488011,76.99744761059405,73.72386308488011,stop,-0.011678955293716618,-1.0637583432369604,0.010978955293716593,0.3574070330235359
AEP,LONG,2021-11-30,2021-11-30,68.96183013916016,68.10024137884793,71.54659642009685,68.10024137884793,stop,-0.013193704975253816,-1.0560282159204606,0.012493704975253764,0.3597287469393891
AEP,LONG,2021-11-04,2021-11-04,70.42377263039681,69.51792926199973,73.14130273558807,69.51792926199973,stop,-0.013562749815338636,-1.054420711748997,0.012862749815338628,0.4691893281128034
CPRT,LONG,2021-06-09,2021-06-21,30.827499389648438,30.25052661525779,32.55841771282038,32.55841771282038,hedef,0.05594851536589982,2.9893140540566403,0.018716171788633263,0.3682735738501321
CPRT,LONG,2021-09-28,2021-10-01,35.25749969482422,34.56502081816168,37.33493632481184,34.56502081816168,stop,-0.0203406121436965,-1.0356404370127859,0.01964061214369653,0.3674082951631098
CPRT,LONG,2021-11-03,2021-11-03,37.897499084472656,37.42468068711043,39.31595427655933,37.42468068711043,stop,-0.01317624272800496,-1.0561066352475474,0.01247624272800492,0.4035437131151354
CPRT,LONG,2021-12-17,2021-12-20,35.782501220703125,35.31453766509535,37.18639188752645,35.212501525878906,stop,-0.016629565440618964,-1.2715679213649116,0.013078000129767862,0.3725473045303868
PAYX,LONG,2021-08-26,2021-09-07,96.96421813964844,95.84182568979995,100.33139548919391,95.84182568979995,stop,-0.012275326150023878,-1.0604734580198913,0.01157532615002386,0.3827829208800049
PAYX,LONG,2021-11-26,2021-11-30,105.86214447021484,104.42952530981698,110.16000195140843,104.42952530981698,stop,-0.014232874924907067,-1.0517258900185082,0.013532874924907096,0.4302658564027691
PAYX,LONG,2021-12-20,2021-12-21,105.18205852910621,103.89837158733503,109.03311935441975,109.03311935441975,hedef,0.03641328632627847,2.9836125062729173,0.012204428775426133,0.371485238074998
TTD,LONG,2021-02-23,2021-03-03,75.62999725341797,72.13755036335762,86.10733792359902,72.13755036335762,stop,-0.046878064483567315,-1.0151587124282602,0.04617806448356727,0.3587281386883178
TTD,LONG,2021-02-16,2021-02-17,85.0,83.02708344978213,90.91874965065362,83.02708344978213,stop,-0.023910782943739682,-1.0301583967114207,0.0232107829437397,0.4331340699715468
TTD,LONG,2021-03-25,2021-04-23,64.01599884033203,54.88792876993941,91.4002090515099,72.64900207519531,zaman,0.13415696374738464,0.940855182907863,0.1425904498211416,0.47473115805198374
TTD,LONG,2021-05-06,2021-05-10,60.500999450683594,58.22668862221213,67.32393193609798,56.742000579833984,stop,-0.06283118634368509,-1.6714292184151145,0.03759129351780926,0.40094250941249954
TTD,LONG,2021-07-14,2021-07-15,74.56999969482422,72.33131336800867,81.28605867527088,72.33131336800867,stop,-0.03072127311220759,-1.0233167993037369,0.030021273112207578,0.467752872662481
TTD,LONG,2021-08-13,2021-08-18,81.31999969482422,77.219605666705,93.6211817791819,77.219605666705,stop,-0.05112294691966409,-1.0138825682107637,0.05042294691966414,0.4582575683871165
TTD,LONG,2021-12-01,2021-12-01,101.26000213623047,97.13822384454794,113.62533701127806,97.13822384454794,stop,-0.04140490030345131,-1.0171969466767277,0.04070490030345134,0.5266710799766897
TTD,LONG,2021-12-14,2022-01-04,87.61000061035156,83.76592273058135,99.1422342496622,83.76592273058135,stop,-0.04457715846352835,-1.0159536311035697,0.04387715846352835,0.46474123324066263
ROST,LONG,2021-05-25,2021-06-03,115.40625,112.6944146274395,123.5417561176815,112.6944146274395,stop,-0.024198167322484664,-1.0297895572192197,0.023498167322484706,0.3869629477011289
ROST,LONG,2021-06-10,2021-06-17,112.57006072998047,110.33600196721359,119.2722370182811,110.33600196721359,stop,-0.020545940814811058,-1.0352716964406945,0.01984594081481105,0.3793750782301657
ROST,LONG,2021-07-16,2021-07-16,114.91717529296875,112.89600871355613,120.98067503120662,112.89600871355613,stop,-0.018288028719465853,-1.0397997985541894,0.017588028719465815,0.41180573216322947
ROST,LONG,2021-09-03,2021-09-08,109.12739562988281,107.3668109991596,114.40914952205246,107.3668109991596,stop,-0.01683329650690487,-1.0433885287920168,0.016133296506904884,0.3540516215975652
ROST,LONG,2022-01-07,2022-01-10,100.48877716064453,97.69981183579738,108.855673135186,97.69981183579738,stop,-0.02845399804486256,-1.0252215914575091,0.02775399804486253,0.3623570874188493
FANG,LONG,2021-01-27,2021-01-27,45.976229461302104,45.08779808826889,48.641523580401746,45.08779808826889,stop,-0.020023711044660573,-1.036224925863471,0.019323711044660605,0.4324902676216912
FANG,LONG,2021-02-18,2021-02-18,53.3152301493309,51.50621499981407,58.742275597881395,51.50621499981407,stop,-0.03463055125992983,-1.020630375104651,0.033930551259929886,0.7052565920681971
FANG,LONG,2021-03-16,2021-03-18,64.79219818115234,62.15671400090737,72.69865072188726,62.15671400090737,stop,-0.04137594948509745,-1.0172091864814738,0.0406759494850974,0.6290379920301614
FANG,LONG,2021-05-26,2021-06-01,60.725858912441154,59.25028333119746,65.15258565617225,66.6793637251588,hedef,0.09783903838234417,4.026469207309221,0.024298966003449787,0.5150408832283946
FANG,LONG,2021-08-16,2021-08-18,58.45708681584714,56.646076492875686,63.89011778476151,56.646076492875686,stop,-0.03168016718959229,-1.0225951007854848,0.030980167189592286,0.5018593215262835
KDP,LONG,2021-02-09,2021-02-19,27.48036434228542,26.897693013535182,29.22837832853613,26.897693013535182,stop,-0.02190318790146647,-1.0330139035343628,0.021203187901466483,0.40149179062883134
KDP,LONG,2021-08-06,2021-08-31,29.871981731374248,29.45432278848496,31.124958560042117,31.124958560042117,hedef,0.041744884672712625,2.985695514371265,0.013981628224237515,0.37336016510715103
KDP,LONG,2021-11-29,2021-11-30,30.34147211406521,30.2978353111779,30.472382522727138,30.2978353111779,stop,-0.002138190036503917,-1.4867228823957346,0.0014381900365039082,0.37988566538615026
ODFL,LONG,2021-06-17,2021-06-22,120.04386901855469,118.59424165745592,124.39275110185098,124.39275110185098,hedef,0.03602744017542545,2.9834379686476784,0.012075813391808457,0.3576691643303145
ODFL,LONG,2021-06-03,2021-06-04,127.16278839111328,125.16650053407197,133.15165196223722,125.16650053407197,stop,-0.01639867948240755,-1.0445897376772608,0.0156986794824076,0.3974820947032898
ODFL,LONG,2021-07-16,2021-07-19,124.29310754077925,121.8665997243737,131.5726309899959,121.8665997243737,stop,-0.020222464796444482,-1.0358561281732992,0.01952246479644445,0.4367879707493836
ODFL,LONG,2021-09-15,2021-09-20,141.0676714669236,138.38104166622696,149.1275608690135,138.38104166622696,stop,-0.01974497162786567,-1.0367551085755249,0.019044971627865673,0.3599207026333532
ODFL,LONG,2021-10-13,2021-10-15,138.08055114746094,135.18418820277753,146.76963998151115,146.76963998151115,hedef,0.06272768070407572,2.990465245289726,0.02097589356802522,0.3675766832341943
ODFL,LONG,2022-01-14,2022-01-21,153.38654059688028,147.47695606378306,171.11529419617193,147.47695606378306,stop,-0.03922739953649764,-1.01816888781546,0.03852739953649761,0.398882277803986
ODFL,LONG,2021-11-26,2021-12-02,171.3190631632675,169.11182167528236,177.94078762722287,169.11182167528236,stop,-0.013583805498525413,-1.0543317733320414,0.01288380549852542,0.3661964762688387
FAST,LONG,2021-06-15,2021-06-15,22.468601858926608,22.526194542519647,,22.468601858926608,stop,-0.0007,-0.05131109154862031,0.013642274581835943,0.39639811494144445
FAST,LONG,2021-08-19,2021-08-20,23.909700695491694,23.695535306089905,24.55219686369706,24.55219686369706,hedef,0.02667177796108964,2.977671741673771,0.008957259320363245,0.3560921159872835
FAST,LONG,2022-01-18,2022-01-18,26.029990806309915,26.132514515936712,,26.029990806309915,stop,-0.0007,-0.05131109154862031,0.013642274581835943,0.4338451519856466
BKR,LONG,2021-04-09,2021-04-20,17.72533644621202,16.934628741154675,20.09745956138405,16.934628741154675,stop,-0.045308896844173684,-1.0156919370242499,0.04460889684417365,0.6108142063155058
BKR,LONG,2021-03-22,2021-03-23,19.6001941523719,19.103551960295984,21.09012072859964,19.103551960295984,stop,-0.02603863635303901,-1.0276257960470714,0.025338636353039044,0.36986336754239174
BKR,LONG,2021-03-16,2021-03-22,20.846601261402043,19.582254834768364,24.63964054130308,19.582254834768364,stop,-0.061350002884386044,-1.011541631767675,0.060650002884386024,0.6953367716261
BKR,LONG,2021-03-31,2021-04-08,18.89799690246582,17.976833031279188,21.661488516025717,17.976833031279188,stop,-0.04944399524673634,-1.014360743235278,0.048743995246736345,0.6064212293986927
BKR,LONG,2021-04-08,2021-04-08,18.56444525755868,18.37106889957158,19.144574331519987,18.37106889957158,stop,-0.01111648997878708,-1.0672011398681798,0.010416489978787113,0.49715794936192875
BKR,LONG,2021-10-20,2021-11-17,22.092735290527344,21.24133794894365,24.64692731527843,21.857322692871094,zaman,-0.011355656466276863,-0.29466560453778184,0.038537434608594934,0.44751874885506177
VRSK,LONG,2021-05-05,2021-05-05,175.79197609875192,178.0409048881569,,175.79197609875192,stop,-0.0007,-0.0603274458952238,0.011603342220317997,0.39724929705915113
VRSK,LONG,2021-08-10,2021-08-18,180.25354006012526,178.12109883361958,186.6508637396423,186.6508637396423,hedef,0.03529069647887726,2.9830941610188804,0.011830232159625718,0.3582809125279138
VRSK,LONG,2021-11-03,2021-11-04,199.41323050241516,197.30389852936483,205.74122642156615,207.58130165779764,hedef,0.04076052771826275,3.8534420437991743,0.010577693203885909,0.3805408357730703
VRSK,LONG,2022-01-05,2022-01-06,209.55566735153297,206.35813434143893,219.14826638181512,206.0271684689941,stop,-0.01753800265167623,-1.149382301318875,0.015258632947063826,0.4130638265984294
CTSH,LONG,2021-06-14,2021-06-17,64.41963958740234,63.04120841567876,68.5549331025731,63.04120841567876,stop,-0.02209768524866359,-1.0327138188951408,0.021397685248663582,0.41389761641735845
CTSH,LONG,2021-07-16,2021-07-19,62.52449767794627,61.41169089109658,65.86291803849534,61.41169089109658,stop,-0.018497932461314225,-1.0393304110756394,0.017797932461314267,0.3934828727697302
CTSH,LONG,2021-11-24,2021-11-26,73.62346311901793,72.92098798564653,75.73088851913211,72.92098798564653,stop,-0.010241457350841886,-1.0733640548042886,0.009541457350841935,0.3879616866767908
CTSH,LONG,2022-01-18,2022-01-21,78.73300509494398,77.74781114727519,81.68858693795035,77.74781114727519,stop,-0.013213099766492396,-1.0559413744845567,0.012513099766492425,0.38353878237215705
XEL,LONG,2021-05-27,2021-06-08,59.23225534297421,58.38675848237661,61.76874592476703,58.38675848237661,stop,-0.014974264177548179,-1.0490393053745615,0.014274264177548226,0.38980277628061977
XEL,LONG,2021-11-03,2021-11-22,53.7162948548468,52.8294903516009,56.376708364584495,56.376708364584495,hedef,0.04932712239231527,2.9878854257825167,0.016509040797438434,0.46605861024211287
XEL,LONG,2022-01-18,2022-01-18,58.53530111943879,57.83395910451389,60.639327164213505,57.83395910451389,stop,-0.012681522286762413,-1.0584232940728566,0.011981522286762407,0.4958302843997394
EXC,LONG,2021-01-27,2021-01-27,24.284835853671037,23.944953213861126,25.30448377310077,23.944953213861126,stop,-0.014695673755337833,-1.050015455649859,0.013995673755337838,0.35724551692368794
EXC,LONG,2021-05-05,2021-05-05,25.98272524251614,25.879073393053506,26.293680790904038,25.879073393053506,stop,-0.0046892601139862594,-1.1754711349971512,0.003989260113986231,0.36430180101191634
EXC,LONG,2021-11-30,2021-12-03,31.715511322021484,31.295598861753476,32.97524870282551,31.295598861753476,stop,-0.013939971318906196,-1.0528702051643,0.013239971318906179,0.39613274434012347
EXC,LONG,2021-11-26,2021-11-30,32.13755975760389,31.858975225863325,32.97331335282558,31.858975225863325,stop,-0.009368502955475609,-1.0807521210519795,0.008668502955475601,0.4034063774744807
KHC,LONG,2021-03-25,2021-03-26,29.015106201171875,28.61981547317582,30.20097838516004,30.20097838516004,hedef,0.040670854504756916,2.9853196120494556,0.013623618168252315,0.3856753462814766
KHC,LONG,2021-04-09,2021-05-05,30.454059600830078,29.820275935718524,32.355410596164745,32.355410596164745,hedef,0.06223341676795167,2.990389761908595,0.02081113892265055,0.6242226425859119
KHC,LONG,2021-04-23,2021-05-06,30.659629821777344,30.036988120567848,32.52755492540583,32.5477799469888,hedef,0.06138424404296992,3.0226343587190447,0.02030819370060486,0.41464767074052195
KHC,LONG,2021-07-06,2021-07-06,30.530202865600586,30.254870637749505,31.35619954915383,30.254870637749505,stop,-0.00971835566121667,-1.0776194714753156,0.009018355661216617,0.41190616078229014
KHC,LONG,2021-06-09,2021-06-14,33.088343363446626,32.784413845699675,34.00013191668748,32.784413845699675,stop,-0.009885395424864628,-1.07620793309618,0.009185395424864589,0.35593605369213366
KHC,LONG,2021-07-06,2021-07-06,30.83987808227539,30.440153883716413,32.039050677952325,30.440153883716413,stop,-0.013661276873163507,-1.0540070246820636,0.012961276873163506,0.4282910201698771
KHC,LONG,2021-07-12,2021-07-13,30.39425270911879,30.01203364320538,31.54090990685901,30.01203364320538,stop,-0.013275373034216296,-1.0556643527071046,0.012575373034216271,0.4510144965759726
KHC,LONG,2021-09-07,2021-09-08,27.682128874234188,27.401262541585652,28.524727872179795,28.524727872179795,hedef,0.03023837422236262,2.9802880404972827,0.010146124740787514,0.38587472280272134
KHC,LONG,2021-10-19,2021-10-21,28.506430473803302,28.089312322837117,29.75778492670186,28.089312322837117,stop,-0.015332423072033051,-1.0478389666943067,0.014632423072033057,0.49187504813874017
KHC,LONG,2021-11-24,2021-11-30,27.440510381828755,26.86304294571141,29.17291269018079,26.86304294571141,stop,-0.021744340213866696,-1.0332631003341581,0.02104434021386669,0.37144810669562134
CCEP,LONG,2021-03-23,2021-04-08,43.25176239013672,42.54754743303291,45.36440726144814,45.36440726144814,hedef,0.04864528986946446,2.987716318162854,0.01628176328982145,0.45033533988112134
CCEP,LONG,2021-05-11,2021-05-11,47.49681001695637,46.758186576991356,49.7126803368514,46.758186576991356,stop,-0.01625101152480176,-1.045013149072878,0.015551011524801813,0.3802123346609709
CCEP,LONG,2021-06-23,2021-06-25,52.287410736083984,51.84285826804751,53.621068140193415,51.84285826804751,stop,-0.009202093750258898,-1.0823326607023993,0.008502093750258847,0.36274129942893263
DDOG,LONG,2021-03-03,2021-03-03,91.2300033569336,88.45201193536408,99.56397762164212,88.45201193536408,stop,-0.031150414549484716,-1.0229881927834656,0.030450414549484713,0.4011994655130076
DDOG,LONG,2021-01-27,2021-02-03,99.08999633789062,95.8845069734173,108.7064644313106,108.7064644313106,hedef,0.0968478196469846,2.9938174808853786,0.032349273215661514,0.36897077733945094
DDOG,LONG,2021-03-01,2021-03-03,95.95999908447266,91.38857562702066,109.67426945682865,91.38857562702066,stop,-0.04833884432124499,-1.0146938912976082,0.04763884432124493,0.4357168161596109
DDOG,LONG,2021-03-25,2021-03-25,78.80000305175781,79.25988824339971,,78.80000305175781,stop,-0.0007,-0.022769089189943352,0.030743434406202596,0.47544763693927516
DDOG,LONG,2021-05-03,2021-05-03,83.95999908447266,81.63209804862541,90.9437021920144,81.63209804862541,stop,-0.028426310876982407,-1.0252467774420402,0.027726310876982414,0.3710233834199276
DDOG,LONG,2021-06-03,2021-06-07,90.13999938964844,87.24163544632142,98.83509121962948,87.24163544632142,stop,-0.03285402665800171,-1.0217702127153587,0.0321540266580017,0.49133576643260835
DDOG,LONG,2021-12-14,2021-12-22,157.32000732421875,150.04915548424628,179.13256284413615,179.13256284413615,hedef,0.13845086768629608,2.995672583879116,0.04621695589543205,0.3545434882473735
IDXX,LONG,2021-03-25,2021-04-12,465.17999267578125,451.0015646384721,507.7152767877088,507.7152767877088,hedef,0.09123833522860367,2.993438200744795,0.03047944507620125,0.4319795676172225
IDXX,LONG,2021-03-18,2021-03-19,493.5199890136719,482.0297831551028,527.9906065893791,482.0297831551028,stop,-0.023982148878169927,-1.0300659532615724,0.023282148878169904,0.4112431970886007
IDXX,LONG,2021-07-21,2021-07-23,657.4199829101562,646.4367634222806,690.3696413737832,690.3696413737832,hedef,0.049919648505010385,2.988028647089573,0.016706549501670134,0.44641768668678905
IDXX,LONG,2021-10-08,2021-11-05,614.1900024414062,593.2669010715075,676.9593065511025,637.4000244140625,zaman,0.03708964470342472,1.0887529801733957,0.03406617054450477,0.42495006527968743
IDXX,LONG,2021-11-09,2021-12-02,624.9000244140625,593.2552811170519,719.8342543050942,593.2552811170519,stop,-0.05133968964744758,-1.0138231494875531,0.05063968964744762,0.4007837961421256
IDXX,LONG,2021-12-20,2021-12-22,596.3499755859375,582.0878144841853,639.1364588911941,639.1364588911941,hedef,0.07154727099337463,2.9916373125877413,0.023915756997791564,0.3838196116979546
LULU,LONG,2021-02-22,2021-02-23,325.5,310.55955976697425,370.32132069907726,310.55955976697425,stop,-0.04659996999393475,-1.0152505546320079,0.045899969993934725,0.4223540070212712
LULU,LONG,2021-03-31,2021-04-12,302.6099853515625,295.7977445193107,323.0467078483179,323.0467078483179,hedef,0.0673348583524522,2.991115699142083,0.0225116194508174,0.37360972262503617
TEAM,LONG,2021-03-03,2021-03-04,230.16000366210938,221.45228987860386,256.28314501262594,221.45228987860386,stop,-0.038533305721914345,-1.018502216146408,0.03783330572191435,0.4076380301833455
TEAM,LONG,2021-03-12,2021-03-19,223.4199981689453,215.64555001661645,246.7433426259319,215.64555001661645,stop,-0.03549745866997097,-1.0201164115643913,0.03479745866997094,0.5845239379434364
TEAM,LONG,2021-03-18,2021-03-18,228.14999389648438,219.60802165245724,253.77591062856578,219.60802165245724,stop,-0.03814015986212468,-1.0186965013658549,0.037440159862124636,0.571384093881712
TEAM,LONG,2021-04-29,2021-05-04,225.72000122070312,219.90921113294306,243.15237148398333,219.90921113294306,stop,-0.02644335484819723,-1.0271914831663456,0.025743354848197213,0.4098155200045504
TEAM,LONG,2021-11-09,2021-11-10,444.1099853515625,432.7305666859817,478.2482413483048,432.7305666859817,stop,-0.026322974130096842,-1.0273192329838783,0.02562297413009684,0.4263611530791276
TEAM,LONG,2021-11-30,2021-12-01,386.9599914550781,372.44644014391315,430.50064538857305,372.44644014391315,stop,-0.038206594045007,-1.018663384874672,0.037506594045006954,0.36430689515599524
TEAM,LONG,2021-12-17,2021-12-22,342.6300048828125,327.2129731750962,388.88110000596146,388.88110000596146,hedef,0.13478845537175863,2.9955551754529863,0.04499615179058619,0.3755607603809583
TEAM,LONG,2022-01-14,2022-01-24,295.5,279.67768932335593,342.9669320299322,277.4849853515625,stop,-0.061664516576776594,-1.1516563554358399,0.053544198567323405,0.45658503002763534
AZN,LONG,2021-03-03,2021-03-03,85.6904067993164,84.65954500659421,88.78299217748298,84.65954500659421,stop,-0.012730072340961428,-1.058187513770514,0.012030072340961455,0.39341681029619885
AZN,LONG,2021-08-06,2021-08-06,102.70254734686583,101.82332589733947,105.34021169544489,101.82332589733947,stop,-0.009260853379389831,-1.081767549212477,0.008560853379389778,0.4062849621003057
AZN,LONG,2021-08-31,2021-09-08,105.90266554843289,104.62924213994572,109.72293577389442,103.99729299283082,stop,-0.018691733689938893,-1.5544746612107758,0.012024469845896333,0.4531822279534942
AZN,LONG,2021-11-12,2021-11-12,109.49568109883297,112.53349736639245,,109.49568109883297,stop,-0.0007,-0.06591954337535713,0.010619005596171693,0.44530665974606903
AZN,LONG,2021-11-24,2021-11-29,102.16449598516203,101.23905771173503,104.94081080544305,101.14831551384333,stop,-0.010646512842057053,-1.1753302729532147,0.009058315851344407,0.38500737141253877
ZS,LONG,2021-05-06,2021-05-11,164.24000549316406,158.62863763985305,181.0741090530971,157.07899475097656,stop,-0.04430089200365713,-1.296649753899042,0.03416565797390066,0.40444142246693654
ZS,LONG,2021-08-02,2021-08-23,233.02999877929688,227.04727341831213,250.9781748622511,250.9781748622511,hedef,0.0768208821910221,2.992209904860454,0.025673627397007345,0.4472278574691985
ZS,LONG,2021-08-11,2021-08-25,235.91000366210938,227.72025963206238,260.47923575225036,260.47923575225036,hedef,0.10394663095563825,2.9942388918921847,0.034715543651879434,0.42807432513478877
CSGP,LONG,2021-03-24,2021-04-01,80.5510025024414,78.70029601569901,86.1031219626686,86.1031219626686,hedef,0.06872675805070091,2.991295107778624,0.02297558601690033,0.40414604090508255
CSGP,LONG,2021-06-02,2021-06-07,84.48300170898438,82.97232914381772,89.01501940448435,82.97232914381772,stop,-0.018581378911824396,-1.039146869123002,0.0178813789118244,0.37115152379367894
CSGP,LONG,2021-09-24,2021-09-24,87.77999877929688,87.2316076019127,89.4251723114494,87.2316076019127,stop,-0.006947336352361743,-1.1120477529171793,0.006247336352361796,0.37974412215542863
ON,LONG,2021-03-03,2021-03-04,39.439998626708984,36.59821580550757,47.96534709031322,36.59821580550757,stop,-0.07275331947646022,-1.0097150277750735,0.07205331947646017,0.5506516132287812
ON,LONG,2021-05-11,2021-05-20,35.310001373291016,34.39534948119997,38.05395704956415,38.05395704956415,hedef,0.07751043810688427,2.9922790295021255,0.025903479368961438,0.5571178250915289
ON,LONG,2021-05-10,2021-05-11,37.25,35.82883810530313,41.51348568409062,35.310001373291016,stop,-0.05278050004587883,-1.3834269227492488,0.038151997173070405,0.4491715154386274
ON,LONG,2021-12-02,2021-12-03,60.15999984741211,58.559067005183245,64.9627983740987,64.9627983740987,hedef,0.07963375230831524,2.992484381822823,0.026611250769438485,0.36702142345438044
ON,LONG,2021-12-14,2021-12-27,61.599998474121094,58.85818912587693,69.82542651885358,69.82542651885358,hedef,0.13332967935848392,2.9955066169342857,0.044509893119494603,0.493642796804
ON,LONG,2022-01-18,2022-01-19,63.0099983215332,60.973095914314655,69.12070554318885,60.973095914314655,stop,-0.033026653887918776,-1.0216539578277102,0.0323266538879188,0.47982338708308875
TTWO,LONG,2021-03-03,2021-03-03,184.0500030517578,179.6372202388087,197.28835149060512,179.6372202388087,stop,-0.024675999672807168,-1.0291958629276226,0.02397599967280717,0.41898871400387266
TTWO,LONG,2021-03-25,2021-03-29,167.22000122070312,164.0319341568738,176.7842024121911,176.7842024121911,hedef,0.05699531827334934,2.9895096308909017,0.019065106091116422,0.3631704152827759
TTWO,LONG,2021-04-15,2021-04-16,181.11000061035156,179.43308276305876,186.14075415222996,179.43308276305876,stop,-0.009959112371715949,-1.0756011993264332,0.009259112371716003,0.4094266754618064
TTWO,LONG,2021-04-27,2021-05-03,176.3699951171875,173.0329899431307,186.3810106393579,173.0329899431307,stop,-0.019620481184112713,-1.036996944907922,0.01892048118411272,0.36350131352435544
TTWO,LONG,2021-05-10,2021-05-12,167.47000122070312,163.2222572229708,180.2132332139001,163.2222572229708,stop,-0.026064208316535296,-1.0275979439714542,0.025364208316535262,0.39114671367187404
TTWO,LONG,2021-07-15,2021-07-15,170.3699951171875,168.21867238787468,176.82396330512597,168.21867238787468,stop,-0.013327356876033557,-1.0554351957319403,0.012627356876033573,0.4099950163807658
TTWO,LONG,2021-09-07,2021-09-10,158.13999938964844,155.77398168767482,165.2380524955693,153.10000610351562,stop,-0.03257045216633988,-2.1769453717142957,0.014961538580406074,0.3948986649479619
CDW,LONG,2021-01-27,2021-02-04,123.28441824745804,119.81913546503769,133.68026659471906,135.10665700849833,hedef,0.09569402236794075,3.4045076890234993,0.028108035319311695,0.4360722115676303
CDW,LONG,2021-05-12,2021-05-12,153.03931926744073,153.79592240171712,,153.03931926744073,stop,-0.0007,-0.04650787289309275,0.015051215126718092,0.41999032002056413
CDW,LONG,2021-09-28,2021-09-29,175.1639993773224,172.61425048400804,182.81324605726547,172.61425048400804,stop,-0.015256352346248524,-1.0480889705984908,0.014556352346248505,0.36822150335698534
CDW,LONG,2022-01-21,2022-01-24,174.8064422607422,169.22858162598166,191.54002416502377,169.22858162598166,stop,-0.03260878186537638,-1.0219375344052102,0.03190878186537634,0.3570392952429907
CDW,LONG,2022-01-14,2022-01-14,179.8052100760558,178.78877165383713,182.8545253427118,178.78877165383713,stop,-0.0063529976066250765,-1.1238281083260295,0.005652997606625116,0.36183255223642247
DXCM,LONG,2021-03-15,2021-03-17,88.01499938964844,85.85886637698816,94.48339842762927,85.85886637698816,stop,-0.025197335995140145,-1.028574535620478,0.024497335995140194,0.4098898467173898
BIIB,LONG,2021-01-26,2021-01-27,270.1199951171875,265.9023042601879,282.77306768818625,265.9023042601879,stop,-0.016314137913669834,-1.0448311654393156,0.015614137913669812,0.477912373793654
BIIB,LONG,2021-02-25,2021-02-26,274.8500061035156,269.96161528120797,289.5151785704386,269.96161528120797,stop,-0.01848566750501198,-1.0393575332386422,0.01778566750501203,0.37775733101821884
BIIB,LONG,2021-07-15,2021-07-15,338.8699951171875,329.81280102434783,366.0415773957065,329.81280102434783,stop,-0.027427636625684447,-1.026190119605535,0.026727636625684493,0.4280830768352299
BIIB,LONG,2021-07-15,2021-07-15,341.8500061035156,336.80279125872283,356.991650637894,336.80279125872283,stop,-0.015464413499131045,-1.0474112974444365,0.014764413499131088,0.43563777277410537
BIIB,LONG,2021-08-27,2021-09-02,338.6199951171875,334.9402644354457,349.6591871624128,334.9402644354457,stop,-0.011566844057653257,-1.064416126364401,0.010866844057653226,0.5366038381696062
BIIB,LONG,2022-01-12,2022-01-12,223.10000610351562,219.68885702048016,233.33345335262203,219.68885702048016,stop,-0.0159897758391487,-1.04578222776868,0.015289775839148733,0.3594246912998968
BIIB,LONG,2022-01-07,2022-01-12,234.47999572753906,227.92040196989126,254.15877700048247,223.10000610351562,stop,-0.049232880550060885,-1.7598842317900354,0.02797506771225771,0.3909018328861252
BIIB,LONG,2022-01-21,2022-01-24,223.10000610351562,214.88883192573576,247.73352863685523,214.88883192573576,stop,-0.03750490342062104,-1.0190192049140863,0.036804903420621086,0.5561905172916058
GFS,LONG,2021-12-02,2021-12-14,63.528831481933594,60.09198732766479,73.83936394474,60.09198732766479,stop,-0.05479896694300409,-1.012939248927571,0.05409896694300412,0.4901825256913807
GFS,LONG,2021-12-08,2021-12-13,65.06276686630862,60.90065076592833,77.54911516744949,60.90065076592833,stop,-0.06467078238207466,-1.0109424955258344,0.06397078238207468,0.4592439428333437
GFS,LONG,2022-01-07,2022-01-20,58.278587279470244,55.05919130321663,67.9367752082311,55.05919130321663,stop,-0.05594148965408615,-1.0126716351130869,0.0552414896540862,0.47831868551639856
GFS,LONG,2022-01-14,2022-01-20,58.54851798509864,55.05552401836924,69.02749988528684,55.05552401836924,stop,-0.06035981867582737,-1.011733190203001,0.05965981867582734,0.43035105400576473
WBD,LONG,2021-04-05,2021-05-03,41.22999954223633,33.31215068535713,64.98354611287391,36.119998931884766,zaman,-0.12463889563633976,-0.6490224432064495,0.192040963977409,0.6749925254615361
WBD,LONG,2021-05-11,2021-05-13,36.09000015258789,34.75452196973553,40.09643470114498,34.75452196973553,stop,-0.037704105769076866,-1.0189168197812515,0.037004105769076874,0.5051666992227363
WBD,LONG,2021-07-07,2021-07-07,30.18000030517578,29.673118149021967,31.700646773637224,29.673118149021967,stop,-0.017495299901533944,-1.0416783269190701,0.016795299901533983,0.3605670683818015
WBD,LONG,2021-07-14,2021-07-19,28.780000686645508,28.02667206800033,31.03998654258104,27.770000457763672,stop,-0.03579382226493474,-1.3674593050973605,0.026175420454202316,0.3741626071271331
WBD,LONG,2021-07-28,2021-07-29,27.770000457763672,26.80611703896026,30.66165071417391,30.66165071417391,hedef,0.10392856351256616,2.9942378922770043,0.034709521170855406,0.3695716030967734
WBD,LONG,2021-08-03,2021-08-03,28.829999923706055,27.040303741872027,34.199088469208135,27.040303741872027,stop,-0.06277756457059211,-1.0112762155674453,0.0620775645705921,0.5536272583611392
WBD,LONG,2021-08-16,2021-09-10,27.809999465942383,26.57906354909871,31.502807216473403,26.57906354909871,stop,-0.04496234953190644,-1.015814795360002,0.044262349531906456,0.41320597108245416
WBD,LONG,2021-08-27,2021-09-08,27.65999984741211,27.14547996536594,29.203559493550618,27.14547996536594,stop,-0.01930158658295541,-1.0376311986549267,0.018601586582955396,0.40867678516566286
WBD,LONG,2021-09-08,2021-09-08,27.850000381469727,27.440019482249706,29.079943079129787,27.440019482249706,stop,-0.01542103747233,-1.0475509964101206,0.014721037472329985,0.3847893275273208
MDB,LONG,2021-03-03,2021-03-04,376.9700012207031,347.4958781068596,465.3923705622337,347.4958781068596,stop,-0.07888691943231693,-1.0089529042080496,0.0781869194323169,0.5193667238163224
MDB,LONG,2021-05-06,2021-05-11,257.4100036621094,247.04000074392243,288.52001241667017,243.91000366210938,stop,-0.05314551419113008,-1.319207632870684,0.040285935941320995,0.37046192551675144
MDB,LONG,2021-06-03,2021-06-03,287.010009765625,277.31456961191464,316.0963302267561,277.31456961191464,stop,-0.034480843259187176,-1.0207218036160066,0.0337808432591872,0.4758751937552271
MDB,LONG,2021-08-11,2021-08-25,355.1400146484375,343.93369060275506,388.7589867854848,388.7589867854848,hedef,0.09446399377813727,2.9936617928733646,0.031554664592712466,0.36372557162942987
MDB,LONG,2021-08-17,2021-08-24,359.5899963378906,350.649925902381,386.4102076444194,386.4102076444194,hedef,0.07438553235537457,2.991955544446054,0.024861844118458213,0.4422306353568485
MDB,LONG,2021-10-11,2021-10-13,444.9700012207031,429.2682985735215,492.07510916224794,492.07510916224794,hedef,0.10566131157677947,2.9943322070068534,0.035287103858926507,0.36468130246382013
MDB,LONG,2021-12-01,2021-12-01,494.1400146484375,475.88870936076233,548.8939305114629,475.88870936076233,stop,-0.037635493476803915,-1.0189519601366526,0.036935493476803936,0.4394197424935149
MDB,LONG,2022-01-03,2022-01-04,477.2699890136719,455.03374995256166,543.9787061970026,455.03374995256166,stop,-0.047290482479452965,-1.0150245278165697,0.046590482479453015,0.414959621111733
MDB,LONG,2022-01-21,2022-01-24,385.3699951171875,367.5780751470579,438.74575502757625,363.739990234375,stop,-0.05682789048673861,-1.2308825532130032,0.046168410087866915,0.4205023159776859
MCHP,LONG,2021-03-25,2021-03-26,64.36718897458086,63.04560731565476,68.33193395135913,68.33193395135913,hedef,0.061395745284821925,2.990259067453029,0.020531915094940626,0.5255966681449038
MCHP,LONG,2021-11-26,2021-12-01,72.59098815917969,70.93327427923026,77.56412979902797,77.56412979902797,hedef,0.06830907758609125,2.9912420365133907,0.02283635919536378,0.3873597060210108
MCHP,LONG,2021-11-24,2021-11-24,73.89176406195199,73.1448025343581,76.13264864473364,73.1448025343581,stop,-0.01080886039975467,-1.0692461832806577,0.010108860399754675,0.4479318861118019
MCHP,LONG,2021-12-14,2022-01-10,75.48326110839844,72.78018534655588,83.5924883939261,72.64196089955426,stop,-0.03834146073079566,-1.0706834534475869,0.035810267364585355,0.3640057376071409
PLTR,LONG,2021-03-04,2021-03-05,23.899999618530273,21.967601590087156,29.697193703859625,21.967601590087156,stop,-0.08155347528394438,-1.0086576365152113,0.08085347528394436,0.5478554911598138
PLTR,LONG,2021-03-24,2021-04-22,22.520000457763672,19.6450911374837,31.144728418603588,22.860000610351562,zaman,0.014397697410155987,0.11278134930387301,0.12766026917592088,0.5717925603193738
PLTR,LONG,2021-05-04,2021-05-04,21.649999618530273,20.928014215336574,23.81595582811137,20.928014215336574,stop,-0.034048056162354366,-1.020990728712703,0.0333480561623544,0.381198611025063
PLTR,LONG,2021-08-02,2021-08-12,21.68000030517578,20.869476817518645,24.11157076814719,24.450000762939453,hedef,0.12756754699133352,3.412195327857736,0.03738576919962659,0.40494671471432186
PLTR,LONG,2021-11-30,2021-12-01,20.350000381469727,19.79713582763452,22.008594042975346,19.79713582763452,stop,-0.02786779083398113,-1.0257658049665344,0.027167790833981173,0.45720791805953886
PLTR,LONG,2021-12-13,2021-12-17,18.540000915527344,17.817863693528373,20.706412581524255,17.817863693528373,stop,-0.0396502258003761,-1.0179716544799389,0.03895022580037614,0.3856834223913784
PLTR,LONG,2022-01-14,2022-01-18,15.9399995803833,15.10773203985439,18.436802201970032,15.10773203985439,stop,-0.05291251960088802,-1.0134067462239087,0.052212519600888053,0.4208597657568091
APP,LONG,2021-06-30,2021-06-30,78.37100219726562,76.53450785954139,83.88048521043832,76.53450785954139,stop,-0.024133339962932175,-1.029871968789223,0.02343333996293221,0.5312468747388471
APP,LONG,2021-08-06,2021-08-06,59.97999954223633,57.32565101280533,67.94304513052933,57.32565101280533,stop,-0.04495389379274458,-1.0158178171457248,0.04425389379274462,0.4677651685019952
APP,LONG,2021-08-06,2021-08-06,61.470001220703125,59.675649486926424,66.85305642203323,59.675649486926424,stop,-0.029890689737164987,-1.0239802487129563,0.02919068973716503,0.43045208635779986
APP,LONG,2022-01-04,2022-01-05,90.66999816894531,87.37325848554084,100.56021721915872,86.87999725341797,stop,-0.042499944767457075,-1.1688729727869263,0.03635976342760762,0.4468862489328439
APP,LONG,2022-01-14,2022-01-18,78.48999786376953,74.35849859297363,90.88449567615723,74.35849859297363,stop,-0.05333727077642044,-1.013298561830329,0.05263727077642045,0.4537261573334091
AXON,LONG,2021-03-03,2021-03-03,161.4499969482422,154.50021500848743,182.29934276750646,154.50021500848743,stop,-0.043746033268013816,-1.0162616609907278,0.04304603326801378,0.5308364489844621
AXON,LONG,2021-03-19,2021-04-19,138.58999633789062,125.48118043616701,177.91644404306146,150.5500030517578,zaman,0.08559776340211447,0.9049630268185292,0.09458702827124367,0.5611052283385203
AXON,LONG,2021-04-26,2021-05-04,150.5,143.7163134785129,170.85105956446134,143.7163134785129,stop,-0.04577432904642594,-1.0155299039344314,0.045074329046426,0.49359046346405266
AXON,LONG,2021-08-11,2021-09-09,180.5399932861328,175.02693193894328,197.07917732770142,181.14999389648438,zaman,0.002678756137343952,0.08772306067259833,0.030536510203875086,0.3843019722390302
AXON,LONG,2021-08-17,2021-09-10,183.27999877929688,179.0544586394723,195.9566191987706,179.0544586394723,stop,-0.023755107856656542,-1.030362035361195,0.02305510785665657,0.45109162568403854
AXON,LONG,2021-12-01,2021-12-02,162.80999755859375,159.82711792503105,171.75863645928186,159.82711792503105,stop,-0.019021231363505163,-1.038207038932677,0.01832123136350514,0.40091757265485073
AXON,LONG,2021-11-10,2021-11-10,174.2100067138672,171.82167729316873,181.37499497596255,171.82167729316873,stop,-0.014409484694648943,-1.0510595413023225,0.013709484694648957,0.3547331334059078
AXON,LONG,2021-11-30,2021-12-01,174.35000610351562,168.59861374451586,191.60418318051492,162.80999755859375,stop,-0.06688874758209248,-2.0276922215097333,0.03298762350249091,0.514951360514427
AXON,LONG,2021-12-10,2021-12-10,147.83999633789062,143.9997399002425,159.360765650835,143.9997399002425,stop,-0.026675761179479195,-1.0269481997144716,0.02597576117947917,0.38314504993549003
AXON,LONG,2022-01-14,2022-01-14,140.6300048828125,139.07730457402252,145.28810580918244,139.07730457402252,stop,-0.011741031464685268,-1.0633998736656913,0.011041031464685299,0.4601095683775639
MSTR,LONG,2021-03-24,2021-04-22,62.02399826049805,51.663029327189236,93.10690506042448,59.81999969482422,zaman,-0.03623460962669852,-0.21691169801997032,0.16704774319438745,0.5339496168637596
MSTR,LONG,2021-09-10,2021-09-20,62.25899887084961,59.61283216075788,70.19749900112478,57.44200134277344,stop,-0.07807030173049487,-1.8368377202951363,0.04250255799295695,0.37359160165974775
MSTR,LONG,2021-10-27,2021-10-29,72.0,69.29074598024818,80.12776205925547,69.29074598024818,stop,-0.0383285280521087,-1.0186029067900464,0.03762852805210867,0.4823603153923199
MSTR,LONG,2021-12-10,2021-12-15,59.492000579833984,55.49883182160056,71.47150685453425,55.49883182160056,stop,-0.06782110400245964,-1.010428910704067,0.06712110400245959,0.4539525277148546
MSTR,LONG,2021-12-31,2022-01-05,54.638999938964844,51.98612595233376,62.5976218988581,51.98612595233376,stop,-0.04925275516745383,-1.0144173074748437,0.048552755167453845,0.4921281933081722
MSTR,LONG,2022-01-19,2022-01-21,46.36899948120117,43.98512311514745,53.52062857936233,42.284000396728516,stop,-0.0887976326894607,-1.7272109588994977,0.05141099425749279,0.5672733026294484
SHOP,LONG,2021-02-23,2021-02-23,126.97799682617188,132.9214615886698,,126.97799682617188,stop,-0.0007,-0.023313560129322574,0.030025444252916856,0.39344021772785154
SHOP,LONG,2021-03-02,2021-03-04,126.97799682617188,118.80507932058482,151.49674934293301,118.80507932058482,stop,-0.06506483256839743,-1.010875504092334,0.06436483256839742,0.4917655497653151
SHOP,LONG,2021-03-25,2021-04-23,107.24299621582031,100.48369271933193,127.52090670528547,109.90299987792969,zaman,0.024103518700244665,0.3824260245306674,0.06302792475963352,0.5340278588250601
SHOP,LONG,2021-05-11,2021-05-20,103.99099731445312,99.05828879862419,118.78912286193993,118.78912286193993,hedef,0.14210198699546558,2.9957836147430665,0.047433995665155194,0.44634719104308357
SHOP,LONG,2021-06-03,2021-06-03,122.3010025024414,120.1417126073504,128.77887218771443,120.1417126073504,stop,-0.01835553716575552,-1.0396476183889642,0.01765553716575547,0.5413663947961805
SHOP,LONG,2021-07-01,2021-07-19,146.09800720214844,141.589358902752,159.62395210033776,141.51600646972656,stop,-0.03206251356311792,-1.0389520375963797,0.030860436673568394,0.4211340475468254
SHOP,LONG,2021-08-18,2021-08-20,147.45799255371094,144.24057707612212,157.11023898647738,144.24057707612212,stop,-0.02251920031507878,-1.032081835717702,0.02181920031507879,0.3793853543845325
SHOP,LONG,2021-09-20,2021-09-20,144.0030059814453,142.129226025878,149.62434584814721,142.129226025878,stop,-0.013712089176865803,-1.0537961268544462,0.013012089176865766,0.3585969466842825
SHOP,LONG,2021-09-24,2021-09-28,143.4530029296875,139.00106178610073,156.8088263604478,139.00106178610073,stop,-0.03173414395423187,-1.0225558017979282,0.03103414395423185,0.3801685596415832
SHOP,LONG,2021-12-15,2021-12-27,131.24600219726562,126.62674359798586,145.1037779951049,145.1037779951049,hedef,0.10538626979746588,2.9943174429672457,0.035195423265821944,0.4560167955866235
SHOP,LONG,2021-12-13,2021-12-15,137.31199645996094,132.06652966234284,153.04839685281522,132.06652966234284,stop,-0.0389010817179228,-1.0183240884425426,0.03820108171792279,0.46244848813402095
AAPL,LONG,2022-05-27,2022-06-16,142.4060433122878,128.4510063975427,184.27115405652313,128.4510063975427,stop,-0.09919469594238053,-1.0122455607261198,0.09799469594238047,0.6800263996504796
AAPL,LONG,2022-09-15,2022-09-15,151.68639505914092,148.70965200725286,160.6166242148051,148.70965200725286,stop,-0.020824324585784114,-1.0611486013062208,0.019624324585784135,0.4444081216604182
MSFT,LONG,2022-05-24,2022-06-13,249.0482649536474,238.53022383258335,280.60238831683955,236.70645685368288,stop,-0.05075588870398897,-1.2018080051611462,0.04223294277124015,0.4876336325899593
MSFT,LONG,2022-12-30,2023-01-04,231.1809912077217,225.36384258626896,248.63243707207988,225.36384258626896,stop,-0.02636274625808612,-1.0476895481793613,0.025162746258086083,0.4352743640630297
NVDA,LONG,2022-01-31,2022-02-28,23.083163840300895,20.403010542735526,31.123623732997,24.281036376953125,zaman,0.050693776127900804,0.43660664526422605,0.11610857662787495,0.5724865575226057
NVDA,LONG,2022-02-25,2022-03-08,23.6198702807105,20.78908656563473,32.11222142593782,20.78908656563473,stop,-0.1210475555298697,-1.0100127198647861,0.11984755552986973,0.429411490270265
NVDA,LONG,2022-05-23,2022-06-02,16.207377095601466,15.174903063046628,19.30479919326598,19.30479919326598,hedef,0.19041186710804206,2.9890116713745836,0.0637039557026807,0.627071636321971
NVDA,LONG,2022-05-27,2022-06-14,18.11155027204223,15.36359122737036,26.35542740605784,15.36359122737036,stop,-0.15292412098337807,-1.00790909179254,0.1517241209833781,0.6671096858656077
NVDA,LONG,2022-09-09,2022-09-14,14.10621842165144,13.01639906606385,17.375676488414207,13.01639906606385,stop,-0.07845808030271542,-1.0155323559076042,0.07725808030271539,0.7164511903289208
AMZN,LONG,2022-01-31,2022-02-28,144.75,134.02621250265835,176.92136249202494,153.56300354003906,zaman,0.059684307703205965,0.8056205461158837,0.07408488771911327,0.5056342742579272
AMZN,LONG,2022-04-28,2022-04-29,142.17799377441406,132.2225402189128,172.04435444091786,129.8489990234375,stop,-0.08791521114961223,-1.255553880475765,0.07002105804993304,0.4268881663667425
AMZN,LONG,2022-07-14,2022-07-29,110.23999786376953,101.21334329459593,137.31996157129032,137.31996157129032,hedef,0.24494553911716502,2.991451096537117,0.08188184637238839,0.49355605308725486
META,LONG,2022-12-01,2022-12-29,118.06915973034357,106.02097291830201,154.21372016646825,119.11911010742188,zaman,0.007692672561372273,0.07538623027442819,0.10204347045035504,0.46628510470816503
TSLA,LONG,2022-05-06,2022-05-09,295.6666564941406,268.91581689357156,375.9191752958478,268.91581689357156,stop,-0.09167634899980406,-1.013263134656357,0.09047634899980411,0.46355669657925463
NFLX,LONG,2022-04-01,2022-04-07,37.68000030517578,36.250235878125004,41.969293586328114,36.250235878125004,stop,-0.03914491548489676,-1.031624790427526,0.037944915484896716,0.4673743119761929
NFLX,LONG,2022-07-14,2022-07-18,17.555999755859375,16.798922573639192,19.827231302519923,19.827231302519923,hedef,0.1286706754525623,2.9837675733495694,0.043123558484187474,0.45933095530530077
ADBE,LONG,2022-07-15,2022-08-11,377.7900085449219,354.0775235297035,448.92746359057696,434.8900146484375,zaman,0.1499421816671099,2.3888958941632055,0.06276631059288267,0.5425529281915775
ADBE,LONG,2023-01-09,2023-02-02,338.8999938964844,321.78467842283743,390.2459403174252,393.2799987792969,hedef,0.1597603300743128,3.1634108626540063,0.05050255468247293,0.45113305751260874
LIN,LONG,2022-07-14,2022-07-15,253.06669766893802,250.3524109533964,261.2095578155629,261.2095578155629,hedef,0.03147673530982479,2.9347354546762054,0.01072557843660824,0.5336989962036348
INTU,LONG,2022-07-13,2022-07-14,365.46547923214496,360.0046051869436,381.84810136774905,360.0046051869436,stop,-0.016142243126970122,-1.0803092273230408,0.014942243126970135,0.4541029666993941
QCOM,LONG,2022-02-22,2022-02-24,147.7144607607998,144.56714617401497,157.1564045211543,141.258813136352,stop,-0.04490355882015986,-2.1074807727233513,0.02130674661488565,0.5424444231834737
AMGN,LONG,2022-11-18,2022-12-12,253.24548344955343,245.6529285830082,276.02314804918916,242.9083508152301,stop,-0.042018625838918376,-1.401508109128048,0.029981008005055623,0.4257729721273159
ISRG,LONG,2022-06-02,2022-06-09,216.39999389648438,210.5038627237451,234.0883874147022,210.5038627237451,stop,-0.028446447962284592,-1.0440424381798696,0.027246447962284634,0.4295505833174586
AMAT,LONG,2022-02-23,2022-03-07,127.04588826754366,117.39681914450908,155.9930956366474,117.39681914450908,stop,-0.07714947978729372,-1.015799976554952,0.07594947978729369,0.533638598272338
AMAT,LONG,2022-02-22,2022-02-23,125.10111918237806,123.00736792496949,131.38237295460377,123.00736792496949,stop,-0.01793647103313447,-1.0716997028599573,0.016736471033134446,0.4550216780831729
AMAT,LONG,2022-09-09,2022-09-16,92.03647684491933,85.22771411928663,112.46276502181745,84.7796038892715,stop,-0.08004779170627754,-1.082034581720151,0.07397895876767871,0.6502860119117299
PDD,LONG,2022-07-08,2022-07-11,61.380001068115234,58.30850855836886,70.59447859735437,57.7599983215332,stop,-0.06017690914936293,-1.2025615351960492,0.05004060697779803,0.6006122272108945
PDD,LONG,2022-07-28,2022-07-28,53.560001373291016,51.279741719136936,60.400780335753254,51.279741719136936,stop,-0.04377392822419126,-1.0281862644593387,0.0425739282241913,0.46102936135811146
PDD,LONG,2022-08-11,2022-08-26,48.439998626708984,43.95389191814141,61.89831875241171,63.529998779296875,hedef,0.3108194174317653,3.3561600585191256,0.09261161923514204,0.5467104661659489
PDD,LONG,2022-08-23,2022-08-26,48.25,44.03242810256138,60.90271569231585,63.529998779296875,hedef,0.31598391252428754,3.6149291938700774,0.08741081652722522,0.6005760851267483
PDD,LONG,2022-09-19,2022-09-20,64.02999877929688,62.79007923885525,67.74975740062175,67.74975740062175,hedef,0.057393998004691506,2.963851687400983,0.019364666001563866,0.5282809068304791
ADP,LONG,2022-02-16,2022-02-18,182.74428306947527,179.61340642017993,192.1369130173613,179.61340642017993,stop,-0.018332555922994674,-1.0700420886056736,0.017132555922994626,0.5655302437437301
ADP,LONG,2022-05-23,2022-06-16,190.7698701253121,183.13819619652045,213.66489191168708,183.13819619652045,stop,-0.041204608294688215,-1.02999654417712,0.04000460829468822,0.5040314560480212
ADP,LONG,2022-06-09,2022-06-10,198.19853721977717,195.24671367700526,207.05400784809288,193.18189510638095,stop,-0.026511196458697282,-1.780079426131864,0.014893266036059111,0.5657186945484415
ADP,LONG,2022-07-14,2022-07-22,189.2447775770483,185.345918240154,200.9413555877312,200.9413555877312,hedef,0.06110660919914072,2.9660230511395067,0.020602203066380206,0.5662881146837554
LRCX,LONG,2022-02-15,2022-02-24,54.24704079687008,49.78912844437539,67.62077785435415,49.78912844437539,stop,-0.08337798219054007,-1.014602451508455,0.08217798219054002,0.4701053509245786
LRCX,LONG,2022-02-23,2022-02-24,53.991716303392515,51.51758254216055,61.41411758708842,50.02566699599111,stop,-0.07465662592230285,-1.6291921763188593,0.045824321407550966,0.42454339116989
LRCX,LONG,2022-08-26,2022-08-26,45.856635554173074,43.34925374421152,53.37878098405775,43.34925374421152,stop,-0.055878712898582504,-1.021946383453206,0.05467871289858245,0.5204399149366749
LRCX,LONG,2022-09-09,2022-09-15,42.90399575459627,39.68420947868665,52.563354582325125,39.68420947868665,stop,-0.07624630324705098,-1.015990128068662,0.07504630324705099,0.6035017319575708
INTC,LONG,2022-02-07,2022-02-18,44.9790042687875,42.585572111190984,52.15930074157704,42.585572111190984,stop,-0.054412208596120525,-1.0225512158141754,0.05321220859612049,0.5757145082843373
INTC,LONG,2022-02-16,2022-02-18,44.913583905827906,43.7220525490041,48.48817797629933,43.16601008482041,stop,-0.04010969432926361,-1.5118948497474356,0.02652942057178381,0.5586192292341086
KLAC,LONG,2022-02-23,2022-02-24,34.40763012776969,32.4122968303108,40.39363002014637,31.76192278902554,stop,-0.07809304171544376,-1.3466404326131565,0.05799101216937633,0.4393657636511526
KLAC,LONG,2022-09-26,2022-10-10,29.782277035825416,28.73801293937351,32.91506932518113,28.73801293937351,stop,-0.036263272536070666,-1.034223844872596,0.03506327253607063,0.4470514409452923
CTAS,LONG,2022-07-14,2022-08-10,93.87559007416861,86.8198349153152,115.04285555072886,103.7806396484375,zaman,0.10431251466374988,1.387859789025217,0.07516070102226628,0.5375163709391333
CDNS,LONG,2022-05-13,2022-06-01,137.80999755859375,131.412827347174,157.00150819285304,157.00150819285304,hedef,0.13856065578877522,2.9849203639886244,0.04642021859625843,0.48187694555020905
CRWD,LONG,2022-01-31,2022-02-28,42.67499923706055,36.76090294208781,60.41728812197876,48.8025016784668,zaman,0.14238529703463718,1.027425347721666,0.1385845670932483,0.5213652377027421
CRWD,LONG,2022-09-02,2022-09-22,43.56999969482422,41.336198237358424,50.2714040672216,41.336198237358424,stop,-0.05246925575193775,-1.0234058400575592,0.051269255751937796,0.4534307801359481
MAR,LONG,2022-12-30,2023-01-09,141.80591583603098,139.31435360363872,149.28060253320774,149.28060253320774,hedef,0.05201068314117211,2.9601598788925574,0.017570227713724074,0.4830357731642613
CEG,LONG,2022-07-06,2022-07-28,53.37457916896649,50.93758118672897,60.685573115679055,60.685573115679055,hedef,0.13627520543568764,2.984668758164511,0.04565840181189591,0.5169231605829778
CEG,LONG,2022-07-18,2022-08-05,54.53636329565934,50.51736613543167,66.59335477634235,67.53873346937908,hedef,0.23771652409475244,3.2257287583349212,0.07369389738071423,0.46777307289094505
CEG,LONG,2022-07-26,2022-07-28,53.63598515231294,50.36597064615734,63.44602867077973,63.44602867077973,hedef,0.1822004070794764,2.988518341574343,0.06096680235982548,0.6268990260992784
CEG,LONG,2022-10-03,2022-10-13,82.47003146587556,78.53413709635598,94.27771457443433,78.13459384898376,stop,-0.05376985525324709,-1.1266566727480853,0.04772514693592886,0.42989757471160894
CEG,LONG,2022-12-27,2022-12-30,85.9085895981227,82.8662327573602,95.03566012041023,82.8662327573602,stop,-0.03661388416448865,-1.0338850151095074,0.03541388416448861,0.4605953341516239
ASML,LONG,2022-09-09,2022-09-21,478.3910000089318,440.4789069172759,592.1272792838997,440.4789069172759,stop,-0.08044917711860824,-1.0151421130619949,0.07924917711860822,0.549300539810024
DASH,LONG,2022-07-28,2022-08-05,71.0,66.40233338040669,84.79299985877994,84.79299985877994,hedef,0.1935676036447879,2.989190168815591,0.06475586788159594,0.5045644535039513
DASH,LONG,2022-09-09,2022-09-22,60.0,55.679029568359304,72.9629112949221,55.679029568359304,stop,-0.07321617386067827,-1.0166629235582763,0.07201617386067825,0.581366825580744
DASH,LONG,2022-10-18,2022-11-14,47.400001525878906,40.85981002811311,67.0205760191763,62.02000045776367,zaman,0.30723878610220534,2.226711394464312,0.1379787191398097,0.4237578213742697
ROP,LONG,2022-02-18,2022-02-23,425.58807291422636,418.0108708086893,448.3196792308376,418.0108708086893,stop,-0.019004075320184576,-1.0674002990000595,0.017804075320184555,0.43404611804235904
NXPI,LONG,2022-09-09,2022-09-13,153.8253241705057,145.42959784730178,179.01250314011745,145.42959784730178,stop,-0.05577961079215923,-1.0219862322684874,0.05457961079215918,0.4340448794509492
ABNB,LONG,2022-02-01,2022-03-01,155.35000610351562,133.42454350435588,221.12639390099486,151.00999450683594,zaman,-0.029136990190961297,-0.20644634445146806,0.14113589789336714,0.4868452638498251
ABNB,LONG,2022-10-12,2022-11-02,107.47000122070312,100.88083897714193,127.2374879513867,100.88083897714193,stop,-0.0625116420277089,-1.0195721393248227,0.06131164202770892,0.5334760501429489
ABNB,LONG,2022-11-01,2022-11-02,110.96499633789062,102.16272818486057,137.37180079698078,102.16272818486057,stop,-0.08052472800906488,-1.0151276913280163,0.0793247280090649,0.49740366746687376
AEP,LONG,2022-02-02,2022-02-14,74.57562611184646,73.07501186315089,79.07746885793317,73.07501186315089,stop,-0.021322046933202964,-1.0596360799665925,0.020122046933202947,0.4563890904892768
TTD,LONG,2022-02-25,2022-03-07,81.98999786376953,69.50183593582096,119.45448364761523,69.50183593582096,stop,-0.15351323641083972,-1.0078785010960127,0.15231323641083966,0.4795529353336133
TTD,LONG,2022-08-29,2022-08-29,62.060001373291016,61.62905786260055,63.35283190536242,63.35283190536242,hedef,0.02013194494784224,2.899193281987949,0.006943981649280713,0.43070355406759114
TTD,LONG,2022-09-09,2022-09-23,65.30000305175781,58.14121933820744,86.77635419240892,57.994998931884766,stop,-0.11306835801650708,-1.0313713081678517,0.10962914822341134,0.43364985262777217
FANG,LONG,2022-07-13,2022-07-14,90.97338496472533,87.24846466397231,102.14814586698436,87.24846466397231,stop,-0.042145165470069544,-1.0293074893268466,0.04094516547006952,0.4255171840801146
VRSK,LONG,2022-04-28,2022-04-29,203.92864026169926,197.8243272075932,222.24157942401743,197.8243272075932,stop,-0.031133574049591405,-1.040088764476035,0.029933574049591384,0.46290922981492977
VRSK,LONG,2022-09-15,2022-09-22,180.71476983636018,174.94963785882743,198.01016576895842,174.25199540321108,stop,-0.03696229236271733,-1.158626061464657,0.03190183061823423,0.4419430660545442
XEL,LONG,2022-03-23,2022-04-05,59.76429310892184,58.38193742355514,63.911360165021954,63.911360165021954,hedef,0.06869038078375636,2.969736439312182,0.023130126927918788,0.46951612692477085
CCEP,LONG,2022-02-16,2022-02-16,48.71284073045849,49.37228207330913,,48.71284073045849,stop,-0.0012000000000000001,-0.059000602942606235,0.020338775201455467,0.45755705466264596
DDOG,LONG,2022-05-26,2022-05-26,83.20999908447266,82.04503964547156,86.70487740147594,86.70487740147594,hedef,0.041300701303401834,2.950000834871055,0.014000233767800643,0.5293998291248144
DDOG,LONG,2022-07-14,2022-07-19,96.30000305175781,88.37281448613219,120.0815687486347,88.37281448613219,stop,-0.08351763566367745,-1.0145776781648927,0.08231763566367746,0.5264217551729377
DDOG,LONG,2022-10-10,2022-10-10,87.61000061035156,84.56082458280565,96.7575286929893,84.56082458280565,stop,-0.03600397222124476,-1.0344788230599584,0.034803972221244754,0.4249635151057276
DDOG,LONG,2022-10-31,2022-11-02,80.87999725341797,76.29458191997182,94.63624325375642,76.29458191997182,stop,-0.057894058965888194,-1.021166238965569,0.05669405896588815,0.5148928313843102
DDOG,LONG,2022-12-01,2022-12-06,75.20500183105469,69.27182500668096,93.00453230417588,69.27182500668096,stop,-0.08009338049219653,-1.0152104015889993,0.07889338049219649,0.4526798523018429
AZN,LONG,2022-04-21,2022-04-21,127.13381721347675,124.86846079202724,133.92988647782528,124.86846079202724,stop,-0.019018676974401204,-1.0673450672978664,0.01781867697440121,0.4850811848025761
ZS,LONG,2022-01-31,2022-02-25,240.36000061035156,215.70605970122193,314.32182333774045,215.70605970122193,stop,-0.10377089718141677,-1.0116992249553751,0.10257089718141672,0.5038587220052788
ZS,LONG,2022-07-13,2022-07-18,146.65199279785156,143.08249405082802,157.3604890389222,157.3604890389222,hedef,0.07231977993460662,2.9712406692833007,0.024339926644868868,0.5008987714438161
ZS,LONG,2022-10-13,2022-10-13,141.27999877929688,139.76100695186165,145.83697426160256,139.76100695186165,stop,-0.011951641000564804,-1.111610869441883,0.010751641000564773,0.4260294092649505
ZS,LONG,2022-10-31,2022-11-02,152.72999572753906,140.57278319711418,189.20163331881372,140.57278319711418,stop,-0.08079937713946253,-1.015075494848377,0.07959937713946255,0.5980267835233403
ZS,LONG,2022-11-30,2022-11-30,126.98999786376953,129.67936124249596,,126.98999786376953,stop,-0.0012000000000000001,-0.028936415857429933,0.04147023618655519,0.48564022556597775
ZS,LONG,2023-01-13,2023-01-17,102.61000061035156,99.45135020721172,112.0859518197711,112.0859518197711,hedef,0.09164919747640635,2.9772602246972792,0.03078306582546879,0.5480385580666733
GFS,LONG,2022-09-15,2022-09-22,57.980766506794616,54.80325372752691,67.51330484459774,54.80325372752691,stop,-0.056002876379624,-1.0218966608921678,0.054802876379623985,0.5653454432462798
GFS,LONG,2022-10-12,2022-10-13,49.892740242561594,46.586733745081325,59.8107597350024,46.586733745081325,stop,-0.06746227546147168,-1.0181098519729792,0.06626227546147166,0.484627362910783
GFS,LONG,2022-12-30,2023-01-30,52.82116623013267,50.17580333465113,60.75725491657729,57.28351974487305,zaman,0.08328040498194741,1.662897790990397,0.05008149354287545,0.5022204066328203
GFS,LONG,2022-12-12,2022-12-16,63.80772865682627,59.55154915456201,76.57626716361905,59.55154915456201,stop,-0.06790319711825268,-1.017990142179732,0.06670319711825264,0.5101047493717132
MDB,LONG,2022-05-09,2022-05-09,290.6199951171875,265.1082441891836,367.1552479011992,265.1082441891836,stop,-0.0889838805197031,-1.0136699356749288,0.08778388051970312,0.4249578218366865
MDB,LONG,2022-04-14,2022-04-18,432.44000244140625,394.1031060842047,547.450691513011,394.1031060842047,stop,-0.08985252090640264,-1.013535994100686,0.08865252090640262,0.5191395866782444
MDB,LONG,2022-05-26,2022-05-26,215.22000122070312,212.31071028404384,223.947874030681,223.947874030681,hedef,0.0398532606657113,2.948216247829969,0.013517753555237084,0.5936811677007093
MDB,LONG,2022-07-28,2022-08-08,289.1499938964844,260.15900833214664,376.1229505894976,376.1229505894976,hedef,0.30008837464596144,2.993018347193532,0.1002627915486538,0.5082320743048299
MDB,LONG,2022-10-31,2022-11-02,186.50999450683594,173.1193385747033,226.68196230323383,173.1193385747033,stop,-0.07299591617886106,-1.0167140425788355,0.07179591617886107,0.5396252310431748
MCHP,LONG,2022-01-31,2022-02-24,66.62665638912488,61.79572019998069,81.11946495655742,60.90883205707463,stop,-0.08701886953257845,-1.200135148285676,0.07250755855028486,0.5683391720689661
MCHP,LONG,2022-02-07,2022-02-24,66.25802779700274,61.04676639086458,81.8918120154172,60.90883205707463,stop,-0.08193279446705906,-1.0417257838745597,0.07865101904487858,0.46405555898451084
MCHP,LONG,2022-02-28,2022-02-28,64.24752894787316,62.577935193483135,69.25631021104326,62.577935193483135,stop,-0.027186894464760546,-1.046177122150061,0.025986894464760553,0.49373910364521006
MCHP,LONG,2022-07-01,2022-07-01,51.83088845003956,50.36643637122005,56.224244686498096,50.36643637122005,stop,-0.02945442747775997,-1.042471219809515,0.028254427477760025,0.5771916592967663
MCHP,LONG,2022-09-30,2022-10-04,55.86212637745847,54.74363556474697,59.21759881559299,59.94782606285524,hedef,0.07243899327408046,3.6179074078602107,0.020022345822532827,0.43684357935268503
PLTR,LONG,2022-02-01,2022-02-18,14.229999542236328,11.500571159881098,22.41828468930202,11.500571159881098,stop,-0.19300804428376564,-1.0062562548118403,0.19180804428376566,0.46574635302238804
PLTR,LONG,2022-04-20,2022-04-22,13.079999923706055,11.941578267701875,16.495264891718595,11.941578267701875,stop,-0.0882352953092084,-1.0137875099491165,0.08703529530920841,0.49031767255361813
PLTR,LONG,2022-07-18,2022-08-03,9.25,8.571741843010845,11.284774470967466,11.284774470967466,hedef,0.2192756184829693,2.990453487461554,0.07332520616098978,0.5559347613256485
APP,LONG,2022-04-05,2022-04-07,57.27000045776367,50.98958635915521,76.11124275358905,50.98958635915521,stop,-0.11086324512674364,-1.0109425906429548,0.10966324512674368,0.46216075175040033
APP,LONG,2022-05-05,2022-05-06,39.689998626708984,35.796751244792766,51.36974077245764,35.63999938964844,stop,-0.10324080063472565,-1.0524959843152286,0.09809139623643869,0.4623281610075877
APP,LONG,2022-07-13,2022-07-14,32.63999938964844,31.66703308745928,35.55889829621591,31.66703308745928,stop,-0.03100901716860096,-1.0402562752476106,0.029809017168601012,0.6291362014874683
APP,LONG,2022-08-04,2022-08-16,35.93000030517578,32.143397287264996,47.28980935890814,32.143397287264996,stop,-0.10658833803921,-1.0113864590933535,0.10538833803921004,0.5355484961268611
MSTR,LONG,2022-11-18,2022-12-16,17.700000762939453,14.974357381671362,25.876930906743723,17.375,zaman,-0.019561624233369844,-0.12703083838278745,0.15399114484645032,0.49087916758445244
SHOP,LONG,2022-12-15,2022-12-16,37.290000915527344,35.94697505509522,41.31907849682371,35.94697505509522,stop,-0.03721571004180082,-1.0333187933434387,0.03601571004180085,0.450873914773852
AAPL,LONG,2024-01-16,2024-01-18,178.99771118164062,177.27450193490083,184.16733892186002,184.16733892186002,hedef,0.02868097119282951,2.9792250753621037,0.009626990397609869,0.37462749296388864
NVDA,LONG,2023-04-05,2023-05-01,26.326465606689453,25.549775090318068,28.65653715580361,28.65653715580361,hedef,0.08830681226735179,2.9932208608057493,0.029502270755783908,0.3574275095836158
GOOG,LONG,2023-09-20,2023-09-21,134.62489084872672,133.03594650860038,139.39172386910576,131.14779102020984,stop,-0.02652806052131903,-2.2476163336388564,0.0118027530429851,0.3353502731705164
COST,LONG,2023-03-29,2023-04-04,466.1086467118156,461.38501445669795,480.27954347716854,480.27954347716854,hedef,0.030202561431379206,2.980264820733808,0.010134187143793032,0.34699939966659893
PEP,LONG,2023-10-12,2023-11-09,142.48431729723157,139.13422388289578,152.53459754023893,149.1068878173828,zaman,0.0457792943235719,1.9470595864970621,0.02351201506161043,0.3335916881144351
CSCO,LONG,2023-06-12,2023-06-15,45.39569552965847,44.70784324406737,47.459252386431764,47.459252386431764,hedef,0.04525710408655612,2.9868007429849124,0.015152368028852045,0.36695154357129245
CSCO,LONG,2023-11-16,2023-11-16,43.94751901740417,47.80001172853861,,43.94751901740417,stop,-0.0007,-0.05956546731235371,0.011751775509949235,0.3597802253797202
TXN,LONG,2023-04-13,2023-04-20,159.14125136866943,156.97570685916838,165.63788489717257,156.97570685916838,stop,-0.014307688081353041,-1.051441508345511,0.013607688081353009,0.32793443428725616
PDD,LONG,2023-03-20,2023-03-20,79.93000030517578,77.68932905677075,86.65201405039089,77.68932905677075,stop,-0.0287329193025155,-1.0249706422811675,0.02803291930251555,0.33719083938858513
PDD,LONG,2023-02-10,2023-02-13,91.01000213623047,88.84487769450102,97.50537546141881,97.50537546141881,hedef,0.07116988432837942,2.991593092721861,0.023789961442793165,0.3329538651233094
PDD,LONG,2023-03-24,2023-03-24,75.23999786376953,73.67695503400772,79.92912635305497,73.67695503400772,stop,-0.02147409455263246,-1.0336958127453646,0.020774094552632457,0.3291342578066785
PDD,LONG,2023-04-05,2023-04-12,71.68000030517578,69.00716142941312,79.69851693246378,69.00716142941312,stop,-0.037988488621416315,-1.018772549542219,0.03728848862141631,0.3544981698261656
PDD,LONG,2023-06-29,2023-06-29,68.2300033569336,67.6489555572709,69.97314675592169,67.6489555572709,stop,-0.00921601599113294,-1.082198060775002,0.00851601599113291,0.3442646849021988
PDD,LONG,2023-07-06,2023-07-13,68.2300033569336,65.51854093309053,76.36439062846277,78.12000274658203,hedef,0.14475088528591448,3.642445236242264,0.039740030638112496,0.3837039069032877
PDD,LONG,2023-09-20,2023-09-21,95.33999633789062,91.83016305274263,105.8694961933346,91.83016305274263,stop,-0.037513860079341065,-1.0190145776208037,0.036813860079341024,0.3456613593231027
PDD,LONG,2024-01-17,2024-01-18,137.3300018310547,135.11806860457392,143.965801510497,144.25,hedef,0.0501895585573384,3.1160670159764616,0.016106700626145175,0.3393331095376967
GILD,LONG,2023-01-30,2023-02-02,73.15568662301455,72.23431443852665,75.91980317647823,72.23431443852665,stop,-0.013294676190190167,-1.0555790390661446,0.01259467619019015,0.348829532356136
SBUX,LONG,2023-05-18,2023-05-22,97.2419328160317,96.2477299656204,100.22454136726564,96.2477299656204,stop,-0.010924013670030673,-1.0684662621345946,0.010224013670030674,0.3757154196039052
SBUX,LONG,2023-07-05,2023-07-06,90.75728209508684,89.37667632369926,94.89909940924957,89.37667632369926,stop,-0.01591206606805514,-1.046016103063737,0.01521206606805514,0.4064218675746745
ADI,LONG,2023-03-02,2023-03-02,171.21356574860334,170.6734033517694,172.8340529391052,170.6734033517694,stop,-0.0038549041950745816,-1.2218767850677734,0.0031549041950745984,0.3347235188344249
MDLZ,LONG,2023-10-12,2023-10-12,57.39365489035682,55.62751179398269,62.69208417947921,55.62751179398269,stop,-0.03147244513784871,-1.0227476236244548,0.030772445137848745,0.33444946301038303
REGN,LONG,2023-05-11,2023-05-11,743.1173435760163,733.7545793554946,771.2056362375815,733.7545793554946,stop,-0.01329930790400665,-1.0555586072928163,0.012599307904006667,0.3957169972033678
REGN,LONG,2023-09-05,2023-09-06,822.4290161132812,813.506139656044,849.1976454849931,813.506139656044,stop,-0.011549418347866568,-1.0645195878300364,0.01084941834786658,0.4314081146324139
REGN,LONG,2023-11-16,2023-12-07,788.47933798954,771.88217552406,838.27082538598,838.27082538598,hedef,0.06294875355313431,2.9904986248145793,0.021049584517711436,0.35990781555584767
CRWD,LONG,2023-04-25,2023-04-25,31.5,30.64336678460431,34.06989964618707,30.64336678460431,stop,-0.027894705250656814,-1.0257403047228506,0.0271947052506568,0.3408599083615301
CRWD,LONG,2023-08-04,2023-08-08,37.435001373291016,36.39644902653854,40.55065841354844,36.39644902653854,stop,-0.028442815778109108,-1.0252317574971004,0.02774281577810913,0.3780276257486234
CRWD,LONG,2023-08-17,2023-08-18,36.27750015258789,35.37398149908855,38.98805611308591,35.37398149908855,stop,-0.02560575838189024,-1.028105950008292,0.02490575838189023,0.34924580437945935
MAR,LONG,2023-05-31,2023-05-31,162.67550659179688,160.7005770680437,168.60029516305636,160.7005770680437,stop,-0.0128403004369236,-1.057659199097825,0.01214030043692361,0.32593832051865973
CEG,LONG,2023-02-28,2023-02-28,75.5731430053711,73.58690433325475,81.53185902172012,73.58690433325475,stop,-0.026982335140873746,-1.0266338586829507,0.026282335140873768,0.3413553241859944
MRVL,LONG,2023-04-25,2023-05-17,37.545860290527344,35.823820990052816,42.71197819195093,42.71197819195093,hedef,0.13739487361452116,2.995639372425449,0.045864957871507094,0.3338485202729512
MRVL,LONG,2023-04-04,2023-04-06,39.977108001708984,38.65582331054338,43.94096207520579,38.65582331054338,stop,-0.03375103238356111,-1.0211793686767925,0.03305103238356106,0.33752387395322786
MRVL,LONG,2023-07-06,2023-07-12,57.15956497192383,55.43489542867352,62.33357360167475,62.537396618163434,hedef,0.09388454471060334,3.111552444494217,0.030172894844414,0.3565668814032652
ASML,LONG,2023-04-17,2023-04-19,619.8596973128226,609.5826836215703,650.6907383865797,606.2928592296629,stop,-0.022586949808116007,-1.3623354304953315,0.01657958040473455,0.33780987829890075
ASML,LONG,2023-08-11,2023-08-14,648.973876953125,639.0158225500084,678.848040162475,636.9199420403816,stop,-0.019273836853550406,-1.25609040885495,0.015344307000258368,0.3375270049652579
ADSK,LONG,2023-11-02,2023-11-07,195.14999389648438,191.62009235955065,205.73969850728554,205.73969850728554,hedef,0.05406443731491171,2.988943034707652,0.01808814577163721,0.3428392641402655
ROP,LONG,2023-01-30,2023-01-30,421.2150573730469,414.7457355277441,440.6230229089552,414.7457355277441,stop,-0.01605871458548843,-1.045576730793693,0.015358714585488457,0.36886577143914123
ROP,LONG,2023-12-21,2024-01-02,524.4682221679498,519.9011008378087,538.1695861583729,519.9011008378087,stop,-0.009408099246246714,-1.0803849359321172,0.008708099246246659,0.36641201707051385
NXPI,LONG,2023-03-02,2023-03-03,164.38613472080533,162.4359215392914,170.23677426534712,170.23677426534712,hedef,0.035390833463409634,2.983141726629789,0.011863611154469857,0.3353396173813923
PCAR,LONG,2023-07-25,2023-07-25,74.41136008804993,75.20713196445824,,74.41136008804993,stop,-0.0007,-0.0507564529378477,0.013791349857665666,0.32596856401615865
PCAR,LONG,2024-01-16,2024-01-19,86.7962340852075,85.77526475947342,89.85914206240976,89.85914206240976,hedef,0.035088489293157755,2.9829972885771485,0.011762829764385913,0.3398651911851876
WDAY,LONG,2023-12-21,2024-01-02,270.7799987792969,268.1452281562895,278.68431064831907,268.1452281562895,stop,-0.010430300003269131,-1.0719402279235848,0.009730300003269096,0.3345798427743179
WDAY,LONG,2024-01-08,2024-01-09,265.54998779296875,262.5653077696319,274.50402786297934,274.50402786297934,hedef,0.03351884948829851,2.982205798563563,0.011239616496099468,0.3913709655175229
ABNB,LONG,2023-03-02,2023-03-03,119.66999816894531,118.82166068450833,122.21501062225626,123.18000030517578,hedef,0.029130677612906754,4.109294002150918,0.00708897382315769,0.5082766458801606
ABNB,LONG,2023-04-05,2023-04-06,113.58000183105469,110.42414115899423,123.04758384723606,110.42414115899423,stop,-0.02848535500250001,-1.0251931278163269,0.027785355002500012,0.3577352773593331
ABNB,LONG,2023-04-05,2023-04-05,116.91999816894531,114.3041384124122,124.76757743854465,114.3041384124122,stop,-0.023073073875294524,-1.031287609556995,0.022373073875294507,0.42185883078901326
MNST,LONG,2023-10-12,2023-10-12,24.795000076293945,24.113738683218966,26.838784255518885,24.113738683218966,stop,-0.02817575684528114,-1.0254770051992297,0.02747575684528114,0.32923566850991837
MNST,LONG,2023-11-16,2023-12-05,27.540000915527344,27.021562013054925,29.0953176229446,27.021562013054925,stop,-0.01952494136665469,-1.0371847107709962,0.018824941366654673,0.3427383063183587
FANG,LONG,2023-11-07,2023-11-07,141.39450225648244,139.83289078105582,146.0793366827623,139.83289078105582,stop,-0.011744357810984228,-1.0633807788537741,0.011044357810984281,0.3470649697875471
KDP,LONG,2023-04-27,2023-04-27,31.311428024176465,31.401512159807776,,31.311428024176465,stop,-0.0007,-0.05765928607042139,0.012140282124635821,0.38946492473178945
KDP,LONG,2023-08-22,2023-08-25,30.459739685058594,30.220271044205703,31.178145607617267,30.220271044205703,stop,-0.008561808516057555,-1.089038037312944,0.007861808516057597,0.3255778398674808
KDP,LONG,2023-09-13,2023-09-25,30.077505111694336,29.76480247849587,31.015613011289734,29.76480247849587,stop,-0.011096561551140215,-1.067329952942296,0.010396561551140259,0.3315627665046575
ODFL,LONG,2023-12-07,2023-12-20,181.42244300994307,173.8634359992437,204.09946404204115,204.09946404204115,hedef,0.12479567669726085,2.9951998339794317,0.04166522556575363,0.35257662029451203
CTSH,LONG,2023-10-12,2023-10-12,63.64761881840983,62.98718101874173,65.62893221741413,62.98718101874173,stop,-0.011076473023325005,-1.0674603016291269,0.010376473023325002,0.32691658981600985
XEL,LONG,2024-01-16,2024-01-17,55.414276123046875,54.91412966934509,56.91471548415224,54.91412966934509,stop,-0.009725588507034165,-1.0775572694738387,0.009025588507034138,0.3421874841223521
GEHC,LONG,2023-08-08,2023-08-08,74.44635996016925,73.4160915376069,77.53716522785628,73.4160915376069,stop,-0.014539070481264203,-1.0505814318199866,0.013839070481264152,0.39041971812005977
GEHC,LONG,2023-09-05,2023-09-06,68.0554525082752,66.90404434545614,71.50967699673235,66.90404434545614,stop,-0.017618676173360957,-1.0413743955394215,0.016918676173360937,0.37034956895325394
GEHC,LONG,2023-10-12,2023-10-18,66.63285827636719,65.65086533506668,69.5788371002687,65.65086533506668,stop,-0.015437367819756097,-1.0474983055699807,0.014737367819756122,0.43269441471715653
GEHC,LONG,2023-12-07,2023-12-13,67.39007568359375,65.68936519754192,72.49220714174925,72.49220714174925,hedef,0.07551042778035663,2.992075067892353,0.025236809260118905,0.3434134651077656
GEHC,LONG,2024-01-09,2024-01-09,75.64091487769802,74.73394046185726,78.36183812522032,74.73394046185726,stop,-0.012690526784442345,-1.0583794200692005,0.011990526784442382,0.336094599677095
GEHC,LONG,2024-01-23,2024-01-24,72.43476351106993,71.32635341866497,75.75999378828483,71.32635341866497,stop,-0.016002184181709588,-1.04574510355435,0.01530218418170955,0.3629121030392679
CCEP,LONG,2023-08-22,2023-08-29,56.79334137735583,56.14805675318894,58.7291952498565,58.7291952498565,hedef,0.03388593024379658,2.9823974292117508,0.011361976747932167,0.371792694562544
CCEP,LONG,2023-07-24,2023-07-27,59.35649108886719,58.66704101282842,61.42484131698349,58.66704101282842,stop,-0.012315411615328418,-1.0602647605769053,0.011615411615328444,0.3305611593172769
DDOG,LONG,2023-03-10,2023-03-10,69.25,64.66814239122021,82.99557282633936,64.66814239122021,stop,-0.06686400879104379,-1.0105797700712282,0.06616400879104382,0.36521826112788053
DDOG,LONG,2023-03-20,2023-04-18,65.13999938964844,62.06325628732183,74.37022869662826,70.0,zaman,0.07390854553099482,1.5647723747680435,0.04723277757376741,0.3490676364001808
DDOG,LONG,2023-04-05,2023-04-25,65.23999786376953,62.70170287389106,72.85488283340496,62.70170287389106,stop,-0.03960703667984163,-1.0179916040833468,0.03890703667984167,0.38707652522362285
DDOG,LONG,2023-10-19,2023-10-20,87.9800033569336,85.8324926215127,94.42253556319628,85.8324926215127,stop,-0.025109077670848433,-1.028677855404428,0.024409077670848392,0.3256422955925903
DDOG,LONG,2024-01-03,2024-01-03,113.27999877929688,111.44723539980795,118.77828891776365,111.44723539980795,stop,-0.01687905543113296,-1.0432658138158644,0.01617905543113301,0.39604529470960803
IDXX,LONG,2023-03-02,2023-03-03,464.79998779296875,458.6908468468966,483.1274106311852,483.1274106311852,hedef,0.039230773062713255,2.9847834583652224,0.013143591020904444,0.37352428970733415
LULU,LONG,2024-01-16,2024-01-16,478.04998779296875,475.72124418463653,485.0362186179654,475.72124418463653,stop,-0.005571339123097562,-1.1436976532142658,0.004871339123097598,0.4147156602424831
LULU,LONG,2024-01-25,2024-01-31,468.3999938964844,460.52603986845435,492.02185598057446,460.52603986845435,stop,-0.017510320518001908,-1.0416410858585599,0.01681032051800188,0.3340726023451959
TEAM,LONG,2023-03-02,2023-03-03,162.42999267578125,157.97970405705885,175.78085853194844,175.78085853194844,hedef,0.0819945851023722,2.992700249058346,0.027398195034124054,0.3918431535959894
ZS,LONG,2023-04-05,2023-04-25,102.61000061035156,98.43164380943716,115.14507101309476,98.0999984741211,stop,-0.044652851665566505,-1.0965624418802673,0.040720756028266476,0.32717806030604496
ZS,LONG,2023-02-13,2023-02-17,132.80999755859375,128.73074952271836,145.04774166621993,128.73074952271836,stop,-0.031414916880227316,-1.0227902293445783,0.03071491688022728,0.3672683306360148
ZS,LONG,2023-04-04,2023-04-05,110.25,107.51311703812097,118.4606488856371,107.51311703812097,stop,-0.025524335255138607,-1.0281981367398383,0.02482433525513862,0.3647358054789168
CSGP,LONG,2023-03-22,2023-03-23,66.77999877929688,65.66568356135058,70.12294443313577,65.66568356135058,stop,-0.017386361759739365,-1.0419504269462132,0.016686361759739334,0.4182931371556713
CSGP,LONG,2023-07-26,2023-07-26,86.83000183105469,86.22096445345353,88.65711396385815,86.22096445345353,stop,-0.007714135261521282,-1.0997984746373743,0.007014135261521241,0.3342947624681081
CSGP,LONG,2024-01-11,2024-01-22,81.12000274658203,80.03621181715766,84.37137553485513,84.37137553485513,hedef,0.03988102413938963,2.9850303226306503,0.01336034137979652,0.33120599358824165
TTWO,LONG,2023-10-19,2023-10-23,141.6199951171875,138.98467939971889,149.52594226959334,138.98467939971889,stop,-0.019308359047660893,-1.037617502876372,0.018608359047660943,0.3361693555742551
GFS,LONG,2023-03-02,2023-03-03,62.65229754414055,61.53472341454267,66.0050199329342,66.0050199329342,hedef,0.05331315945646773,2.9887878046055585,0.017837719818822557,0.37637470774982057
GFS,LONG,2023-04-05,2023-04-14,65.98910522460938,64.72043343868397,69.7951205823856,64.72043343868397,stop,-0.019925473380904078,-1.0364100267458318,0.019225473380904082,0.42895553136046827
GFS,LONG,2023-10-25,2023-10-30,51.96455001831055,50.7876525497754,55.49524242391598,50.7876525497754,stop,-0.023348083513095884,-1.0309076924586242,0.022648083513095878,0.35683285909942764
WBD,LONG,2023-08-22,2023-08-25,12.479999542236328,11.99080692102248,13.94757740587787,11.99080692102248,stop,-0.03989812813760626,-1.0178579956048561,0.0391981281376063,0.3505612528905605
MDB,LONG,2023-08-02,2023-08-03,403.5799865722656,391.9178377064042,438.56643316984986,391.8500061035156,stop,-0.02976482199074456,-1.03004056949699,0.028896747246838935,0.3744206051282589
MDB,LONG,2023-11-02,2023-11-07,327.3299865722656,317.37810926019415,357.18561850848005,357.18561850848005,hedef,0.09100958409236079,2.993421743932165,0.03040319469745363,0.40258731404714304
MCHP,LONG,2023-03-02,2023-03-03,73.02646658926676,72.16295146756406,75.61701195437487,75.61701195437487,hedef,0.03527406147525245,2.9830862332913766,0.01182468715841746,0.3968821969817132
PLTR,LONG,2023-09-20,2023-09-21,14.880000114440918,14.089991266203352,17.250026659153615,14.089991266203352,stop,-0.05379199208075732,-1.0131846625557994,0.05309199208075736,0.38325253645705415
APP,LONG,2023-11-16,2023-12-06,39.68000030517578,36.55154896728387,49.06535431885151,36.55154896728387,stop,-0.079542018997763,-1.0088785143873584,0.07884201899776298,0.4871049952213055
AXON,LONG,2023-04-26,2023-04-28,217.0,212.4553967586544,230.63380972403684,212.4553967586544,stop,-0.021642872079933727,-1.0334242599261603,0.020942872079933696,0.34782619087930106
MSTR,LONG,2023-03-02,2023-03-02,24.89900016784668,24.410052456091904,26.365843303111006,24.410052456091904,stop,-0.020337242799258158,-1.035646552174138,0.019637242799258187,0.45558581581373053
MSTR,LONG,2024-01-16,2024-01-23,47.900001525878906,44.94182431191519,56.77453316777005,44.94182431191519,stop,-0.06245735114257774,-1.011334683030428,0.061757351142577785,0.3835209418129457
ARM,LONG,2023-10-31,2023-11-02,47.220001220703125,45.621520618919675,52.015443026053475,52.015443026053475,hedef,0.10135530879672736,2.9940918893644346,0.03385176959890913,0.3348468059408399
ARM,LONG,2024-01-17,2024-01-19,67.06999969482422,64.26166586043611,75.49500119798854,75.49500119798854,hedef,0.12541505205753675,2.9952235023576197,0.04187168401917895,0.34231932795983033
NVDA,LONG,2024-04-04,2024-04-09,86.45348714580204,83.89762736316018,94.12106649372762,83.89762736316018,stop,-0.030263408799594847,-1.0236779190365095,0.029563408799594806,0.34101282574855535
NVDA,LONG,2024-07-17,2024-07-17,120.79551228090267,117.18593476687757,131.62424482297797,117.18593476687757,stop,-0.030581718665435652,-1.0234256940786255,0.029881718665435604,0.3377143860059504
AVGO,LONG,2024-08-05,2024-08-06,126.98620458012294,125.2270843992033,132.26356512288186,138.86087701016865,hedef,0.09331151543830327,6.735909983668701,0.013852844777400265,0.36663033473955114
GOOGL,LONG,2024-03-05,2024-03-13,130.37935469916124,127.68315147338514,138.46796437648953,138.46796437648953,hedef,0.06183903751473572,2.9903286700755523,0.020679679171578595,0.3482229082682441
GOOGL,LONG,2024-07-25,2024-07-25,170.24002624644046,166.82937288187196,180.47198634014597,166.82937288187196,stop,-0.020734379926793577,-1.0349399383738254,0.020034379926793605,0.39551133034227764
GOOG,LONG,2024-03-04,2024-03-13,131.6728320183188,129.09810586548966,139.39701047680617,139.39701047680617,hedef,0.05846189964998081,2.989771896178272,0.019553966549993577,0.357378639762755
GOOG,LONG,2024-07-25,2024-07-25,171.77303093070137,168.36815015892236,181.98767324603838,168.36815015892236,stop,-0.02052197527359597,-1.035314341297378,0.019821975273596013,0.3807011846717292
COST,LONG,2024-07-30,2024-08-21,799.0928384578139,774.7975291237728,871.9787664599369,871.9787664599369,hedef,0.091010838709038,2.993421834416916,0.030403612903012668,0.44772804593399634
COST,LONG,2024-06-28,2024-07-05,837.7421875,828.1611089862561,866.4854230412318,866.4854230412318,hedef,0.03411035940425509,2.982512570243569,0.011436786468085007,0.3845598954191276
AMD,LONG,2024-06-17,2024-06-17,158.0,155.36445115295416,165.90664654113752,155.36445115295416,stop,-0.017380688905353457,-1.041964693662945,0.016680688905353416,0.4003978064691135
ADBE,LONG,2024-04-02,2024-04-08,492.4599914550781,480.9290896659661,527.0526968224142,480.9290896659661,stop,-0.02411490068064511,-1.029895493025882,0.023414900680645168,0.3264356268841347
ADBE,LONG,2024-04-12,2024-04-12,477.95001220703125,473.82618111662276,490.3215054782567,473.82618111662276,stop,-0.009328164002686955,-1.081129658613586,0.008628164002686933,0.33755936360468597
TMUS,LONG,2024-04-16,2024-04-25,153.7661895751953,152.3449448909949,158.02992362779656,158.02992362779656,hedef,0.027528683817817902,2.978361756946621,0.009242894605939328,0.41407686795398296
LIN,LONG,2024-12-09,2024-12-13,432.26420808469766,426.92023832047084,448.2961173773781,426.92023832047084,stop,-0.013062739417878687,-1.056621754801987,0.012362739417878701,0.36544369481796196
INTU,LONG,2024-10-03,2024-10-29,590.8160902938527,583.2881877044734,613.3997980619903,613.3997980619903,hedef,0.038024598380361076,2.9843033013969325,0.012741532793453672,0.37828513521640533
TXN,LONG,2024-06-14,2024-07-16,182.13177490234375,177.98715230249147,194.5656427019006,194.26007080078125,zaman,0.06589077420697467,2.8955118027956472,0.022756175313585817,0.3413877756833261
TXN,LONG,2024-06-25,2024-07-02,181.61464186556685,179.8071970848771,187.03697620763614,187.03697620763614,hedef,0.029656262063292062,2.979903713374167,0.009952087354430676,0.3741817412517233
ISRG,LONG,2024-04-18,2024-05-16,370.07000732421875,359.8376035852074,400.7672185412529,400.7672185412529,hedef,0.08274974088548667,2.9927667043489805,0.027649913628495577,0.3877926584070362
ISRG,LONG,2024-12-30,2025-01-07,521.4500122070312,513.510433412589,545.268748590358,547.6699829101562,hedef,0.05008280772714777,3.2893030445097113,0.015225963387819407,0.34098089520022173
CMCSA,LONG,2024-02-08,2024-03-08,35.16474533081055,34.17697005030639,38.128071172323025,36.22406768798828,zaman,0.029424556490092936,1.0475125829409835,0.02808993129942259,0.345596582563404
BKNG,LONG,2024-12-18,2025-01-06,195.46803251557404,192.20775264915937,205.24887211481803,192.20775264915937,stop,-0.01737935070740989,-1.0419680605246222,0.01667935070740991,0.3247660317477198
HON,LONG,2024-02-01,2024-02-01,181.86141967773438,179.61606163321127,188.59749381130368,179.61606163321127,stop,-0.013046533137715276,-1.0566960775297838,0.012346533137715323,0.3715296989810095
AMAT,LONG,2024-04-04,2024-04-17,202.22665405273438,197.40839330708187,216.6814362896919,197.40839330708187,stop,-0.024526041963766364,-1.0293796175237393,0.023826041963766347,0.3286219781484654
PDD,LONG,2024-03-04,2024-03-05,123.18000030517578,120.00833063974036,132.69500930148203,120.00833063974036,stop,-0.0264482518069303,-1.0271863117251165,0.025748251806930297,0.3274448266580383
PDD,LONG,2024-07-17,2024-07-26,132.14999389648438,128.92021286595983,141.83933698805802,128.92021286595983,stop,-0.025140266210337457,-1.0286412592226148,0.024440266210337465,0.3973270769993124
PDD,LONG,2024-07-24,2024-07-26,131.82000732421875,129.20011270546755,139.67969118047236,129.0399932861328,stop,-0.021789469607207144,-1.096337242977349,0.019874787385707124,0.3308539299079921
VRTX,LONG,2024-07-23,2024-08-05,488.1199951171875,476.5919811141351,522.7040371263447,469.55999755859375,stop,-0.0387234322384968,-1.6396303431077512,0.023617172249386715,0.46121543388201425
VRTX,LONG,2024-12-18,2024-12-18,454.7200012207031,447.30096924093203,476.9770971600164,447.30096924093203,stop,-0.01701560511931429,-1.0429037105814345,0.01631560511931426,0.32914283229393554
PANW,LONG,2024-08-05,2024-08-06,143.60499572753906,141.96707152524905,148.5187683344091,150.05999755859375,hedef,0.0447497024692771,3.923429926076245,0.011405760600401625,0.37343824806643705
PANW,LONG,2024-10-22,2024-10-23,186.0,182.58404892336785,196.24785322989646,182.58404892336785,stop,-0.019065328368990074,-1.0381152999791687,0.01836532836899008,0.319402916360234
GILD,LONG,2024-01-30,2024-02-02,72.0061264038086,70.61219553105062,76.18791902208253,70.61219553105062,stop,-0.02005850381592319,-1.0361598193050543,0.019358503815923203,0.36681703493139733
GILD,LONG,2024-11-18,2024-11-19,83.2981961596516,81.75768862955442,87.91971874994312,81.75768862955442,stop,-0.019193888236722377,-1.0378503422882188,0.01849388823672237,0.34891360338730704
LRCX,LONG,2024-07-19,2024-07-25,91.39301300048828,87.61266472775732,102.73405781868117,87.61266472775732,stop,-0.042063646395056074,-1.0169230728189296,0.04136364639505609,0.3539212779836295
MELI,LONG,2024-02-29,2024-03-04,1593.949951171875,1562.5909272110887,1688.027023054234,1562.5909272110887,stop,-0.020373782064318356,-1.035580347373553,0.019673782064318333,0.3328067244195831
MELI,LONG,2024-12-09,2024-12-13,1875.9000244140625,1831.8286284784704,2008.114212220839,1831.8286284784704,stop,-0.02419346732876012,-1.0297955167793837,0.023493467328760145,0.3380489576003875
INTC,LONG,2024-10-22,2024-10-31,22.309999465942383,21.522073910879772,24.673776131130214,21.522073910879772,stop,-0.03601714809161823,-1.0198203999423765,0.03531714809161822,0.41622706012351723
KLAC,LONG,2024-07-25,2024-07-31,73.79674140697938,71.5541007418762,80.52466340228892,80.52466340228892,hedef,0.09096828015760125,2.9934187636427647,0.030389426719200394,0.36352264691720665
MDLZ,LONG,2024-06-13,2024-06-25,60.95458984375,60.0900810473341,63.54811623299769,63.54811623299769,hedef,0.04234850038193836,2.9858984454301787,0.014182833460646117,0.47109258391993525
MDLZ,LONG,2024-12-17,2024-12-18,57.54757567804904,56.26204588062662,61.4041650703163,56.26204588062662,stop,-0.023038556963969024,-1.0313359542932432,0.022338556963969077,0.3935519612458117
REGN,LONG,2024-04-10,2024-04-11,923.1582723154875,910.7052271481932,960.5174078173702,910.7052271481932,stop,-0.01418961011426486,-1.051891788870888,0.013489610114264833,0.3317140167705665
REGN,LONG,2024-09-24,2024-10-07,1014.5162353515625,995.751315680083,1070.8109943660008,995.751315680083,stop,-0.019196421267203077,-1.0378451587951882,0.01849642126720308,0.31845576435261125
REGN,LONG,2024-09-17,2024-09-23,1125.7269287109375,1097.0197299965942,1211.8485248539675,1097.0197299965942,stop,-0.026201032250526134,-1.0274498692101204,0.02550103225052613,0.33208621137566685
REGN,LONG,2024-10-28,2024-10-31,926.0412574596285,904.9810489682618,989.2218829337285,866.8200367303186,stop,-0.06465095278127139,-2.842775731972181,0.022742192447386508,0.3330007787218697
SNPS,LONG,2024-07-18,2024-07-25,560.7999877929688,541.1675426580981,619.6973231975807,541.1675426580981,stop,-0.0357079271794107,-1.0199954712089248,0.03500792717941066,0.3277563594299342
CDNS,LONG,2024-07-18,2024-07-18,286.1499938964844,277.0238234245138,313.5285053123961,277.0238234245138,stop,-0.03259296056833746,-1.021948417065269,0.03189296056833741,0.3476115924421685
CDNS,LONG,2024-07-01,2024-07-01,307.75,305.3467722879432,314.9596831361703,305.3467722879432,stop,-0.008509025871833518,-1.0896398618071947,0.007809025871833551,0.3746509913118062
CRWD,LONG,2024-04-16,2024-04-19,74.38749694824219,71.74585508935803,82.31242252489466,71.74585508935803,stop,-0.0362119068023243,-1.0197116984986632,0.03551190680232426,0.45571665822259977
CRWD,LONG,2024-10-23,2024-10-25,75.57749938964844,74.2241823285573,79.63745057292184,74.2241823285573,stop,-0.018606348741626776,-1.0390922800678328,0.017906348741626815,0.3221684875689749
MAR,LONG,2024-05-09,2024-05-13,227.28594150404302,224.37093513801247,236.03096060213468,236.03096060213468,hedef,0.03827584694514028,2.984405801362725,0.012825282315046751,0.3437345724548703
CEG,LONG,2024-06-26,2024-06-27,209.1889190673828,203.69168762501786,225.68061339447766,203.69168762501786,stop,-0.026978788890314985,-1.0266374528492042,0.02627878889031503,0.3330897393677129
CEG,LONG,2024-07-24,2024-07-24,184.1774139404297,173.51277188554903,216.17134010507166,173.51277188554903,stop,-0.05860417959897098,-1.0120889373590651,0.05790417959897096,0.39451706281723037
CEG,LONG,2024-09-03,2024-09-03,184.00643920898438,178.28410604150997,201.17343871140758,178.28410604150997,stop,-0.03179854846424853,-1.0225090891558726,0.03109854846424854,0.3913846642376588
MRVL,LONG,2024-07-18,2024-07-24,67.34783172607422,65.63524030950128,72.48560597579302,65.63524030950128,stop,-0.02612905053779021,-1.0275275712303806,0.025429050537790238,0.32844711465636084
ASML,LONG,2024-07-17,2024-07-18,939.4842430085205,908.8413131705486,1031.4130325224362,908.8413131705486,stop,-0.03331675761569316,-1.0214613606983174,0.03261675761569318,0.41654976089828016
ASML,LONG,2024-10-07,2024-10-08,798.3397520136382,792.2513005945505,816.6051062709014,816.6051062709014,hedef,0.02267917420019836,2.973775277256518,0.007626391400066124,0.38579618478809663
ASML,LONG,2024-11-13,2024-11-14,652.0369262695312,640.4851481704886,686.6922605666591,695.6586586257984,hedef,0.06670070853170548,3.7649030822897798,0.01771644769435571,0.3725648985577777
FTNT,LONG,2024-12-18,2025-01-13,95.0,92.7769088303038,101.66927350908861,92.7769088303038,stop,-0.024100959681012633,-1.0299133031098693,0.023400959681012672,0.3270697587809359
ADSK,LONG,2024-04-10,2024-04-12,238.35000610351562,234.57416621371894,249.67752577290568,234.57416621371894,stop,-0.016541576644041843,-1.0441875209601228,0.01584157664404185,0.3396046870036463
ADSK,LONG,2024-05-01,2024-05-30,210.6300048828125,204.7545963659946,228.25623043326624,204.7545963659946,stop,-0.028594451790412277,-1.0250945960601603,0.027894451790412264,0.3195995531588557
DASH,LONG,2024-05-08,2024-05-31,113.52999877929688,107.74266974265055,130.89198588923585,107.74266974265055,stop,-0.05167620980245876,-1.013731895774766,0.05097620980245878,0.4538472876690674
DASH,LONG,2024-06-10,2024-07-10,110.11000061035156,105.31858234797343,124.48425539748595,105.31858234797343,stop,-0.044214832765586985,-1.0160864688087132,0.04351483276558699,0.36499202953122195
DASH,LONG,2024-06-14,2024-07-01,112.25,107.99774727005965,125.00675818982106,107.5999984741211,stop,-0.04212540334858713,-1.1120168123086218,0.03788198423109445,0.33888892012664285
DASH,LONG,2024-08-27,2024-09-04,127.30999755859375,124.27389069374402,136.41831815314293,124.27389069374402,stop,-0.024548141725494653,-1.0293523918155696,0.0238481417254947,0.3616287667823766
DASH,LONG,2024-12-10,2024-12-18,171.82000732421875,166.87914523313327,186.64259359747518,166.87914523313327,stop,-0.02945603469019894,-1.0243427164955583,0.028756034690198985,0.35619704523014417
DASH,LONG,2024-12-18,2024-12-18,173.89999389648438,170.2257981901708,184.92258101542512,170.2257981901708,stop,-0.021828210668602376,-1.0331310592732907,0.021128210668602338,0.42287791425134313
ROP,LONG,2024-08-05,2024-08-05,522.9221801757812,508.80311831853743,565.2793657475127,508.80311831853743,stop,-0.027700311695513978,-1.0259256266332766,0.027000311695513993,0.4187754575547343
ROP,LONG,2024-09-18,2024-10-16,540.4882202148438,526.6270624411766,582.0716935358453,552.090576171875,zaman,0.020766436312745697,0.8097457936885849,0.025645624187993165,0.32074945202549676
ROP,LONG,2024-09-25,2024-10-04,540.57666015625,534.8489212369908,557.7598769140276,534.8489212369908,stop,-0.011295608988378524,-1.0660651030788124,0.010595608988378505,0.35601103932749556
NXPI,LONG,2024-11-05,2024-11-05,212.65825409154948,209.49438084993827,222.14987381638312,209.49438084993827,stop,-0.015577735431088278,-1.0470501712604272,0.01487773543108825,0.3340037826479814
NXPI,LONG,2024-11-15,2024-11-26,212.65825409154948,207.34610659779486,228.59469657281335,228.9186716366251,hedef,0.07626266830571968,3.052981099136331,0.02497973810820313,0.337589089754735
PCAR,LONG,2024-04-09,2024-04-10,111.30088521758853,108.94805774331434,118.35936764041111,108.94805774331434,stop,-0.021839341970861313,-1.0331136135157295,0.02113934197086137,0.3586438215556446
PCAR,LONG,2024-05-06,2024-05-24,98.00997570722483,96.43619953459144,102.73130422512499,102.73130422512499,hedef,0.04797191805050247,2.98754461054736,0.01605730601683412,0.3827041314290076
PCAR,LONG,2024-09-11,2024-09-17,86.73908996582031,85.45459777845525,90.5925665279155,90.5925665279155,hedef,0.04422606630544144,2.986494415330973,0.014808688768480472,0.3500736298899718
PCAR,LONG,2024-10-31,2024-11-06,97.26171875,93.16089908648273,109.56417774055181,109.56417774055181,hedef,0.12628819236038644,2.99525647423049,0.042162730786795506,0.3923353808219167
ABNB,LONG,2024-12-12,2024-12-13,136.32000732421875,133.96017638540008,143.39950014067477,133.96017638540008,stop,-0.018010965463830485,-1.0404367972117177,0.017310965463830524,0.3352285320668787
CHTR,LONG,2024-09-24,2024-10-22,323.3900146484375,312.6095381937512,355.73144401249647,329.82000732421875,zaman,0.019183089719920478,0.5754494888610078,0.033335835883510356,0.3211091595928837
CHTR,LONG,2024-12-27,2025-01-10,347.760009765625,339.43948095651365,372.72159619295905,339.43948095651365,stop,-0.02462606560690813,-1.0292567951413585,0.023926065606908117,0.3661787154530554
MNST,LONG,2025-01-23,2025-01-23,24.559999465942383,24.05828688972607,26.065137194591323,24.05828688972607,stop,-0.0211280369351002,-1.0342666308184116,0.020428036935100244,0.3822878856235753
AEP,LONG,2024-08-15,2024-09-03,90.72661778461416,89.45531127908104,94.54053730121352,94.54053730121352,hedef,0.04183749252125366,2.985727026898748,0.014012497507084547,0.36758401439667016
CPRT,LONG,2024-09-11,2024-09-11,49.29999923706055,48.09490955966891,52.91526826923545,48.09490955966891,stop,-0.025144010061682175,-1.0286368725194261,0.024444010061682214,0.3549354010375904
PAYX,LONG,2024-09-26,2024-10-01,123.95244239935327,122.26905282349293,129.0026111269343,129.0026111269343,hedef,0.040542793202172446,2.9852734691747176,0.013580931067390804,0.32541945702476366
ROST,LONG,2024-03-06,2024-03-07,140.25596618652344,138.53005208043848,145.4337085047783,145.53210296766824,hedef,0.03741791333801923,3.0407571091774566,0.012305459461094872,0.3189052471569044
FANG,LONG,2024-06-13,2024-06-28,177.4078293164573,173.0799834720022,190.39136684982265,190.39136684982265,hedef,0.07298469305097852,2.9918015643027647,0.024394897683659544,0.3601172916122321
KDP,LONG,2024-10-28,2024-10-29,32.16491914440346,31.69857473807249,33.56395236339638,30.557463081571818,stop,-0.05067544236362039,-3.4952097293430633,0.01449854122863895,0.32454306324163074
KDP,LONG,2024-10-02,2024-10-04,34.62332534790039,34.160798181458574,36.01090684722584,34.160798181458574,stop,-0.014058831417672134,-1.0523997929245488,0.013358831417672155,0.3463132753987529
BKR,LONG,2024-12-18,2024-12-18,39.60509107449632,38.84328095737538,41.890521425859156,38.84328095737538,stop,-0.019935156300688615,-1.036391698047961,0.01923515630068862,0.34836114723889194
VRSK,LONG,2024-12-09,2024-12-09,280.36541748046875,279.33170478517354,283.4665555663544,279.33170478517354,stop,-0.004387019264304259,-1.1898552597153391,0.0036870192643043065,0.3249754414588909
CTSH,LONG,2024-09-17,2024-10-10,73.46234130859375,71.69340677566186,78.76914490738943,71.69340677566186,stop,-0.02477947393755283,-1.0290704025268727,0.02407947393755283,0.3681236260714461
CTSH,LONG,2025-01-06,2025-01-08,73.69215806580097,72.73102402895246,76.57556017634649,72.73102402895246,stop,-0.013742555165643232,-1.0536704649595043,0.013042555165643177,0.34558729453409426
EXC,LONG,2024-08-15,2024-08-28,34.271047319553716,33.8573955194458,35.51200271987746,35.51200271987746,hedef,0.036010022668776266,2.9834300020884226,0.012070007556258732,0.4012527459406615
GEHC,LONG,2024-04-09,2024-04-10,87.18059924796678,85.69347567129843,91.64196997797184,85.01003784701516,stop,-0.02559729847781752,-1.50060684628825,0.01705796461020581,0.44010202147310307
GEHC,LONG,2024-04-02,2024-04-09,87.89749145507812,86.8314504309811,91.09561452736918,86.8314504309811,stop,-0.01282823035617394,-1.0577165818460614,0.01212823035617394,0.4099498751265066
GEHC,LONG,2024-08-28,2024-09-04,83.63671112060547,82.78292848486069,86.1980590278398,86.1980590278398,hedef,0.03042468469785751,2.9804079615539036,0.01020822823261917,0.3630892234937267
GEHC,LONG,2024-10-28,2024-11-15,84.902122650079,82.42709243321113,92.32721330068259,82.42709243321113,stop,-0.029851570533384796,-1.02401242839381,0.029151570533384793,0.38979848433214714
GEHC,LONG,2024-10-02,2024-10-22,90.69111777037268,88.52518402050467,97.18891901997674,88.52518402050467,stop,-0.024582534509631958,-1.029310121993867,0.02388253450963191,0.3402307377423827
GEHC,LONG,2024-10-28,2024-10-28,86.37541026981901,86.99451397305185,,86.37541026981901,stop,-0.0007,-0.043137497092711766,0.016227181621027972,0.3351688791235308
KHC,LONG,2024-11-21,2024-11-25,27.284772669892355,26.792896705172385,28.760400564052265,28.760400564052265,hedef,0.053882469808817814,2.9889058321093525,0.018027489936272595,0.42317064445805147
CCEP,LONG,2024-09-25,2024-10-01,75.20238994519445,74.19024111152436,78.23883644620474,74.19024111152436,stop,-0.014158998236727914,-1.0520098143775516,0.013458998236727903,0.35627315827607847
CCEP,LONG,2024-12-18,2024-12-19,73.65037536621094,72.58043598800492,76.86019350082898,72.58043598800492,stop,-0.015227276648434783,-1.0481852185333977,0.014527276648434825,0.3234172628375671
DDOG,LONG,2024-04-01,2024-04-02,122.2300033569336,120.0554161254425,128.75376505140684,120.0554161254425,stop,-0.01849094470889364,-1.0393458588879816,0.01779094470889363,0.34383519187441663
DDOG,LONG,2024-07-17,2024-07-17,123.5,122.94346352579609,125.16960942261173,122.94346352579609,stop,-0.005206368212177425,-1.1553357309126304,0.004506368212177404,0.3359667111972606
DDOG,LONG,2024-10-22,2024-10-23,125.0,122.45429510079167,132.637114697625,122.45429510079167,stop,-0.02106563919366663,-1.0343716194391612,0.020365639193666654,0.3280581276870184
TEAM,LONG,2024-06-13,2024-06-18,156.86000061035156,152.76455109044701,169.1463491700652,152.76455109044701,stop,-0.02680894749438297,-1.0268107322269735,0.026108947494382962,0.3546261971770444
ZS,LONG,2024-06-26,2024-06-28,178.5800018310547,173.56625065664625,193.62125535428,193.62125535428,hedef,0.0840269759715597,2.9928763915232754,0.02807565865718655,0.36454682055709736
CSGP,LONG,2024-06-07,2024-06-07,76.30000305175781,75.99240440688384,77.22279898637974,75.99240440688384,stop,-0.0047314368620053554,-1.173635362269275,0.0040314368620053475,0.31817543749620825
CSGP,LONG,2024-11-01,2024-12-02,72.44000244140625,67.70460438783897,86.64619660210809,80.06999969482422,zaman,0.10462850629856849,1.6005601146875803,0.06536993227460959,0.42523881977065986
CSGP,LONG,2024-12-11,2024-12-17,77.02999877929688,73.7961052139302,86.73167947539689,73.7961052139302,stop,-0.04268226167226471,-1.016673708659733,0.04198226167226469,0.32869715298736957
DXCM,LONG,2024-01-26,2024-01-26,123.0,120.4013935644494,130.79581930665177,120.4013935644494,stop,-0.021826881589842216,-1.0331331435272755,0.02112688158984222,0.3385317796025016
DXCM,LONG,2024-02-21,2024-02-28,116.5199966430664,114.10371842413359,123.76883129986486,114.10371842413359,stop,-0.0214370261632821,-1.0337560455625694,0.020737026163282154,0.346479341045852
DXCM,LONG,2024-10-31,2024-10-31,71.5,70.33926929299895,74.98219212100315,70.33926929299895,stop,-0.016933995902112607,-1.0431193899654068,0.016233995902112597,0.3194145313941047
BIIB,LONG,2024-09-24,2024-09-25,195.6300048828125,191.12139029984039,209.15584863172884,191.12139029984039,stop,-0.023746641468280393,-1.0303731891244745,0.023046641468280355,0.3267321492237344
BIIB,LONG,2024-11-08,2024-11-12,172.7100067138672,169.56337839766337,182.14989166247864,169.56337839766337,stop,-0.018919143036783735,-1.0384211265363459,0.018219143036783684,0.38408191408829373
GFS,LONG,2024-02-23,2024-03-11,53.1697883605957,51.474097950207266,58.256859591761014,51.474097950207266,stop,-0.032591990972172434,-1.0219490843519552,0.03189199097217243,0.3529112984055147
GFS,LONG,2024-08-01,2024-08-02,47.17349349994238,46.102656915578514,50.386003253033984,46.102656915578514,stop,-0.023399963579444814,-1.030837053881174,0.022699963579444787,0.32241489559381953
WBD,LONG,2024-03-04,2024-03-04,8.550000190734863,8.151162982361784,9.7465118158541,8.151162982361784,stop,-0.04734762566967839,-1.0150061228187004,0.046647625669678436,0.4088155166183523
WBD,LONG,2024-08-08,2024-08-08,6.760000228881836,6.884316312095838,,6.760000228881836,stop,-0.0007,-0.03115701860635579,0.02246684796269966,0.3937577793525081
MDB,LONG,2024-06-06,2024-06-11,233.0,220.82444496530894,269.5266651040732,220.82444496530894,stop,-0.05295560100725779,-1.013395693217705,0.05225560100725776,0.3251624146431531
PLTR,LONG,2024-03-28,2024-04-01,23.5,22.648276699597712,26.055169901206863,22.648276699597712,stop,-0.03694354469796964,-1.019313784174073,0.03624354469796969,0.43463519576383725
PLTR,LONG,2024-08-01,2024-08-02,26.040000915527344,25.11371101300529,28.818870623093506,24.75,stop,-0.05023920392368849,-1.412332049184856,0.03557180760196204,0.37320873889743317
PLTR,LONG,2024-09-04,2024-09-04,30.0,29.425387545944723,31.72383736216583,29.425387545944723,stop,-0.019853748468509257,-1.0365463711268263,0.019153748468509237,0.3510726409153408
PLTR,LONG,2024-10-31,2024-11-05,41.93000030517578,40.02133772913831,47.655988033288196,47.86000061035156,hedef,0.14122619275020118,3.1024940602170084,0.04552021374065835,0.4422713805866013
PLTR,LONG,2024-12-18,2024-12-24,70.88999938964844,67.05995851666631,82.38012200859481,82.38012200859481,hedef,0.16188383012941873,2.9962982118603634,0.0540279433764729,0.369773185473226
APP,LONG,2024-04-18,2024-05-09,68.8499984741211,65.46579496152262,79.00260901191652,83.27200317382812,hedef,0.2092699349213187,4.257496526545832,0.049153283770521916,0.3600455837065753
APP,LONG,2024-05-31,2024-06-06,79.26000213623047,77.02034930625621,85.97896062615325,85.97896062615325,hedef,0.08457111164310069,2.9929221171178484,0.02825703721436686,0.3265272338716176
APP,LONG,2024-06-07,2024-06-11,81.4800033569336,77.2635129606012,94.12947454593076,77.2635129606012,stop,-0.05244877543710343,-1.0135268901358025,0.05174877543710342,0.33329457971897636
APP,LONG,2024-07-24,2024-07-25,80.19000244140625,77.91144507896472,87.02567452873085,77.77999877929688,stop,-0.03075366739912907,-1.0823237125686525,0.02841448176917619,0.3607802429236808
APP,LONG,2024-08-01,2024-08-02,76.16999816894531,72.16696021749539,88.17911202329509,70.5250015258789,stop,-0.0748104999181671,-1.4234977811591083,0.05255399826282225,0.4680143452495965
AXON,LONG,2024-06-27,2024-07-17,291.1499938964844,281.2357347846539,320.89277123197576,321.20001220703125,hedef,0.10301146811093839,3.0251164482859934,0.03405206704333774,0.3211130427963405
AXON,LONG,2024-12-20,2024-12-23,607.9500122070312,597.3149415909729,639.8552240552062,639.8552240552062,hedef,0.05227999211703269,2.988567071453398,0.017493330705677594,0.36973010613755436
AXON,LONG,2025-01-13,2025-01-28,561.4000244140625,537.7745854815827,632.276341211502,632.276341211502,hedef,0.1260492228628127,2.9952474954982335,0.04208307428760424,0.3618278195506435
MSTR,LONG,2024-06-11,2024-06-21,152.44900512695312,141.27557691108188,185.96928977456685,141.27557691108188,stop,-0.07399289034432519,-1.0095507217236415,0.07329289034432517,0.3432675917868518
MSTR,LONG,2024-06-28,2024-07-03,137.21499633789062,129.81174962983238,159.42473646206537,129.8000030517578,stop,-0.054739233932371754,-1.0145607839049517,0.05395362683119433,0.3231423660128855
ARM,LONG,2024-04-17,2024-04-17,117.76000213623047,113.75013834436722,129.78959351182021,113.75013834436722,stop,-0.03475115250613233,-1.0205573071241547,0.03405115250613234,0.3458094291705089
ARM,LONG,2024-03-19,2024-03-25,125.0,119.03161457821517,142.9051562653545,142.9051562653545,hedef,0.14304125012283594,2.9958112624716313,0.047747083374278645,0.4202607427884122
ARM,LONG,2024-04-15,2024-04-17,122.01000213623047,118.18498204393956,133.4850624131032,118.18498204393956,stop,-0.032050053481845496,-1.0223285105527915,0.03135005348184553,0.4360557498747295
ARM,LONG,2024-07-24,2024-07-25,158.3300018310547,149.70127443664333,184.21618401428876,149.70127443664333,stop,-0.05519837235281918,-1.0128444202969635,0.05449837235281915,0.321218911310191
ARM,LONG,2024-09-04,2024-09-04,121.69999694824219,119.7166692247904,127.64998011859757,119.7166692247904,stop,-0.01699685927022073,-1.0429530615926177,0.016296859270220718,0.38298474310977904
ARM,LONG,2024-11-13,2024-11-15,136.0800018310547,130.9622134333083,151.43336702429383,130.9622134333083,stop,-0.03830867378661703,-1.0186127275843775,0.03760867378661701,0.33610351891155604
AAPL,LONG,2025-03-10,2025-03-11,225.61272492539547,222.57689371046763,234.720218570179,222.44182022291236,stop,-0.014754635896674993,-1.0965147184607318,0.013455939667993962,0.27481574887973415
AAPL,LONG,2025-05-23,2025-05-27,192.7384848883374,190.52290829930772,199.3852146554265,199.3852146554265,hedef,0.03428574253834069,2.98260150555456,0.011495247512780252,0.24279470570168862
AAPL,LONG,2025-06-11,2025-06-17,198.4110493394953,194.53610752700308,210.03587477697192,194.53610752700308,stop,-0.02022986905412668,-1.0358425342259063,0.019529869054126677,0.24620456373462848
AAPL,LONG,2025-07-15,2025-08-01,208.21368905566166,205.16413023875884,217.3623655063701,205.16413023875884,stop,-0.015346293578169044,-1.0477936616703776,0.01464629357816901,0.23542884543453055
AAPL,LONG,2025-09-10,2025-09-16,228.4062708029861,225.02078464654969,238.5627292722954,238.5627292722954,hedef,0.04426663584849575,2.9865067372750165,0.014822211949498575,0.27126401970279584
AAPL,LONG,2025-11-07,2025-11-25,267.3424445625432,264.00012833262616,277.3693932522944,277.3693932522944,hedef,0.03730601108686058,2.9840025643193377,0.012502003695620222,0.24666673543767512
AAPL,LONG,2025-11-17,2025-11-20,266.90407480138714,264.47944037733396,274.1779780735467,274.1779780735467,hedef,0.027052874567659903,2.9779839738185907,0.00908429152255333,0.20404145010928404
AAPL,LONG,2025-12-31,2026-01-06,271.10205078125,265.197036828679,288.81709263896295,265.197036828679,stop,-0.022481517091273072,-1.0321373390598418,0.02178151709127309,0.37752046584743276
AAPL,LONG,2026-01-14,2026-01-20,256.3222864925608,253.9234542611959,263.5187831866555,252.04394930256512,stop,-0.01739124151683876,-1.8583053588554002,0.009358656495265492,0.27274205767826776
MSFT,LONG,2025-01-30,2025-02-07,409.6006407142239,402.77289567520097,430.08387583129274,402.77289567520097,stop,-0.01736927333687118,-1.0419934322182904,0.016669273336871127,0.22839398334135094
MSFT,LONG,2025-02-24,2025-02-24,401.472636502677,396.95688216722846,415.01989950902265,396.95688216722846,stop,-0.011947975390767272,-1.0622334220765304,0.01124797539076723,0.21689084814718995
MSFT,LONG,2025-04-04,2025-04-04,359.90502676066706,360.74687215866095,,359.90502676066706,stop,-0.0007,-0.059976812881473385,0.011671177016080283,0.502303626257383
MSFT,LONG,2025-08-20,2025-09-02,500.32421875,493.5542023025328,520.6342680924015,493.5542023025328,stop,-0.014231258719358562,-1.0517320682811695,0.013531258719358535,0.22935077771611836
MSFT,LONG,2025-08-19,2025-08-20,507.55279541015625,502.1987760493549,523.6148534925603,502.1987760493549,stop,-0.011248694459410423,-1.0663589226793428,0.010548694459410396,0.2129669456590175
MSFT,LONG,2025-08-13,2025-08-18,515.7418823242188,510.18874505052196,532.4012941453091,510.18874505052196,stop,-0.011467280036810822,-1.0650117761966695,0.01076728003681081,0.23089433461589412
MSFT,LONG,2025-09-02,2025-09-05,496.3859077753076,492.5331990809572,507.94403385835875,492.5331990809572,stop,-0.008461519080220047,-1.0901885304622851,0.007761519080220016,0.21690928886052022
MSFT,LONG,2025-10-14,2025-10-22,502.8923645019531,498.9318549025159,514.7738933002647,516.8971823641815,hedef,0.027648539470465507,3.510719779925228,0.007875461786657998,0.24112691508828793
MSFT,LONG,2025-11-04,2025-11-06,506.0662879637401,499.42611441703866,525.9868086038443,499.42611441703866,stop,-0.01382115369988287,-1.0533489673248966,0.013121153699882872,0.22238829552272135
MSFT,LONG,2025-11-18,2025-11-18,491.3275301094218,486.7629878308813,505.0211569450433,486.7629878308813,stop,-0.009990222914079215,-1.0753480305557737,0.009290222914079225,0.2748662837379711
MSFT,LONG,2025-12-15,2026-01-14,471.0118103027344,459.5246169459022,505.47339037323087,459.5246169459022,stop,-0.02508833401958429,-1.0287022475351482,0.024388334019584304,0.26697387635525954
MSFT,LONG,2026-01-09,2026-01-13,469.86907958984375,464.56640947516564,485.7770899338781,464.56640947516564,stop,-0.011985420439469895,-1.0620269314514728,0.011285420439469849,0.23166326751928662
NVDA,LONG,2025-01-27,2025-01-27,124.47460659166907,125.0939154799363,,124.47460659166907,stop,-0.0007,-0.03331784839065518,0.021009760047900707,0.19099152716767967
NVDA,LONG,2025-02-03,2025-02-03,114.45081126895413,114.02530797811627,115.72732114146768,114.02530797811627,stop,-0.004417783090571025,-1.1882842497657642,0.003717783090571017,0.20586951234582948
NVDA,LONG,2025-09-05,2025-09-10,166.62139892578125,162.97992238096552,177.54582856022844,177.54582856022844,hedef,0.06536438551637233,2.990848690256538,0.02185479517212412,0.2748109780684637
NVDA,LONG,2025-08-20,2025-08-20,173.29501342773438,169.38657097614424,185.02034078250477,169.38657097614424,stop,-0.02325369254014916,-1.031037046317535,0.022553692540149113,0.34129922142481617
NVDA,LONG,2025-08-29,2025-09-02,174.42226928848822,167.1920928391846,196.1127986363991,167.1920928391846,stop,-0.042152140708851614,-1.0168869445106965,0.04145214070885165,0.31536186298757046
NVDA,LONG,2025-11-25,2025-11-26,169.8829803466797,165.95032971011523,181.68093225637307,181.68093225637307,hedef,0.0692475213798189,2.991360382803033,0.023149173793272946,0.24248470687779092
NVDA,LONG,2025-10-10,2025-10-14,184.5977325439453,181.6003217551321,193.589964910385,181.6003217551321,stop,-0.016937527663562567,-1.0431100112347074,0.016237527663562516,0.2339032511356796
NVDA,LONG,2025-10-21,2025-10-27,179.40020751953125,175.44707832152903,191.2595951135379,191.2595951135379,hedef,0.0659057629641566,2.9909236355032234,0.022035254321385554,0.27939435280299724
NVDA,LONG,2025-11-07,2025-11-10,179.84912109375,174.58962593031595,195.62760658405216,195.62760658405216,hedef,0.08753179092755922,2.9931609739906544,0.029243930309186414,0.23711297030011327
NVDA,LONG,2025-11-13,2025-11-21,184.45806985353664,176.65457394205592,207.8685575879788,176.65457394205592,stop,-0.043004985179975384,-1.016546513301496,0.042304985179975337,0.25663884458314623
NVDA,LONG,2025-12-12,2026-01-13,174.49195573568102,167.54346630150667,195.33742403820406,185.37620544433594,zaman,0.06167679933590923,1.5488410022917098,0.039821259409229516,0.25613563654743976
AMZN,LONG,2025-03-03,2025-03-03,211.6300048828125,202.67187708092675,238.50438828846976,202.67187708092675,stop,-0.04302919527099288,-1.0165370495592594,0.0423291952709929,0.2817867473760131
AMZN,LONG,2025-03-18,2025-03-24,192.52000427246094,189.16925607093273,202.57224887704555,202.57224887704555,hedef,0.05201402649855711,2.988508834881433,0.017404675499519056,0.21191256377701054
AMZN,LONG,2025-03-28,2025-03-31,192.52000427246094,187.85796937310408,206.5061089705315,187.85796937310408,stop,-0.024915846643962146,-1.0289066911552531,0.02421584664396216,0.20996236649930794
AMZN,LONG,2025-08-20,2025-08-28,221.3000030517578,217.81648089106676,231.75056953383097,231.75056953383097,hedef,0.047023526154353436,2.987294468480847,0.015741175384784444,0.26692806402374647
AMZN,LONG,2025-09-02,2025-09-04,221.9499969482422,219.3546841979441,229.73593519913646,231.19000244140625,hedef,0.0414310232944892,3.543162762452518,0.011693231745812134,0.24302836969734962
AMZN,LONG,2025-09-23,2025-09-23,223.52000427246094,220.61518618776552,232.2344585265472,220.61518618776552,stop,-0.013695785742535015,-1.0538636150108935,0.012995785742535048,0.20535373869356469
AMZN,LONG,2025-09-22,2025-09-23,228.14999389648438,225.05807646298877,237.4257461969712,225.05807646298877,stop,-0.014252125865488595,-1.0516524128352884,0.013552125865488589,0.20936791477573305
AMZN,LONG,2025-10-01,2025-10-03,217.36000061035156,215.2882673565846,223.57520037165241,223.57520037165241,hedef,0.028394036362939114,2.9790166035887977,0.009531345454313025,0.29149644849855877
AMZN,LONG,2025-10-10,2025-10-14,219.50999450683594,214.82043788084306,233.57866438481457,214.82043788084306,stop,-0.022063749912748697,-1.032765783294547,0.021363749912748677,0.2570781580301511
AMZN,LONG,2025-11-13,2025-11-13,242.89999389648438,236.76121113554473,261.3163421793033,236.76121113554473,stop,-0.025972881495236987,-1.027697672706291,0.025272881495237032,0.2452415499839936
AMZN,LONG,2025-12-15,2025-12-15,226.83999633789062,223.7563517057262,236.09093023438393,223.7563517057262,stop,-0.014293919423147804,-1.0514936110926183,0.013593919423147839,0.2750118124630647
META,LONG,2025-03-10,2025-03-12,590.8609008789062,579.2617737579554,625.6582822417587,626.3076063631013,hedef,0.05979162481637899,3.0457924062412793,0.019630892996468537,0.2275957582354056
META,LONG,2025-03-03,2025-03-04,653.7501831054688,632.9715782655852,716.0859976251194,632.9715782655852,stop,-0.03248370787015339,-1.0220238621264601,0.031783707870153444,0.2568108215014369
META,LONG,2025-03-28,2025-03-31,579.5538330078125,566.2410485232824,619.4921864614028,560.7848045267424,stop,-0.033085306441096606,-1.4403234865296053,0.022970747023513562,0.21378962903229884
META,LONG,2025-07-29,2025-07-31,698.5672607421875,685.5285654770092,737.6833465377223,772.0582967543337,hedef,0.10500251970306504,5.62566430675722,0.0186649103070267,0.2551102129099427
META,LONG,2025-08-29,2025-09-02,736.1045532226562,723.8512192038264,772.8645552791457,723.0974285537161,stop,-0.018370213574953574,-1.1035688601498954,0.01664618696513273,0.2983893271473734
META,LONG,2025-10-01,2025-10-01,719.050911987213,714.8422957033388,731.6767608388357,714.8422957033388,stop,-0.0065530157096150505,-1.119596466971722,0.005853015709615098,0.22030130705100012
META,LONG,2025-09-25,2025-09-26,745.6955270108052,736.6933305041144,772.7021165308776,736.6933305041144,stop,-0.01277221470507802,-1.0579843895342176,0.012072214705078065,0.26954658914026497
META,LONG,2025-10-10,2025-10-30,702.8060849901855,683.9954137059283,759.238098842957,666.887912533529,stop,-0.05180680346081253,-1.9356107055372136,0.026765094506146555,0.2742027612972313
META,LONG,2025-10-30,2025-10-30,666.887912533529,693.0549219232327,,666.887912533529,stop,-0.0007,-0.041647786254925,0.016807616033066405,0.22536443118063917
META,LONG,2025-11-13,2025-11-14,610.9974896015757,594.0929850671188,661.7110032049465,594.0929850671188,stop,-0.0283670605397743,-1.0253008446269045,0.02766706053977431,0.28837344486126637
META,LONG,2026-01-08,2026-01-08,644.2215315163064,637.938282445953,663.0712787273668,637.938282445953,stop,-0.010453242887682644,-1.07177100048272,0.009753242887682687,0.26729890498586906
AVGO,LONG,2025-07-23,2025-07-28,271.6414270838288,265.20741298624574,290.94346937657787,290.94346937657787,hedef,0.07085706408615075,2.991556082316139,0.02368568802871695,0.38703689171243766
AVGO,LONG,2025-08-20,2025-08-28,283.93871170717665,276.7673522337368,305.4527901274962,305.4527901274962,hedef,0.07557014874430654,2.992081314212213,0.025256716248102183,0.290995668549684
AVGO,LONG,2025-09-02,2025-09-05,286.71330344977366,276.9666342190679,315.953311141891,352.55019652539454,hedef,0.229426223420617,6.748926105720291,0.033994478503203446,0.2651132513593823
AVGO,LONG,2025-11-07,2025-11-14,337.7884521484375,329.7431796555063,361.92426962723107,329.02361555490245,stop,-0.026647709395593654,-1.1188295384584859,0.02381748825858553,0.26307523449260384
AVGO,LONG,2025-11-13,2025-11-14,346.8510437011719,331.58418057353146,392.65163308409313,329.02361555490245,stop,-0.05209793715491481,-1.1836238869623716,0.044015618245604946,0.2775162893485127
AVGO,LONG,2025-12-15,2025-12-17,337.68914794921875,324.9168536284633,376.00603091148514,324.9168536284633,stop,-0.03852263776707495,-1.0185074347355385,0.037822637767074896,0.2637248875045123
AVGO,LONG,2025-12-12,2025-12-12,377.1557286245446,364.11681724945794,416.2724627498047,364.11681724945794,stop,-0.035271691175521834,-1.0202477800824394,0.034571691175521856,0.18842339703840014
GOOGL,LONG,2025-02-05,2025-02-07,188.55328369140625,185.04765671135067,199.070164631573,185.04765671135067,stop,-0.019292235104178955,-1.0376501263069031,0.01859223510417898,0.18209181459043752
GOOGL,LONG,2025-02-05,2025-02-05,189.9550998506434,188.3482694163095,194.77559115364505,188.3482694163095,stop,-0.009159001288184886,-1.0827520857548154,0.008459001288184914,0.1670209865571909
GOOGL,LONG,2025-03-17,2025-03-18,163.27061462402344,159.335117224501,175.07710682259074,159.335117224501,stop,-0.02480413783634624,-1.029040657033767,0.02410413783634626,0.33565062538812396
GOOGL,LONG,2025-03-28,2025-03-28,159.73729883034673,154.80932329095972,174.52122544850775,154.80932329095972,stop,-0.03155050001140244,-1.0226900698446144,0.030850500011402437,0.21095408127363366
GOOGL,LONG,2025-05-07,2025-05-07,157.2390449367046,153.42960345131794,168.66736939286457,153.42960345131794,stop,-0.024927070871106648,-1.0288932988937958,0.024227070871106593,0.22461620357064385
GOOGL,LONG,2025-11-13,2025-11-14,278.106689453125,272.56018593126356,294.7462000187093,270.7059931829425,stop,-0.027310996969312017,-1.3693980221706674,0.019943797586344302,0.33123581004945746
GOOG,LONG,2025-02-05,2025-02-07,189.93743896484375,186.34650623869533,200.71023714328902,186.34650623869533,stop,-0.019605871036900112,-1.0370255355404543,0.01890587103690012,0.19218902854021822
GOOG,LONG,2025-02-05,2025-02-05,191.97548414445492,190.27348967523224,197.08146755212297,190.27348967523224,stop,-0.009565686557883556,-1.078956096116159,0.008865686557883562,0.1560667631985233
GOOG,LONG,2025-03-17,2025-03-18,165.20143127441406,161.20294768450887,177.19688204412964,161.20294768450887,stop,-0.024903686124627865,-1.0289212145784596,0.024203686124627817,0.33565062538812396
GOOG,LONG,2025-03-28,2025-03-28,161.59840838616628,156.87110360830334,175.7803227197551,156.87110360830334,stop,-0.029953411745035595,-1.023928832852078,0.029253411745035627,0.2114099552047629
GOOG,LONG,2025-05-07,2025-05-07,159.11014756283902,155.17056685975498,170.92888967209112,155.17056685975498,stop,-0.02546008452904066,-1.0282713089763058,0.0247600845290407,0.2266417540493205
GOOG,LONG,2025-11-13,2025-11-14,278.9717712402344,273.134920677952,296.48232292708155,271.1870378197181,stop,-0.028605093715781314,-1.3671779969751312,0.02092272826147716,0.4069187731646807
TSLA,LONG,2025-02-11,2025-02-19,332.8900146484375,321.6361496234542,366.6516097233875,366.6516097233875,hedef,0.10121966892760456,2.994083987787138,0.033806556309201534,0.2660285539680261
TSLA,LONG,2025-02-03,2025-02-06,383.2099914550781,371.99916974859815,416.84245657451805,371.99916974859815,stop,-0.029955034984634997,-1.0239275051411725,0.029255034984634963,0.1946528598889455
TSLA,LONG,2025-04-07,2025-04-09,222.14999389648438,211.81324157520908,253.16025086031027,253.16025086031027,hedef,0.13939152741762315,2.995701744861601,0.04653050913920769,0.38989297401587164
TSLA,LONG,2025-04-04,2025-04-04,249.30999755859375,238.3542561436822,282.1772218033284,238.3542561436822,stop,-0.044644252224930146,-1.015929273216826,0.043944252224930126,0.4558438878120911
TSLA,LONG,2025-08-01,2025-08-08,305.29998779296875,296.8314063846267,330.70573201799493,330.70573201799493,hedef,0.08301567389728956,2.9927898198512377,0.0277385579657632,0.28575299551273436
TSLA,LONG,2025-10-09,2025-10-10,429.8299865722656,411.89642129941205,483.63068239082634,411.89642129941205,stop,-0.0424224619805312,-1.0167775334141758,0.04172246198053116,0.23213532728520128
TSLA,LONG,2025-11-13,2025-11-13,423.1300048828125,416.8762527387157,441.89126131510284,416.8762527387157,stop,-0.01547974162061324,-1.047362127022825,0.014779741620613221,0.28191760638513247
COST,LONG,2025-03-13,2025-03-13,901.1099853515625,887.065631040555,943.243048284585,887.065631040555,stop,-0.016285616117136047,-1.0449132068144806,0.015585616117136014,0.31230292245740804
COST,LONG,2025-03-13,2025-03-13,908.4590454101562,894.9099096324067,949.106452743405,894.9099096324067,stop,-0.015614415620830067,-1.0469344570914574,0.014914415620830058,0.3216775996173489
COST,LONG,2025-02-27,2025-02-27,1019.8304130747941,1011.3104244445105,1045.390378965645,1011.3104244445105,stop,-0.009054319032902512,-1.0837889955175428,0.00835431903290252,0.22025349330177094
COST,LONG,2025-03-21,2025-03-24,881.2239738352868,868.0861340148546,920.6374932965833,920.6374932965833,hedef,0.04452588199088601,2.986584948730089,0.014908627330295306,0.23275170350728028
COST,LONG,2025-06-13,2025-06-17,984.4244995117188,971.0692595941644,1024.490219264382,971.0692595941644,stop,-0.014266545656044426,-1.0515975118314764,0.013566545656044409,0.2758840696253833
COST,LONG,2025-07-09,2025-07-10,975.3104248046875,963.5581164874967,1010.5673497562599,963.5581164874967,stop,-0.012749813083402915,-1.0580921874185867,0.012049813083402933,0.3134792072437465
COST,LONG,2025-08-21,2025-08-22,966.4014892578125,957.9425158054937,991.7784096147689,957.9425158054937,stop,-0.009453063345147804,-1.079972002074915,0.008753063345147782,0.22677275847748615
COST,LONG,2025-09-02,2025-09-05,933.2151006714276,924.220846413116,960.1978634463627,960.1978634463627,hedef,0.02871376570687898,2.979248638655982,0.009637921902292963,0.3050267802569667
COST,LONG,2025-10-03,2025-10-15,910.2789330856883,894.4158285610271,957.8682466596721,957.8682466596721,hedef,0.05207992414661764,2.9885233192321183,0.017426641382205857,0.25623825980605586
COST,LONG,2025-11-18,2025-11-18,903.45873308962,895.102685531205,928.5268757648648,895.102685531205,stop,-0.009948953219854527,-1.0756842405146232,0.009248953219854555,0.19762772642098825
COST,LONG,2025-11-12,2025-11-18,911.4472761083418,900.6790844753853,943.7518510072116,900.6790844753853,stop,-0.012514387858981922,-1.059249790031886,0.011814387858981977,0.24235924930312208
COST,LONG,2025-11-25,2025-12-12,882.7638062945748,866.2740838458936,932.2329736406183,866.2740838458936,stop,-0.019379653981167665,-1.0374739275527125,0.01867965398116765,0.3201348348693862
COST,LONG,2025-12-22,2026-01-08,850.2473769244026,836.4211846215699,891.7259538329008,897.170280582146,hedef,0.05498735479958492,3.381469978019886,0.016261376016055686,0.3407785058489924
NFLX,LONG,2025-02-25,2025-02-25,97.30000305175781,95.76672888988823,101.89982553736657,95.76672888988823,stop,-0.016458212885707445,-1.0444212808315898,0.015758212885707456,0.21281969835907522
NFLX,LONG,2025-03-03,2025-03-06,97.7239990234375,94.80012198749895,106.49563013125314,94.80012198749895,stop,-0.030619744025592942,-1.0233959220841335,0.02991974402559295,0.2584875341512776
NFLX,LONG,2025-04-04,2025-04-07,86.66799926757812,84.61330206417409,92.83209087779022,82.78500366210938,stop,-0.045503106547786075,-1.9193403283085002,0.0237076801214757,0.33074978661915416
NFLX,LONG,2025-07-18,2025-07-24,120.26000213623047,117.34720587528984,128.99839091905233,117.34720587528984,stop,-0.024920823292860127,-1.0289007517017934,0.024220823292860162,0.20920086902952004
NFLX,LONG,2025-07-11,2025-07-18,123.14099884033203,120.7851806012654,130.20845355753193,120.7851806012654,stop,-0.019831063262863845,-1.03658970703206,0.01913106326286385,0.2636487854270862
NFLX,LONG,2025-07-17,2025-07-18,124.49099731445312,122.42418365995194,130.6914382779567,122.42418365995194,stop,-0.017302113398454076,-1.042163306754983,0.016602113398454046,0.28689008456105
NFLX,LONG,2025-07-30,2025-08-01,116.8550033569336,115.53989213195048,120.80033703188293,115.53989213195048,stop,-0.011954214087573987,-1.0621989234035307,0.011254214087574033,0.2886244120158832
NFLX,LONG,2025-08-26,2025-09-02,121.38600158691406,118.57344639532582,129.8236671616788,118.57344639532582,stop,-0.023870342171411117,-1.0302110342100925,0.023170342171411066,0.27680296865917436
NFLX,LONG,2025-09-11,2025-09-15,119.69999694824219,117.62623850028375,125.92127229211751,117.62623850028375,stop,-0.018024632421295116,-1.0404048976611822,0.01732463242129509,0.263318344091855
NFLX,LONG,2025-09-29,2025-10-01,118.83999633789062,116.68441626584912,125.30673655401513,116.68441626584912,stop,-0.018838506718837876,-1.0385919310145288,0.018138506718837915,0.2566023148223718
NFLX,LONG,2025-10-22,2025-10-22,114.29000091552734,112.70593579926565,119.04219626431244,112.70593579926565,stop,-0.014560049904387494,-1.0505048686569622,0.013860049904387464,0.25979255280582636
NFLX,LONG,2025-11-20,2025-11-20,108.5,106.49769637255484,114.50691088233548,106.49769637255484,stop,-0.01915441131285863,-1.0379313101964018,0.018454411312858604,0.2721693886594051
NFLX,LONG,2026-01-02,2026-01-06,93.11000061035156,90.72090174538508,100.27729720525102,90.72090174538508,stop,-0.026358885719101575,-1.0272809976108561,0.025658885719101535,0.39416137869503176
AMD,LONG,2025-02-03,2025-02-05,113.87999725341797,111.70200631495564,120.41397006880496,107.61000061035156,stop,-0.0557579275929709,-2.9153990170531783,0.019125316043129423,0.2546213086030737
AMD,LONG,2025-04-03,2025-04-03,96.62999725341797,93.68530266040058,105.46408103247013,93.68530266040058,stop,-0.031173917796921323,-1.0229704629599927,0.03047391779692128,0.2782778573945242
AMD,LONG,2025-09-05,2025-10-03,154.72000122070312,147.7808119275991,175.5375691000152,164.6699981689453,zaman,0.06360970055415685,1.4182770539446325,0.044849982150694856,0.36928426414353355
AMD,LONG,2025-08-20,2025-09-05,163.1199951171875,155.94522084550468,184.64431793223596,155.94522084550468,stop,-0.04468464005916858,-1.0159146465461215,0.04398464005916854,0.3506788205946371
AMD,LONG,2025-08-29,2025-09-05,163.7100067138672,156.60299266894057,185.03104884864703,156.60299266894057,stop,-0.04411221521875738,-1.0161244939119707,0.04341221521875736,0.38153929429682515
AMD,LONG,2025-09-18,2025-09-22,150.9600067138672,147.731059557559,160.64684818279173,160.64684818279173,hedef,0.06396826336849057,2.9906495833219826,0.021389421122830207,0.2374858154152336
AMD,LONG,2025-11-07,2025-11-12,230.16000366210938,221.87327564550054,255.02018771193588,255.02018771193588,hedef,0.10781261580757937,2.994445093329939,0.03600420526919315,0.3528972155506173
AMD,LONG,2025-11-18,2025-11-19,230.94000244140625,221.2354066286554,260.0537898796588,221.2354066286554,stop,-0.04272215168510315,-1.016657880949209,0.04202215168510309,0.2720047635829999
AMD,LONG,2025-12-17,2026-01-05,201.47999572753906,191.67656965329473,230.89027395027205,230.89027395027205,hedef,0.14577120729794155,2.9958896003458038,0.04865706909931385,0.261618189946745
AMD,LONG,2025-12-11,2025-12-12,215.24000549316406,209.08245314291264,233.71266254391833,209.08245314291264,stop,-0.029307843305630153,-1.0244688141123237,0.028607843305630203,0.30959517310414636
AMD,LONG,2026-01-06,2026-01-08,211.5800018310547,207.02332372950883,225.25003613569226,207.02332372950883,stop,-0.02223643095808433,-1.0325030642896418,0.021536430958084284,0.22722301577776882
PEP,LONG,2025-02-04,2025-02-04,136.33580629708635,136.1958920748172,136.75554896389377,136.1958920748172,stop,-0.0017262470738190422,-1.6820969509760335,0.0010262470738190155,0.21420318467890545
PEP,LONG,2025-04-07,2025-04-08,133.0412189282723,131.30651275504627,138.24533744795033,131.30651275504627,stop,-0.013738862596119637,-1.0536856642854953,0.013038862596119655,0.4875512557246159
PEP,LONG,2025-03-12,2025-03-12,138.89681595857397,139.03324614077877,,138.89681595857397,stop,-0.0007,-0.07173362094202199,0.009758325187094184,0.3782670840601326
PEP,LONG,2025-03-19,2025-03-21,138.89681595857397,137.0949177517158,144.30251057914847,137.0949177517158,stop,-0.01367292666086447,-1.0539585259594273,0.012972926660864467,0.2622368899833482
PEP,LONG,2025-06-02,2025-07-01,121.76303100585938,119.73023177100889,127.86142871041083,127.86142871041083,hedef,0.0498841483180392,2.988020161664929,0.016694716106013047,0.25203776520922383
PEP,LONG,2025-06-09,2025-07-01,122.97747561895852,121.00655193422119,128.8902466731705,128.8902466731705,hedef,0.04788011405708568,2.987520828272426,0.016026704685695194,0.25641164062299615
PEP,LONG,2025-09-04,2025-09-08,139.90695190429688,138.0721218896443,145.41144194825458,138.0721218896443,stop,-0.013814645052861084,-1.0533754438018312,0.013114645052861132,0.2734361005637521
PEP,LONG,2025-10-06,2025-10-09,134.49050963695797,133.17607126330734,138.43382475790986,138.43382475790986,hedef,0.029120396893404822,2.979536429804094,0.009773465631134941,0.21111516643343828
PEP,LONG,2026-01-05,2026-01-05,136.94120398331305,135.28257608273427,141.91708768504938,135.28257608273427,stop,-0.012811971067385151,-1.0577940614376897,0.012111971067385173,0.31003855980897554
PEP,LONG,2025-12-09,2025-12-10,139.833984375,138.57581967526838,143.60847847419487,143.60847847419487,hedef,0.02679268075686523,2.977771752075878,0.00899756025228844,0.22384984253375687
PEP,LONG,2025-12-31,2026-01-02,139.3190144332139,138.22158464060803,142.61130381103155,138.22158464060803,stop,-0.0085770998852562,-1.0888651927989619,0.007877099885256224,0.2606752216832079
ADBE,LONG,2025-02-07,2025-02-11,435.42999267578125,428.3457895512111,456.68260204949166,456.68260204949166,hedef,0.04860832678316449,2.9877070155945873,0.0162694422610548,0.26384359951515346
ADBE,LONG,2025-03-10,2025-03-13,437.19000244140625,429.53249252741864,460.1625321833691,405.2699890136719,stop,-0.0737117643346897,-4.208423729308866,0.017515290540098517,0.2477169866087595
ADBE,LONG,2025-06-13,2025-06-13,392.5,394.82963564483015,,392.5,stop,-0.0007,-0.04394307389724648,0.01592970035816868,0.19293429094748601
ADBE,LONG,2025-07-02,2025-07-09,376.9200134277344,371.55057708684996,393.02832245038763,371.55057708684996,stop,-0.014945559136153107,-1.0491381204001664,0.014245559136153125,0.2608199561846003
ADBE,LONG,2025-07-09,2025-07-10,378.0,370.44350984136685,400.66947047589946,370.44350984136685,stop,-0.02069071470537872,-1.0350162568130528,0.01999071470537871,0.29451440571453413
ADBE,LONG,2025-07-31,2025-07-31,360.6000061035156,356.95996430694277,371.5201314932342,356.95996430694277,stop,-0.010794403036498888,-1.069345358756623,0.010094403036498925,0.24160796998404288
ADBE,LONG,2025-09-04,2025-09-05,333.5199890136719,328.0368868103806,349.96929562354563,349.96929562354563,hedef,0.049120302086000246,2.9878346243915215,0.016440100695333394,0.28645423670060566
ADBE,LONG,2025-08-28,2025-09-02,349.9100036621094,345.04847455310113,364.4945909891341,345.04847455310113,stop,-0.014593655677540417,-1.0503827082120367,0.013893655677540391,0.23279087063336748
ADBE,LONG,2025-09-12,2025-10-10,342.239990234375,329.17334921979295,381.43991327812114,337.510009765625,zaman,-0.014520653937930415,-0.3803233330102321,0.038179760949717374,0.2747514805210098
ADBE,LONG,2025-10-01,2025-10-10,347.1000061035156,339.2301187064899,370.70966829459275,339.2301187064899,stop,-0.023373256291095178,-1.0308733774722483,0.022673256291095168,0.23560662867239862
ADBE,LONG,2025-09-30,2025-10-01,351.9100036621094,345.4697469079582,371.23077392456287,345.4697469079582,stop,-0.019000862968177677,-1.0382495623958936,0.018300862968177668,0.26049720967975637
ADBE,LONG,2025-10-10,2025-10-10,343.7200012207031,337.71032896844605,361.74901797747435,337.71032896844605,stop,-0.01818420874814982,-1.040036126889305,0.017484208748149797,0.27308249347313873
ADBE,LONG,2025-11-17,2025-11-18,325.8299865722656,321.0624102790224,340.1327154519953,321.0624102790224,stop,-0.015332097995025516,-1.0478400295185302,0.01463209799502547,0.2674310506048876
ADBE,LONG,2026-01-02,2026-01-02,341.6499938964844,331.84175645599,371.07470621796756,331.84175645599,stop,-0.029408437335626446,-1.0243830756727141,0.02870843733562649,0.31498199282620865
ADBE,LONG,2026-01-09,2026-01-12,330.0,325.3287904116255,344.0136287651235,325.3287904116255,stop,-0.01485518057083176,-1.0494518594444764,0.014155180570831804,0.26919391285973776
CSCO,LONG,2025-04-03,2025-04-03,56.605552673339844,55.78075750234423,59.079938186326686,55.78075750234423,stop,-0.015270923381940214,-1.0480408812572335,0.01457092338194018,0.30930394310771386
CSCO,LONG,2025-03-21,2025-03-27,57.50175476074219,56.76981930293047,59.697561134177334,59.697561134177334,hedef,0.037986771561522505,2.984287752657144,0.012728923853840812,0.22972759909914783
CSCO,LONG,2025-04-03,2025-04-03,57.60432893292678,56.99497619393708,59.432387149895874,56.99497619393708,stop,-0.011278245598507285,-1.0661735439474733,0.010578245598507296,0.31938954105844924
CSCO,LONG,2025-07-11,2025-07-14,66.53892517089844,65.8994687851536,68.45729432813295,65.8994687851536,stop,-0.010310260221403654,-1.0728388184995283,0.009610260221403601,0.1461712137985412
CSCO,LONG,2025-08-15,2025-08-15,65.49467468261719,64.57845406521679,68.24333653481838,64.57845406521679,stop,-0.014689238389843783,-1.0500384638886557,0.013989238389843789,0.20419121909892038
CSCO,LONG,2025-09-12,2025-09-18,65.11407291424915,64.4701249076017,67.0459169341915,67.0459169341915,hedef,0.02946860977175334,2.979776605489247,0.009889536590584419,0.2513187140780852
CSCO,LONG,2025-10-14,2025-10-15,65.60203552246094,64.91432075493495,67.6651798250389,68.05016567682827,hedef,0.03711789928270035,3.5407262752589004,0.010483131537748217,0.2693324583885709
CSCO,LONG,2025-12-03,2025-12-09,74.68729400634766,73.55411600633437,78.08682800638752,78.08682800638752,hedef,0.04531689876126641,2.9868180825950623,0.015172299587088796,0.36797668703742803
CSCO,LONG,2025-12-17,2025-12-19,74.7756618280595,73.89318458229383,77.42309356535651,77.42309356535651,hedef,0.035204992380870805,2.9830532374207226,0.011801664126956907,0.25245400670672485
TMUS,LONG,2025-03-11,2025-03-11,251.6270462247958,248.7953688211727,260.1220784356651,248.7953688211727,stop,-0.01195346995129195,-1.0622030363105541,0.011253469951292004,0.4248598213964057
TMUS,LONG,2025-03-21,2025-04-07,247.38790825878723,239.8088448085038,270.1250986096375,236.42054103099855,stop,-0.0450326729466339,-1.4699096843097708,0.030636353666708444,0.2556934323058035
TMUS,LONG,2025-06-09,2025-06-11,232.6675262451172,228.9734089412238,243.74987815679737,228.9734089412238,stop,-0.016577236344540856,-1.0440882773808846,0.015877236344540874,0.231692656504801
TMUS,LONG,2025-09-08,2025-10-01,232.5894239352643,228.76405909598574,244.0655184531,228.76405909598574,stop,-0.01714685632973264,-1.0425613251533405,0.016446856329732612,0.2116753470364879
TMUS,LONG,2025-09-16,2025-09-16,234.91737154447804,231.29575161333446,245.7822313379088,231.29575161333446,stop,-0.016116569270007673,-1.0454056922613633,0.015416569270007712,0.3113725970534957
TMUS,LONG,2025-09-22,2025-09-23,232.126325777442,230.1574741170224,238.0328807587008,230.1574741170224,stop,-0.009181811159615326,-1.0825295431396735,0.008481811159615292,0.2239869467566224
TMUS,LONG,2025-10-01,2025-10-01,231.7052198905037,228.82685932303195,240.340301592919,228.82685932303195,stop,-0.013122510674692466,-1.0563493176484853,0.012422510674692517,0.20591104234841834
TMUS,LONG,2025-10-13,2025-10-22,220.3060302734375,216.51529430176976,231.67823818844073,216.51529430176976,stop,-0.017906682753816537,-1.0406818682029064,0.01720668275381655,0.28546668413553017
TMUS,LONG,2025-12-09,2025-12-10,196.85150146484375,194.20780778490305,204.78258250466584,194.20780778490305,stop,-0.014129888318189142,-1.0521225481117324,0.013429888318189136,0.23828686980825012
TMUS,LONG,2025-12-01,2025-12-09,202.61964416503906,200.19680849517124,209.88815117464253,200.19680849517124,stop,-0.012657555644971695,-1.0585403924333265,0.011957555644971713,0.33263345405896666
TMUS,LONG,2026-01-13,2026-01-13,193.49644768836285,191.56690916048333,199.2850632720014,191.56690916048333,stop,-0.010671958405082137,-1.0701968431439906,0.009971958405082184,0.2140600482198529
LIN,LONG,2025-03-11,2025-04-04,444.45027948283087,437.7283369349875,464.61610712636093,437.7283369349875,stop,-0.015824172169865945,-1.0462835249518483,0.015124172169865908,0.2830391023654691
LIN,LONG,2025-03-11,2025-03-11,447.50860595703125,443.5615985088212,459.3496283016614,443.5615985088212,stop,-0.009519958757595447,-1.0793654504786836,0.008819958757595472,0.2294051004810052
LIN,LONG,2025-03-21,2025-03-24,440.6095694890182,436.6443584772195,452.50520252441436,452.50520252441436,hedef,0.02679812682051306,2.9777762359593067,0.008999375606837664,0.21603310573518814
LIN,LONG,2025-04-04,2025-04-04,444.8251065449247,438.70969117492285,463.17135265493033,438.70969117492285,stop,-0.014447909639143185,-1.0509168316037618,0.013747909639143196,0.3140235485012124
LIN,LONG,2025-05-14,2025-05-14,438.26654052734375,433.8597257291853,451.4869849218191,433.8597257291853,stop,-0.01075510206838045,-1.06961639924086,0.010055102068380476,0.4264639785697842
LIN,LONG,2025-06-17,2025-06-20,454.83449338568334,449.8391342081979,469.8205709181397,449.8391342081979,stop,-0.011682806383704857,-1.0637359865542717,0.010982806383704873,0.22222886540859746
LIN,LONG,2025-08-01,2025-08-01,448.3287048339844,443.8323811752331,461.81767581023826,443.8323811752331,stop,-0.010729078241635902,-1.0697970424733545,0.010029078241635849,0.21544926356812286
LIN,LONG,2025-07-31,2025-08-01,450.8366246906025,446.8800851927196,462.70624318425115,446.8800851927196,stop,-0.009475993965881023,-1.0797630448153739,0.008775993965881005,0.20885930462171517
LIN,LONG,2025-07-30,2025-07-31,458.93065138620966,453.2255337920946,476.0460041685548,450.8366246906025,stop,-0.018336709753769963,-1.4750402621425451,0.012431328299564705,0.2773648917647813
LIN,LONG,2025-10-10,2025-10-16,450.7579551767482,440.16464554854724,482.5378840613512,440.16464554854724,stop,-0.024201104099310276,-1.0297858346161943,0.023501104099310253,0.40096152149483766
LIN,LONG,2025-09-05,2025-09-11,461.25169217130025,457.0083330421571,473.98176955872964,473.98176955872964,hedef,0.027398982515389282,2.978260068114281,0.009199660838463061,0.29493033963190896
LIN,LONG,2025-10-01,2025-10-01,463.23590087890625,458.7317320108059,476.7484074832073,458.7317320108059,stop,-0.010423272439710494,-1.0719922232294048,0.009723272439710535,0.23835356446599576
LIN,LONG,2025-10-01,2025-10-01,466.4029782367924,462.0072832117011,479.5900633120663,462.0072832117011,stop,-0.010124671861464006,-1.0742731429050814,0.009424671861463991,0.2172636052450327
LIN,LONG,2025-10-09,2025-10-09,457.22739741466785,453.0041421401825,469.8971632381238,453.0041421401825,stop,-0.009936662759854685,-1.0757849472476626,0.009236662759854651,0.2313083467145468
INTU,LONG,2025-02-19,2025-02-21,568.371826171875,557.1390426983706,602.0701765923881,557.1390426983706,stop,-0.020463089858200632,-1.0354195626808598,0.019763089858200633,0.26004628514503064
INTU,LONG,2025-03-10,2025-03-10,589.5968017578125,574.0983944804202,636.0920235899894,574.0983944804202,stop,-0.026986450725624077,-1.0266296887056583,0.026286450725624085,0.2540791583302167
INTU,LONG,2025-04-04,2025-04-07,573.0841674804688,551.5368413415324,637.7261458972778,540.2460541718305,stop,-0.0580006814217345,-1.542617028746353,0.03759888575122902,0.3626357386746672
INTU,LONG,2025-07-10,2025-07-10,748.4279174804688,738.4048777488968,778.4970366751847,738.4048777488968,stop,-0.014092124341531585,-1.052269526637319,0.013392124341531612,0.31014657231112014
INTU,LONG,2025-08-11,2025-08-11,737.6630249023438,730.1707274540547,760.1399172472109,730.1707274540547,stop,-0.010856802219117521,-1.0689193296175916,0.010156802219117479,0.19070891738014084
INTU,LONG,2025-08-19,2025-08-21,698.2459106445312,687.295075531299,731.0984159842282,687.295075531299,stop,-0.016383350158290032,-1.0446333208743637,0.015683350158290067,0.2579806887003221
INTU,LONG,2025-09-10,2025-09-22,647.7234026718747,631.8647233244951,695.2994407140136,695.2994407140136,hedef,0.07325116425604913,2.991831307153851,0.024483721418683012,0.31411864583646715
INTU,LONG,2025-10-09,2025-10-21,638.8530883789062,629.4685673070304,667.0066515945338,667.0066515945338,hedef,0.04386891619960285,2.986384961289211,0.014689638733200961,0.24324687394174674
INTU,LONG,2025-11-06,2025-11-06,642.9630221123109,639.3500373291739,653.8019764617219,639.3500373291739,stop,-0.006319273051298279,-1.1245712734742968,0.0056192730512982575,0.29580727621732356
INTU,LONG,2025-11-14,2025-11-26,642.8143920898438,624.031217204461,699.1639167459921,624.031217204461,stop,-0.029920215223117684,-1.0239560179367269,0.02922021522311766,0.31712115312465994
INTU,LONG,2026-01-13,2026-01-13,623.6047687960233,610.0201910559922,664.3585020161167,610.0201910559922,stop,-0.022483954228346446,-1.0321337436106586,0.02178395422834644,0.26385502965719276
QCOM,LONG,2025-02-03,2025-02-05,162.63950377958506,160.08953875941637,170.2893988400911,170.2893988400911,hedef,0.04683589769231886,2.9872437855034772,0.015678632564106256,0.22265448727390408
QCOM,LONG,2025-02-21,2025-02-24,161.6379264687909,158.29606366125475,171.6635148913994,158.29606366125475,stop,-0.02137499181995136,-1.033857328994174,0.02067499181995141,0.22944878548625802
QCOM,LONG,2025-03-10,2025-03-31,147.94338989257812,144.52501435186667,158.19851651471248,144.52501435186667,stop,-0.02380597008216142,-1.0302952006564063,0.023105970082161417,0.24828246154823858
QCOM,LONG,2025-03-28,2025-03-28,150.05791892632132,147.6029283485399,157.42289065966557,147.6029283485399,stop,-0.017060286716936456,-1.042786536208769,0.016360286716936415,0.25187044502786193
QCOM,LONG,2025-07-31,2025-07-31,147.30658615563598,144.99057280209277,154.25462621626562,144.99057280209277,stop,-0.01642240192367391,-1.0445224593162161,0.01572240192367394,0.18220408684316197
QCOM,LONG,2025-07-31,2025-07-31,148.6508026123047,146.8023221056285,154.19624413233328,146.8023221056285,stop,-0.013135052311807636,-1.0562924853428517,0.012435052311807613,0.19212804533831945
QCOM,LONG,2025-10-10,2025-10-20,153.19964599609375,149.65326475880454,163.83878970796138,163.83878970796138,hedef,0.06924626825142208,2.9913602269048085,0.02314875608380737,0.21942693781202902
QCOM,LONG,2025-10-10,2025-10-10,155.3841429349336,152.47923129723938,164.0988778480163,152.47923129723938,stop,-0.019395032728729854,-1.0374431010716676,0.018695032728729886,0.26414444727768643
QCOM,LONG,2025-10-07,2025-10-09,162.26093440191482,160.28804068214416,168.17961556122683,160.28804068214416,stop,-0.012858772085484658,-1.0575716030433386,0.012158772085484706,0.21038442460137627
QCOM,LONG,2025-11-17,2025-11-17,167.40382385253906,163.31424241166556,179.67256817515957,163.31424241166556,stop,-0.02512943862785296,-1.0286539535624841,0.02442943862785291,0.25422391702548514
QCOM,LONG,2025-12-17,2025-12-31,171.81364969773725,168.49765343882706,181.76163847446782,168.49765343882706,stop,-0.019999958209047063,-1.0362695085874234,0.019299958209047115,0.26247118305981876
TXN,LONG,2025-02-11,2025-02-19,172.09980858638986,169.33882027733182,180.38277351356396,182.06981269574223,hedef,0.057731523522570806,3.59856074545452,0.016042948169068344,0.24255980852607453
TXN,LONG,2025-04-03,2025-04-03,164.89341031108123,163.87814797847335,167.93919730890485,163.87814797847335,stop,-0.006857082509801515,-1.1136902094272272,0.006157082509801469,0.2501080095738117
TXN,LONG,2025-03-27,2025-03-28,171.31296027403107,168.67299610990108,179.23285276642105,168.67299610990108,stop,-0.016110183560584766,-1.045424507582789,0.01541018356058481,0.2074736003355085
TXN,LONG,2025-04-21,2025-04-24,138.1788243165541,132.08576336839081,156.458007161044,157.97486567073702,hedef,0.14306392956443245,3.2444129079783126,0.044095475397914044,0.2551200197759494
TXN,LONG,2025-07-23,2025-07-23,188.61676968377608,189.2554114511568,,188.61676968377608,stop,-0.0007,-0.048875568404552754,0.014322084076976075,0.13535384091269684
TXN,LONG,2025-07-22,2025-07-23,207.1397132227864,203.8931696871329,216.87934382974692,188.61676968377608,stop,-0.0901224639535356,-5.750097336830746,0.015673206673612237,0.38224219495953393
TXN,LONG,2025-07-31,2025-07-31,179.02626037597656,176.0130961479771,188.06575305997492,176.0130961479771,stop,-0.01753085052255151,-1.0415902927224054,0.01683085052255154,0.2457069838788445
TXN,LONG,2025-09-15,2025-09-15,171.4402170365433,172.33003832169422,,171.4402170365433,stop,-0.0007,-0.048875568404552754,0.014322084076976075,0.26889097606123813
TXN,LONG,2025-10-10,2025-10-10,171.4402170365433,168.528251733233,180.17611294647418,168.528251733233,stop,-0.01768531041108986,-1.041212081678708,0.016985310411089815,0.2547348513364751
TXN,LONG,2025-10-07,2025-10-07,175.8363494873047,172.7523507711821,185.08834563567243,172.7523507711821,stop,-0.01823902833580634,-1.0399109908825996,0.017539028335806315,0.231683587082766
TXN,LONG,2025-10-22,2025-10-22,159.82111845429569,165.64654106766386,,159.82111845429569,stop,-0.0007,-0.048875568404552754,0.014322084076976075,0.23131038093796175
TXN,LONG,2025-11-14,2025-11-17,157.72687230243275,153.16705035876402,171.40633813343896,153.16705035876402,stop,-0.029609607330103725,-1.0242134039389437,0.02890960733010368,0.2652105673653005
AMGN,LONG,2025-04-07,2025-04-07,275.2398727100508,274.6741616244208,276.9370059669409,274.6741616244208,stop,-0.0027553384219370586,-1.3405765165136685,0.0020553384219370407,0.2781349370291881
AMGN,LONG,2025-03-21,2025-03-25,297.91421644517186,293.6410297038622,310.7337766691008,293.6410297038622,stop,-0.015043681856807566,-1.0488019747640884,0.014343681856807532,0.3178904017454946
AMGN,LONG,2025-04-01,2025-04-02,292.48004150390625,288.8228157318836,303.45171881997413,288.8228157318836,stop,-0.01320418918575602,-1.0559812387353635,0.012504189185756059,0.224791484845027
AMGN,LONG,2025-05-06,2025-05-08,261.8360900878906,254.6690937268563,283.33707917099366,254.6690937268563,stop,-0.028072072194587815,-1.0255735113886784,0.027372072194587795,0.2658391807156821
AMGN,LONG,2025-09-25,2025-09-26,265.7091369628906,262.8972774101736,274.14471562104166,262.8972774101736,stop,-0.011282472190671099,-1.0661471145293508,0.010582472190671106,0.2673451833475881
AMGN,LONG,2025-12-05,2025-12-05,327.59674072265625,323.2220772798018,340.7207310512196,323.2220772798018,stop,-0.01405380636939254,-1.0524195110095642,0.013353806369392577,0.2290521171503818
AMGN,LONG,2026-01-20,2026-01-21,317.59147372666916,311.6270590929991,335.48471762767934,335.48471762767934,hedef,0.05614044167196306,2.9893504562230215,0.018780147223987673,0.24836753965348998
ISRG,LONG,2025-03-06,2025-03-07,538.8800048828125,526.2124078580225,576.8827959571825,526.2124078580225,stop,-0.0242072686126937,-1.0297780236204035,0.023507268612693734,0.3124511017020998
ISRG,LONG,2025-02-03,2025-02-04,564.8699951171875,559.4684011231384,581.0747770993348,581.0747770993348,hedef,0.02848763099867877,2.9790850628262935,0.009562543666226239,0.2506677120489473
ISRG,LONG,2025-02-25,2025-02-25,583.7000122070312,577.7537587387183,601.5387726119702,577.7537587387183,stop,-0.010887173794685366,-1.0687138566699632,0.010187173794685351,0.24592658617109814
ISRG,LONG,2025-03-03,2025-03-04,570.8499755859375,552.3346290545732,626.3960151800305,552.3346290545732,stop,-0.03313469794731901,-1.0215818257699487,0.03243469794731906,0.2702314068908995
ISRG,LONG,2025-03-31,2025-04-04,483.1099853515625,472.94400771266334,513.6079182682599,472.94400771266334,stop,-0.02174278103774093,-1.0332655649813831,0.021042781037740942,0.41349462922023666
ISRG,LONG,2025-06-09,2025-06-09,509.989990234375,498.7637123659615,543.6688238396155,498.7637123659615,stop,-0.022712741589799156,-1.0317997645656454,0.022012741589799153,0.2076082695196132
ISRG,LONG,2025-06-09,2025-06-09,531.5,526.2437233522896,547.2688299431311,526.2437233522896,stop,-0.010589513918551972,-1.0707820430574317,0.009889513918551958,0.24475930716865757
ISRG,LONG,2025-06-09,2025-06-09,531.5,539.6137184694771,,531.5,stop,-0.0007,-0.04500735656349923,0.015553012961612078,0.24103510637798253
ISRG,LONG,2025-07-08,2025-07-23,525.8099975585938,495.07942192385065,618.0017244628231,495.07942192385065,stop,-0.0591442589099281,-1.0119772243340246,0.058444258909928076,0.4081104166418499
ISRG,LONG,2025-07-16,2025-07-23,508.0,500.1432856795216,531.5701429614351,500.1432856795216,stop,-0.01616597307180786,-1.0452606503806754,0.015465973071807824,0.22671674655597185
ISRG,LONG,2025-07-22,2025-07-23,510.8299865722656,503.4222900141351,533.0530762466572,503.4222900141351,stop,-0.015201295446332495,-1.0482715494343635,0.014501295446332545,0.27312887830611854
ISRG,LONG,2025-08-21,2025-08-21,469.80999755859375,461.4279699243654,494.95608046127876,461.4279699243654,stop,-0.018541313888138254,-1.039234778581268,0.01784131388813825,0.26628220745078757
ISRG,LONG,2025-08-28,2025-09-03,469.8800048828125,458.74305124934193,503.2908657832242,458.74305124934193,stop,-0.024401697279602473,-1.0295337499142891,0.023701697279602505,0.24763034553117722
ISRG,LONG,2025-09-25,2025-10-03,433.6499938964844,427.06071519655563,453.4178299962706,453.4178299962706,hedef,0.04538477200049249,2.9868377097511054,0.015194924000164181,0.2846101268985098
ISRG,LONG,2025-10-01,2025-10-01,438.1199951171875,430.9467034337364,459.63987016754083,430.9467034337364,stop,-0.01707289273120801,-1.042753593484778,0.016372892731208063,0.2601633533490642
ISRG,LONG,2025-10-10,2025-10-21,437.1199951171875,427.7003717583477,465.3788651937068,465.3788651937068,hedef,0.0644478550333609,2.990718949612635,0.021549285011120266,0.27421152706307445
ISRG,LONG,2025-12-11,2025-12-19,544.9299926757812,535.6978954139319,572.6262844613294,572.6262844613294,hedef,0.05062541272788177,2.9881948818947643,0.016941804242627256,0.30185282190798074
ISRG,LONG,2025-12-08,2025-12-09,567.3699951171875,558.2765598804984,594.6503008272547,558.2765598804984,stop,-0.016727346026310173,-1.0436753532899912,0.016027346026310143,0.32325626776341604
ISRG,LONG,2026-01-14,2026-01-14,533.9600219726562,534.6265102502936,,533.9600219726562,stop,-0.0007,-0.04500735656349923,0.015553012961612078,0.23038449270011913
ISRG,LONG,2026-01-13,2026-01-14,561.1500244140625,552.4222255538768,587.3334209946195,533.9600219726562,stop,-0.049154069782492336,-3.1603394968601926,0.015553414382007712,0.22013014291558564
CMCSA,LONG,2025-01-30,2025-01-30,30.214659736163362,31.583409591699482,,30.214659736163362,stop,-0.0007,-0.04967259985924229,0.014092276264652877,0.2954197187047901
CMCSA,LONG,2025-04-07,2025-04-24,29.187604904174805,28.328849507949933,31.76387109284942,28.327346288281,stop,-0.03017342266411035,-1.0255422477672684,0.0294219206764047,0.49287707971477396
CMCSA,LONG,2025-03-12,2025-03-13,31.00470191611272,30.49798787119987,32.52484405085126,30.49798787119987,stop,-0.01704313551163391,-1.042831438281941,0.016343135511633963,0.3462531240839837
CMCSA,LONG,2025-06-18,2025-07-01,30.400080924035162,29.822507677836903,32.13280066262994,32.13280066262994,hedef,0.05679720809706266,2.9894731685983933,0.01899906936568756,0.24388225180868214
CMCSA,LONG,2025-07-25,2025-07-25,30.4620880426979,30.1151206480005,31.502990226790104,30.1151206480005,stop,-0.012090138266656801,-1.0614566727472647,0.011390138266656778,0.2451556789090681
CMCSA,LONG,2025-09-18,2025-10-02,28.077489852905273,27.581640032946286,29.565039312782236,27.581640032946286,stop,-0.018360048051185705,-1.039637491244139,0.017660048051185755,0.22210160772798365
CMCSA,LONG,2025-09-08,2025-09-08,29.114417173885116,29.583664921435783,,29.114417173885116,stop,-0.0007,-0.04967259985924229,0.014092276264652877,0.22005796496999658
CMCSA,LONG,2025-11-18,2025-11-20,24.499967575073242,24.00036279853676,25.99878190468269,24.00036279853676,stop,-0.02109205868357108,-1.0343270883465987,0.020392058683571107,0.27007152261635964
CMCSA,LONG,2025-12-09,2025-12-10,23.939865747917917,23.697425578535356,24.6671862560656,24.6671862560656,hedef,0.03018114397992975,2.980250908247675,0.010127047993309941,0.18559873095839943
CMCSA,LONG,2026-01-06,2026-01-12,26.4332218170166,26.041933927729698,27.607085484877313,27.7030115131152,hedef,0.047837643874389914,3.2316437241123586,0.014802882977927763,0.21489725411317193
BKNG,LONG,2025-03-07,2025-03-10,184.09922974806204,180.16993105607298,195.88712582402923,180.16993105607298,stop,-0.022043373882477756,-1.032797064037503,0.021343373882477763,0.2727460698266468
BKNG,LONG,2025-07-24,2025-07-28,223.68202255646796,221.60774078146196,229.90486788148596,221.60774078146196,stop,-0.009973350407417501,-1.0754851234177514,0.009273350407417533,0.23905576729744263
BKNG,LONG,2025-08-08,2025-08-20,213.1301727294922,210.02920259960862,222.43308311914288,222.43308311914288,hedef,0.043448960025280293,2.9862539680291915,0.014549653341760102,0.27878545640434954
BKNG,LONG,2025-09-10,2025-09-10,218.234130859375,214.689168055314,228.86901927155796,214.689168055314,stop,-0.016943851454863733,-1.0430932283482794,0.016243851454863758,0.25713442362573535
BKNG,LONG,2025-09-16,2025-10-01,217.0057830810547,211.88683166972794,232.36263731503493,211.88683166972794,stop,-0.024289009189744713,-1.0296748368856594,0.023589009189744718,0.27308375344491564
BKNG,LONG,2025-10-07,2025-10-07,211.08319247038483,206.7537728673587,224.07145127946325,206.7537728673587,stop,-0.021210489501117223,-1.0341288782972171,0.020510489501117245,0.2350396079400866
BKNG,LONG,2025-11-04,2025-11-05,198.1262316029592,193.85855860871243,210.9292505856995,193.85855860871243,stop,-0.02224017143373066,-1.0324974200949877,0.02154017143373066,0.2527738642522294
BKNG,LONG,2026-01-14,2026-01-20,204.6802630607599,197.49327808786822,226.24121797943494,197.49327808786822,stop,-0.03581322911852133,-1.019935506291296,0.03511322911852133,0.3055294834038085
BKNG,LONG,2026-01-13,2026-01-14,210.20869733233548,207.4122155027727,218.59814282102377,207.4122155027727,stop,-0.014003359304594253,-1.0526182886572297,0.013303359304594267,0.23788479431469794
HON,LONG,2025-02-06,2025-02-06,205.20609549404327,203.79353682273413,209.4437715079707,203.79353682273413,stop,-0.007583609709099292,-1.1016908322205923,0.006883609709099241,0.2527925281511897
HON,LONG,2025-04-04,2025-04-04,193.51412963867188,191.32580452583557,200.0791049771808,191.32580452583557,stop,-0.012008347958479014,-1.0619011727062384,0.01130834795847897,0.23033679037025045
HON,LONG,2025-03-11,2025-03-12,199.58746243906293,197.39384509704627,206.16831446511293,197.39384509704627,stop,-0.011690757210946555,-1.0636898792835459,0.010990757210946604,0.2860437304820654
HON,LONG,2025-04-04,2025-04-04,195.02960281080306,195.41627228807087,,195.02960281080306,stop,-0.0007,-0.06204766836331581,0.011281648746270346,0.22097011423432206
HON,LONG,2025-06-11,2025-06-11,217.0030108369248,214.26447038082995,225.21863220520936,214.26447038082995,stop,-0.013319827003934269,-1.0554682722498359,0.012619827003934216,0.22241946848410415
HON,LONG,2025-07-24,2025-08-01,217.0319700857967,212.93698667348826,229.316920322722,212.93698667348826,stop,-0.019568111507671536,-1.037099632346111,0.0188681115076715,0.21141001045095068
HON,LONG,2025-07-29,2025-08-01,213.91677856445312,211.3458955934629,221.6294274774238,211.3458955934629,stop,-0.012718145506130228,-1.058245259191029,0.012018145506130175,0.20827176770728953
HON,LONG,2025-07-22,2025-07-24,226.78262577859246,223.88911953461547,235.46314451052342,218.08323824997373,stop,-0.039060026473597374,-3.061384569362001,0.012758941449076935,0.2874079797809334
HON,LONG,2025-08-21,2025-09-04,208.62188720703125,205.82018288770018,217.02700016502445,205.82018288770018,stop,-0.014129579977630612,-1.0521237448353518,0.013429579977630644,0.24370486462259974
HON,LONG,2025-09-02,2025-09-03,209.88242430198147,207.705691412974,216.41262296900388,207.705691412974,stop,-0.011071201382139316,-1.067494591437156,0.010371201382139351,0.25535808381128183
HON,LONG,2025-10-06,2025-10-09,201.8357391357422,197.3744350529466,215.21965138412892,197.3744350529466,stop,-0.02280363784877156,-1.0316689951576854,0.022103637848771583,0.3270065795786258
HON,LONG,2025-12-09,2025-12-15,196.83543395996094,195.2640820964589,201.54948955046703,202.46461711861699,hedef,0.028398423797013607,3.5573293300497184,0.007983074144168907,0.2420085322348504
AMAT,LONG,2025-02-14,2025-02-20,166.8295090410378,164.09276401359355,175.03974412337053,175.03974412337053,hedef,0.049013326404461856,2.9878081803479573,0.016404442134820653,0.1666289430975679
AMAT,LONG,2025-02-14,2025-02-25,170.52914428710938,166.33227558429058,183.11975039556575,166.24470470850687,stop,-0.02582438326312749,-1.0493084943652633,0.024610858867342825,0.19396994522571753
AMAT,LONG,2025-03-10,2025-03-10,150.43304443359375,146.27432495474136,162.90920287015092,146.27432495474136,stop,-0.02834498647561564,-1.0253210469325933,0.027644986475615668,0.36682501346151025
AMAT,LONG,2025-08-15,2025-08-15,161.34262160436586,163.3205688638155,,161.34262160436586,stop,-0.0007,-0.03439059361353287,0.02035440294710547,0.3350499552188148
AMAT,LONG,2025-07-31,2025-07-31,176.3959947719195,178.29384162547456,,176.3959947719195,stop,-0.0007,-0.03439059361353287,0.02035440294710547,0.225050951518637
AMAT,LONG,2025-07-31,2025-07-31,176.3959947719195,181.46716043677836,,176.3959947719195,stop,-0.0007,-0.03439059361353287,0.02035440294710547,0.2530069566806767
AMAT,LONG,2025-08-06,2025-08-07,175.1266856701724,171.79217548029484,185.1302162398051,185.1302162398051,hedef,0.056921680407250964,2.989496107332237,0.019040560135750326,0.2646484468110573
AMAT,LONG,2025-08-15,2025-08-15,161.34262160436586,172.81074772283358,,161.34262160436586,stop,-0.0007,-0.03439059361353287,0.02035440294710547,0.20738828034301138
AMAT,LONG,2025-08-29,2025-09-02,158.96080017089844,155.44432369346964,169.51022960318483,155.44432369346964,stop,-0.022821658129854892,-1.0316431976251945,0.022121658129854904,0.28353550123454563
AMAT,LONG,2025-11-14,2025-11-14,202.62924914009386,212.9012030472118,,202.62924914009386,stop,-0.0007,-0.03439059361353287,0.02035440294710547,0.17833278716596027
AMAT,LONG,2025-11-13,2025-11-13,226.1392114815651,220.23093696195525,243.86403504039464,220.23093696195525,stop,-0.026826714075376033,-1.0267925005027603,0.026126714075376044,0.3574751534417801
PDD,LONG,2025-04-08,2025-04-08,94.68000030517578,92.52942336910696,101.13173111338223,92.52942336910696,stop,-0.023414162749651544,-1.0308177768960816,0.0227141627496515,0.3837452903803383
PDD,LONG,2025-04-03,2025-04-04,111.98999786376953,108.70922697053841,121.8323105434629,105.0,stop,-0.06311626928390987,-2.1544908475192996,0.02929521346381328,0.2578796747991404
PDD,LONG,2025-04-03,2025-04-03,111.98999786376953,112.00922239290169,,111.98999786376953,stop,-0.0007,-0.02458097374800895,0.028477309612549413,0.258061495375933
PDD,LONG,2025-05-21,2025-05-27,115.62999725341797,113.14777015575626,123.07667854640309,98.22000122070312,stop,-0.15126643125709502,-7.046469296571997,0.021466982241827675,0.23024180703201827
PDD,LONG,2025-07-09,2025-07-22,104.43000030517578,101.5036846155416,113.20894737407832,113.20894737407832,hedef,0.08386537434882532,2.992862697577362,0.028021791449608424,0.2766226939704787
PDD,LONG,2025-10-10,2025-10-10,128.1999969482422,126.19161033664547,134.22515678303233,126.19161033664547,stop,-0.016366042585067762,-1.044682630996242,0.015666042585067767,0.21712716745134888
PDD,LONG,2025-11-14,2025-11-14,131.61000061035156,130.91921713168935,133.6823510463382,130.91921713168935,stop,-0.005948715716576591,-1.1333659580360214,0.005248715716576627,0.22451537430522003
PDD,LONG,2025-12-11,2025-12-15,112.5,110.50624233189744,118.48127300430768,110.50624233189744,stop,-0.018422290383133887,-1.0394982806887196,0.01772229038313387,0.20114004300240415
PDD,LONG,2025-12-10,2025-12-10,113.5,114.12806700425982,,113.5,stop,-0.0007,-0.02458097374800895,0.028477309612549413,0.311261513797303
PDD,LONG,2026-01-13,2026-01-14,112.41999816894531,110.29973102407232,118.7807996035643,106.83999633789062,stop,-0.05033531330670401,-2.6688598384671502,0.018860231092395586,0.19932578846477925
VRTX,LONG,2025-04-07,2025-04-08,451.8299865722656,442.64883407935946,479.3734440509841,479.3734440509841,hedef,0.06075978199161256,2.9901574451154986,0.020319927330537484,0.41405018507046454
VRTX,LONG,2025-04-04,2025-04-07,484.3500061035156,468.38009040615214,532.2597531956061,465.92999267578125,stop,-0.0387303771975129,-1.174649809523028,0.032971849893918215,0.3198036731596123
VRTX,LONG,2025-05-06,2025-05-06,465.55999755859375,444.75980326009176,527.9605804540997,444.75980326009176,stop,-0.0453777953595211,-1.0156677381765846,0.04467779535952109,0.2793452021139266
VRTX,LONG,2025-06-17,2025-07-09,443.82000732421875,434.8541778146345,470.71749585297147,470.71749585297147,hedef,0.060404497509963774,2.9900997446616673,0.020201499169987924,0.23513197816439538
VRTX,LONG,2025-09-16,2025-09-23,386.69000244140625,381.44110748388107,402.4366873139818,381.44110748388107,stop,-0.014273909137515216,-1.0515695215658525,0.013573909137515204,0.25788952506032387
VRTX,LONG,2025-11-10,2025-12-03,412.3800048828125,400.4892321679099,448.0523230275203,448.0523230275203,hedef,0.0863035106511649,2.9930638653219583,0.028834503550388288,0.31820202010025284
VRTX,LONG,2026-01-15,2026-01-20,437.010009765625,431.1396642958459,454.6210461749624,431.1396642958459,stop,-0.01413297713690239,-1.052110562898005,0.013432977136902375,0.25277475335657673
VRTX,LONG,2026-01-14,2026-01-15,448.79998779296875,440.417712930645,473.94681237994,440.417712930645,stop,-0.019377083534571092,-1.0374790849280258,0.018677083534571072,0.2452869427031973
PANW,LONG,2025-03-31,2025-04-03,167.82000732421875,164.63937977035505,177.36188998580985,164.63937977035505,stop,-0.019652612412409863,-1.0369342222997007,0.018952612412409853,0.34575213943088096
PANW,LONG,2025-03-03,2025-03-03,188.00999450683594,183.06534031892411,202.8439570705714,183.06534031892411,stop,-0.026999953898100025,-1.0266160162376017,0.02629995389810002,0.2996525482753545
PANW,LONG,2025-03-27,2025-03-27,181.72000122070312,178.20300200020856,192.27099888218683,178.20300200020856,stop,-0.02005394671400581,-1.036168333536507,0.01935394671400586,0.20990436676813323
PANW,LONG,2025-05-21,2025-05-21,184.75999450683594,183.06980309086515,189.8305687547483,183.06980309086515,stop,-0.009848037812418574,-1.076519141520132,0.009148037812418595,0.16804708019991413
PANW,LONG,2025-07-30,2025-07-30,180.27000427246094,177.2127632416943,189.44172736476088,177.2127632416943,stop,-0.01765923314089409,-1.0412754512061062,0.016959233140894137,0.21208262010131831
PANW,LONG,2025-07-30,2025-07-30,180.27000427246094,181.4627632416943,,180.27000427246094,stop,-0.0007,-0.03548738109308338,0.01972532146466093,0.21715438600277884
PANW,LONG,2025-07-10,2025-07-10,194.38999938964844,192.44790857693047,200.21627182780233,192.44790857693047,stop,-0.010690693033673503,-1.0700652094545011,0.00999069303367354,0.1945437511193453
PANW,LONG,2025-06-27,2025-07-10,199.24000549316406,194.83919427052723,212.44243916107456,194.83919427052723,stop,-0.022787989868017854,-1.0316914306907368,0.022087989868017868,0.3136337438201622
PANW,LONG,2025-07-10,2025-07-10,196.44000244140625,193.75790613552422,204.48629135905233,193.75790613552422,stop,-0.014353513910345415,-1.051268853175563,0.013653513910345411,0.23238295728574898
PANW,LONG,2025-11-14,2025-11-20,200.0,196.3334667136871,210.9995998589387,196.3334667136871,stop,-0.019032666431564503,-1.038183207151731,0.01833266643156449,0.2728920115731849
PANW,LONG,2025-11-13,2025-11-14,205.50999450683594,202.08854357637233,215.77434729822676,201.99000549316406,stop,-0.01782806728509153,-1.0708456980063166,0.016648586550129064,0.24438479568831328
PANW,LONG,2025-11-13,2025-11-13,208.22999572753906,206.05854479707546,214.74434851892988,206.05854479707546,stop,-0.011128137036053497,-1.0671260837463006,0.010428137036053473,0.26721283547642793
PANW,LONG,2025-11-20,2025-11-20,198.1300048828125,197.06273888555424,201.33180287458728,197.06273888555424,stop,-0.006086695457305968,-1.1299498004942083,0.0053866954573059955,0.29816157509375385
PANW,LONG,2026-01-02,2026-01-02,182.89999389648438,179.06422832635494,194.4072906068727,179.06422832635494,stop,-0.02167192836594819,-1.0333779511252068,0.02097192836594823,0.2685663675196233
ADP,LONG,2025-03-06,2025-03-06,291.0221676948631,288.5095507802832,298.560018438603,288.5095507802832,stop,-0.009333764687006384,-1.0810770301689498,0.008633764687006355,0.1713105634512112
ADP,LONG,2025-02-27,2025-03-06,297.2226581437528,293.01216426732503,309.8541397730362,293.01216426732503,stop,-0.014866126844849635,-1.049413647616354,0.01416612684484966,0.18081924499783542
ADP,LONG,2025-04-04,2025-04-04,283.915178946351,280.28916517320897,294.793220265777,280.28916517320897,stop,-0.013471468530138662,-1.0548096719142455,0.012771468530138653,0.22251177630808885
ADP,LONG,2025-06-09,2025-06-10,306.93504016601173,304.45918223298594,314.3626139650891,304.45918223298594,stop,-0.00876639063329717,-1.0867798290242143,0.008066390633297123,0.19523433576369698
ADP,LONG,2025-06-09,2025-06-09,310.52318482097616,307.74914847905643,318.84529384673533,307.74914847905643,stop,-0.009633427446066621,-1.0783573834596054,0.008933427446066617,0.2005878355971615
ADP,LONG,2025-06-18,2025-06-25,296.62567138671875,292.4895247445208,309.0341113133126,292.4895247445208,stop,-0.014643994202732179,-1.0502008240840208,0.013943994202732214,0.33245099180256427
ADP,LONG,2025-07-15,2025-07-22,288.2824401855469,285.71492127996163,295.9849969023026,295.9849969023026,hedef,0.026518785618014663,2.977543889584742,0.008906261872671526,0.2100155286184328
ADP,LONG,2025-07-11,2025-07-15,294.91448974609375,289.5625412736916,310.97033516330026,289.5625412736916,stop,-0.01884745852945343,-1.038572894318168,0.018147458529453483,0.22132348853986006
ADP,LONG,2025-09-03,2025-09-03,286.71625341959407,285.5816175128572,290.12016113980474,285.5816175128572,stop,-0.004657347702491121,-1.176886150175626,0.0039573477024911095,0.1918578893632058
ADP,LONG,2025-08-12,2025-08-19,289.4909362792969,287.54965634331427,295.3147760872447,295.3147760872447,hedef,0.01991752037144632,2.970175250780331,0.0067058401238154364,0.18564699926902176
ADP,LONG,2025-09-22,2025-10-16,280.5477294921875,273.1093368455825,302.8629074320025,273.1093368455825,stop,-0.02721382230064403,-1.0264013235082685,0.02651382230064398,0.2794109358850099
ADP,LONG,2025-09-30,2025-09-30,280.353369812213,278.0137674604923,287.37217686737495,278.0137674604923,stop,-0.009045190761529952,-1.08388064695021,0.008345190761529907,0.1763266232336811
ADP,LONG,2025-10-06,2025-10-13,280.353369812213,275.75773734603814,294.1402672107375,275.75773734603814,stop,-0.017092285454792654,-1.0427030142886744,0.016392285454792616,0.28613561025966444
ADP,LONG,2026-01-02,2026-01-02,250.8964541792279,248.79436817446356,257.20271219352094,248.79436817446356,stop,-0.009078300967389229,-1.083549159038883,0.0083783009673892,0.2936427054111103
GILD,LONG,2025-04-25,2025-04-28,91.09852259078622,89.53627208353397,95.78527411254295,99.94649040282135,hedef,0.0969252613149407,5.651941264558868,0.017149021332320175,0.3554429455757756
GILD,LONG,2025-03-17,2025-03-19,105.4327149604988,102.95580139846584,112.86345564659769,102.95580139846584,stop,-0.02419283676286773,-1.0297963165140784,0.023492836762867744,0.34196221937458376
GILD,LONG,2025-04-07,2025-04-07,100.80294741769353,100.09158579636824,102.93703228166942,100.09158579636824,stop,-0.0077569525946265755,-1.0991929576702897,0.007056952594626543,0.2861510883887221
GILD,LONG,2025-05-02,2025-06-02,98.81095153432396,88.91971379860166,128.48466474149086,104.80619812011719,zaman,0.05997390803043371,0.5991241013566075,0.10010264633760135,0.32391181320749446
GILD,LONG,2025-06-18,2025-07-18,104.31542322881415,101.01319019173891,114.22212234003987,104.88166046142578,zaman,0.004728125727579003,0.14935845859875663,0.0316562300651539,0.2585202005242467
GILD,LONG,2025-10-02,2025-10-06,106.87810516357422,104.54988446542586,113.86276725801929,113.86276725801929,hedef,0.06515166471893583,2.990818902585258,0.021783888239645288,0.22010229404096304
GILD,LONG,2025-09-15,2025-10-02,109.1556059709267,107.26039863722639,114.84122797202764,107.26039863722639,stop,-0.018062437016795073,-1.0403169209093686,0.017362437016795053,0.24366429637976134
GILD,LONG,2026-01-05,2026-01-07,115.3005142211914,113.70053521161111,120.10045124993229,120.17799976886701,hedef,0.042102374630512675,3.0340557068337812,0.013876599080129951,0.33077221027009823
SBUX,LONG,2025-04-03,2025-04-03,88.2036517642913,86.80390916300217,92.40287956815865,86.80390916300217,stop,-0.016569440474297835,-1.0441099357682886,0.015869440474297877,0.2811582239839501
SBUX,LONG,2025-03-31,2025-04-03,92.07807922363281,90.54780572363018,96.66889972364072,89.79823430604968,stop,-0.025459909598526807,-1.5319480949226676,0.01661930301875666,0.38084368638023824
SBUX,LONG,2025-04-21,2025-05-19,75.63830708749519,72.27118802597583,85.73966427205328,81.96375274658203,zaman,0.08292754142249406,1.862868146187624,0.044516055305473985,0.2652202664202765
SBUX,LONG,2025-04-30,2025-04-30,73.46429553781375,74.33315333692367,,73.46429553781375,stop,-0.0007,-0.054590569824860935,0.012822727482892385,0.2697202788611198
SBUX,LONG,2025-06-30,2025-07-01,88.25077819824219,86.92875923600961,92.21683508493992,92.21683508493992,hedef,0.04474075823091981,2.986649090411049,0.014980252743639927,0.26483794301102653
SBUX,LONG,2025-08-25,2025-09-08,84.14339447021484,82.22897753034891,89.88664528981263,82.22897753034891,stop,-0.02345183871436992,-1.030766744120682,0.022751838714369876,0.2658774824320917
SBUX,LONG,2025-10-07,2025-10-08,79.86200714111328,78.6890853821074,83.38077241813095,78.6890853821074,stop,-0.015386855502308859,-1.0476616658950562,0.014686855502308848,0.20818834089198118
SBUX,LONG,2025-10-06,2025-10-06,81.31492614746094,80.38107439005718,84.11648141967221,80.38107439005718,stop,-0.012184383023483979,-1.060952338368421,0.011484383023484031,0.23766597341478518
SBUX,LONG,2025-11-24,2025-12-04,81.77469678421356,80.27666231471976,86.26880019269497,86.26880019269497,hedef,0.05475713937454783,2.9890824011797514,0.018319046458182588,0.2629615522931304
SBUX,LONG,2025-12-08,2025-12-08,83.395263671875,82.1469506828476,87.14020263895719,82.1469506828476,stop,-0.015668631719170288,-1.0467644613838363,0.014968631719170282,0.24156365177371047
MU,LONG,2025-01-27,2025-01-27,94.49589044193067,91.37056147732737,103.87187733574056,91.37056147732737,stop,-0.03377370246459407,-1.021164851463162,0.03307370246459412,0.23470147275185077
MU,LONG,2025-03-03,2025-03-10,89.2560840164085,85.78121357460515,99.68069534181853,85.78121357460515,stop,-0.039631468707102845,-1.0179803131822849,0.03893146870710281,0.26419271750889284
MU,LONG,2025-03-10,2025-03-14,89.2461261681772,85.19751667654542,101.39195464307254,101.39195464307254,hedef,0.13589362104980893,2.99559127021993,0.04536454034993629,0.28153681644081213
MU,LONG,2025-05-30,2025-06-02,92.02554118873284,89.79586894809589,98.71455791064372,98.71455791064372,hedef,0.07248652414868759,2.9917453749917566,0.024228841382895865,0.22771654342492859
MU,LONG,2025-07-14,2025-07-16,120.18709749227783,116.7716596979058,130.43341087539392,116.7716596979058,stop,-0.02911767432308173,-1.0246325576133242,0.028417674323081735,0.352357190970637
MU,LONG,2025-09-02,2025-09-05,115.60445404052734,112.22193990654291,125.75199644248063,127.56524026756098,hedef,0.10326302247870608,3.529228515643646,0.02925937553235297,0.23540405671223488
MU,LONG,2025-11-21,2025-11-24,196.50778282356887,188.34340864772076,221.0009053511132,221.0009053511132,hedef,0.12444199725633795,2.995186213208971,0.04154733241877932,0.20788247382865438
ADI,LONG,2025-02-07,2025-02-12,199.4964289239349,196.26073408587357,209.2035134381189,195.99595888281598,stop,-0.018246529830133383,-1.124987900140372,0.01621931207247353,0.2752497950264164
ADI,LONG,2025-03-28,2025-03-31,198.85627740725954,195.55466114006143,208.76112620885388,195.55466114006143,stop,-0.01730302762500365,-1.04216098508117,0.01660302762500362,0.2094146811965262
ADI,LONG,2025-07-23,2025-07-23,224.48345937633061,220.70042489378073,235.83256282398025,220.70042489378073,stop,-0.017552174735101032,-1.0415376656724296,0.01685217473510104,0.197923648218127
ADI,LONG,2025-07-22,2025-07-22,234.91128168859265,231.28369216224462,245.79405026763675,231.28369216224462,stop,-0.01614238105667872,-1.0453297970974043,0.015442381056678679,0.3670348228297115
ADI,LONG,2025-07-31,2025-08-01,222.69300842285156,217.18678702463177,239.21167261751094,217.18678702463177,stop,-0.025425614141259954,-1.028310722475922,0.02472561414126001,0.24999555360130038
ADI,LONG,2025-10-10,2025-10-10,226.69692993164062,223.06902831007088,237.58063479634987,223.06902831007088,stop,-0.016703311657831975,-1.0437409465594827,0.016003311657832,0.2658025341822823
ADI,LONG,2025-09-15,2025-09-16,236.46256022139667,235.41233147510792,239.61324646026293,239.94895889760207,hedef,0.014543977536829211,3.2746258149132417,0.004441416625555595,0.2531885767810909
ADI,LONG,2025-10-07,2025-10-07,236.3242950439453,232.0177895868976,249.24381141508843,232.0177895868976,stop,-0.018922863866987903,-1.0384132815296983,0.01822286386698793,0.20936697863818482
ADI,LONG,2025-11-17,2025-11-25,225.65769958496094,219.16332649773096,245.14081884665086,245.14081884665086,hedef,0.08613926206605879,2.993050670278591,0.028779754022019616,0.25132442252412757
LRCX,LONG,2025-03-04,2025-03-28,73.6153564453125,71.67355747738733,79.440753349088,71.67355747738733,stop,-0.027077634527487425,-1.026537633587674,0.026377634527487388,0.18419517522364773
LRCX,LONG,2025-02-25,2025-02-27,80.30407254645147,78.74535335793134,84.98023011201185,78.74535335793134,stop,-0.020110213443639467,-1.0360634880204993,0.01941021344363944,0.23636457315430873
LRCX,LONG,2025-03-10,2025-03-10,74.87010192871094,72.3076257264167,82.55753053559364,72.3076257264167,stop,-0.03492562727020395,-1.020452510467484,0.0342256272702039,0.26918245801023244
LRCX,LONG,2025-07-31,2025-07-31,90.42296033745372,93.26541482572821,,90.42296033745372,stop,-0.0007,-0.03588526437460649,0.019506613987643945,0.24160456940079136
LRCX,LONG,2025-07-22,2025-07-31,97.07901277399905,94.95075848050334,103.4637756544862,90.42296033745372,stop,-0.06926324808370984,-3.1594005312413915,0.021922908285545845,0.30448796660896205
LRCX,LONG,2025-09-02,2025-09-02,95.14180216057747,95.73713727424852,,95.14180216057747,stop,-0.0007,-0.03588526437460649,0.019506613987643945,0.22731658216740108
LRCX,LONG,2025-11-21,2025-11-24,137.3655315791482,134.39757600872562,146.26939829041598,146.26939829041598,hedef,0.06461878393298012,2.9907434239954207,0.02160626131099338,0.209385766581443
LRCX,LONG,2025-11-13,2025-11-14,158.1594644769791,150.90860653202688,179.9120383118358,146.83178690263532,stop,-0.07232187613497262,-1.5775221754883026,0.04584523581266696,0.475884234095122
MELI,LONG,2025-04-03,2025-04-04,1870.81005859375,1808.1100220547871,2058.9101682106384,1808.1100220547871,stop,-0.034214913099244924,-1.0208862245271866,0.033514913099244946,0.3062360361180965
MELI,LONG,2025-02-28,2025-03-04,2060.3701171875,2014.4870549846985,2198.0193037959043,2014.4870549846985,stop,-0.02296933006844134,-1.0314333658825254,0.022269330068441298,0.22437368336763622
MELI,LONG,2025-03-31,2025-04-03,1944.6099853515625,1876.0225099459917,2150.372411568275,1870.81005859375,stop,-0.03865101707475312,-1.095843713493119,0.03527055600980625,0.47067561759996085
MELI,LONG,2025-07-25,2025-08-05,2364.0,2329.5210500366984,2467.436849889905,2329.110107421875,stop,-0.015458837808005464,-1.0599131533014212,0.014585004214594586,0.3131679504372931
MELI,LONG,2025-09-05,2025-09-08,2335.97998046875,2302.4679397798755,2436.5161025353736,2302.4679397798755,stop,-0.015046030774694318,-1.0487939842729705,0.01434603077469433,0.2661182718723441
MELI,LONG,2025-09-12,2025-09-17,2325.0,2280.5042196105355,2458.4873411683934,2458.4873411683934,hedef,0.05721391017995423,2.989549570859759,0.01913797005998472,0.29371326278123844
MELI,LONG,2025-09-30,2025-10-01,2325.0,2273.508429383601,2479.4747118491964,2273.508429383601,stop,-0.022846912093074732,-1.031607115116462,0.022146912093074754,0.25193796801978574
MELI,LONG,2025-10-10,2025-10-15,2151.8701171875,2095.419972605025,2321.2205509349246,2095.419972605025,stop,-0.026933063107105824,-1.0266838835076944,0.026233063107105818,0.25976503058531214
MELI,LONG,2025-11-20,2025-11-20,2030.1500244140625,1971.4229025186967,2206.33139010016,1971.4229025186967,stop,-0.0296274788508872,-1.024198444793905,0.028927478850887152,0.3729534039548466
MELI,LONG,2026-01-20,2026-01-22,2049.0400390625,2014.112401497265,2153.822951758205,2153.822951758205,hedef,0.050937562320962006,2.988266941700617,0.017045854106987356,0.22772665805725611
INTC,LONG,2025-02-03,2025-02-10,18.920000076293945,18.539866442209494,20.0604009785473,20.0604009785473,hedef,0.06007488888238608,2.9900456058712797,0.020091629627462037,0.19952244066513014
INTC,LONG,2025-04-04,2025-04-07,19.780000686645508,18.95672379192597,22.24983137080412,18.95672379192597,stop,-0.042321681806885524,-1.0168181574989636,0.04162168180688557,0.26819812078502275
INTC,LONG,2025-07-24,2025-07-25,22.65999984741211,22.05535238767008,24.473942226638197,20.68000030517578,stop,-0.08807862116369145,-3.300868150477378,0.026683471483389405,0.24983583647068072
INTC,LONG,2025-10-14,2025-10-14,36.0,35.46417655265462,37.60747034203614,35.46417655265462,stop,-0.015583984648482728,-1.0470304166882711,0.014883984648482753,0.3193124256537765
INTC,LONG,2025-11-13,2025-11-17,35.630001068115234,34.25399342604812,39.75802399431658,34.25399342604812,stop,-0.03931935449950027,-1.0181256266209489,0.03861935449950027,0.30468552008337235
INTC,LONG,2025-11-13,2025-11-13,36.599998474121094,35.60399571486648,39.58800675188494,35.60399571486648,stop,-0.027913191278105175,-1.0257228192330083,0.027213191278105193,0.25669186172717096
INTC,LONG,2025-12-24,2025-12-24,35.16999816894531,35.22817425210617,,35.16999816894531,stop,-0.0007,-0.04048078426661248,0.01729215509733447,0.26335728910073153
KLAC,LONG,2025-03-10,2025-03-11,66.60049708867615,65.04714136263104,71.26056426681149,65.04714136263104,stop,-0.024023485468537463,-1.030012666886527,0.023323485468537495,0.3490473963382763
KLAC,LONG,2025-02-28,2025-03-10,68.88641748459571,67.05570401739254,74.37855788620521,67.05570401739254,stop,-0.02727582632472577,-1.0263397266164678,0.026575826324725767,0.20217741948304688
KLAC,LONG,2025-02-24,2025-02-25,74.16255950927734,72.31178749696582,79.71487554621191,72.31178749696582,stop,-0.02565561135642843,-1.0280498037095633,0.024955611356428462,0.2741700005996806
KLAC,LONG,2025-03-10,2025-03-10,68.43013000488281,66.48967705592362,74.25148885176039,66.48967705592362,stop,-0.029056704112950436,-1.0246855204755743,0.0283567041129504,0.2771354724166149
KLAC,LONG,2025-03-31,2025-04-03,65.7638168334961,64.11301835413181,70.71621227158894,64.11301835413181,stop,-0.02580192623922436,-1.027886306147539,0.025101926239224408,0.33096074147851384
KLAC,LONG,2025-03-27,2025-03-28,69.34103040881122,67.93488929071877,73.55945376308857,67.8578745291592,stop,-0.022089296797405976,-1.0892893901118963,0.02027863026843296,0.19621431017052432
KLAC,LONG,2025-09-02,2025-09-05,84.13014884628052,82.26990948538166,89.7108669289771,89.7108669289771,hedef,0.06613434219750955,2.990954911436172,0.02211144739916982,0.3243160495011096
KLAC,LONG,2025-07-22,2025-07-22,90.62481910287065,88.50425177319703,96.9865210918915,88.50425177319703,stop,-0.024099410345487203,-1.029915283747096,0.02339941034548722,0.306749544359732
KLAC,LONG,2025-07-31,2025-07-31,85.79445009438263,86.75140068641036,,85.79445009438263,stop,-0.0007,-0.03634424449119819,0.019260271049781355,0.25542902492936986
KLAC,LONG,2025-08-29,2025-09-02,86.7708969116211,84.98332165615909,92.1336226780071,84.13014884628052,stop,-0.031133568850051883,-1.511258160977679,0.02060109229114808,0.26372190264751033
KLAC,LONG,2025-11-05,2025-11-07,119.70922265028643,115.60131646537735,132.03294120501369,115.60131646537735,stop,-0.035015703451769596,-1.02039882414137,0.03431570345176955,0.42216086849825996
KLAC,LONG,2025-11-13,2025-11-13,118.07900861434901,114.40083124254566,129.11354072975905,114.40083124254566,stop,-0.03185013764907548,-1.0224718108114283,0.031150137649075503,0.373374817532633
MDLZ,LONG,2025-02-04,2025-02-05,53.19672393798828,52.71970657781536,54.62777601850705,51.250615080907046,stop,-0.03728324635460308,-4.15780793201918,0.00896704392415188,0.24604572400618116
MDLZ,LONG,2025-04-09,2025-04-10,60.39894932358426,59.56227750426157,62.90896478155233,63.214842408481985,hedef,0.046421557434910256,3.351150630724927,0.013852423406246069,0.3156586073417678
MDLZ,LONG,2025-05-13,2025-05-13,61.90202469039923,60.820214570951954,65.14745504874105,60.820214570951954,stop,-0.018176166972856032,-1.040054549781265,0.01747616697285607,0.2935366302844595
MDLZ,LONG,2025-07-30,2025-07-30,63.11970138549805,62.40324396428588,65.26907364913455,62.40324396428588,stop,-0.012050773300343508,-1.0616698071116235,0.011350773300343554,0.19132380369958057
MDLZ,LONG,2025-07-16,2025-07-17,63.75204001719313,62.85016864076758,66.45765414646979,66.45765414646979,hedef,0.042239647869260134,2.9858622766652414,0.014146549289753398,0.24290865439615641
MDLZ,LONG,2025-08-15,2025-09-03,58.808982849121094,57.41350256264267,62.995423708556366,57.41350256264267,stop,-0.024429032859803655,-1.029499727365028,0.023729032859803656,0.3552339876242794
MDLZ,LONG,2025-10-13,2025-10-29,58.33958435058594,56.56506565788103,63.663140428700665,56.46250816097387,stop,-0.032875001082146325,-1.0808079433268705,0.03041706094512287,0.23577288518034475
MDLZ,LONG,2025-10-03,2025-10-13,59.54298161295582,58.34873331441212,63.125726508586915,58.34873331441212,stop,-0.020756911262969822,-1.0349006878886873,0.020056911262969816,0.2971093363501935
MDLZ,LONG,2025-10-24,2025-10-29,58.702858398629964,58.03494508256356,60.706598346829175,56.46250816097387,stop,-0.03886424444688338,-3.415775945255021,0.011377867011702309,0.2734797846611937
MDLZ,LONG,2025-11-25,2025-12-08,53.81658609511952,52.83410567092317,56.76402736770856,52.74469393034915,stop,-0.020617505782990896,-1.1293494991969535,0.0182560897203668,0.25866451411621794
MDLZ,LONG,2025-12-17,2026-01-07,51.94319534301758,51.03619704397128,54.66419024015648,51.03619704397128,stop,-0.01816134971206048,-1.04008853906159,0.017461349712060464,0.2895193234349
MDLZ,LONG,2025-12-23,2026-01-07,51.904565297200996,51.34582822674802,53.58077650855993,51.34582822674802,stop,-0.011464699930607246,-1.0650273583576368,0.01076469993060722,0.24618213759229657
MDLZ,LONG,2026-01-02,2026-01-05,52.29083251953125,51.455707498800216,54.79620758172435,51.455707498800216,stop,-0.0166707730875982,-1.0438300635893183,0.015970773087598197,0.2805281516366392
CTAS,LONG,2025-02-25,2025-02-26,199.45588475879498,197.99020092276987,203.8529362668703,203.8529362668703,hedef,0.021845233277487643,2.972783231982733,0.007348411092495871,0.19502638361947205
CTAS,LONG,2025-03-21,2025-03-26,187.63094601408045,185.73229493492494,193.326899251547,201.72420327467083,hedef,0.07491158239074688,7.4030090234585435,0.010119072143957705,0.22766838146411358
CTAS,LONG,2025-04-04,2025-04-07,188.5382843017578,186.05283843593276,195.99462189923298,185.0371310357632,stop,-0.019269985819914313,-1.4617618975176554,0.013182711803227562,0.28226162319314163
CTAS,LONG,2025-07-09,2025-07-17,211.78379821777344,208.84491503361602,220.6004477702457,208.84491503361602,stop,-0.01457680837197669,-1.0504438759429446,0.013876808371976683,0.31995450596499203
CTAS,LONG,2025-06-17,2025-06-20,218.87887513499578,216.36230418812713,226.42858797560174,216.36230418812713,stop,-0.012197550621623608,-1.0608825325529303,0.011497550621623642,0.22737834718124203
CTAS,LONG,2025-07-15,2025-07-15,212.7135467529297,210.73950363021504,218.63567612107363,210.73950363021504,stop,-0.009980288692696813,-1.07542868796214,0.009280288692696809,0.21531905101319995
CTAS,LONG,2025-08-01,2025-08-15,217.05099487304688,214.5745360948311,224.4803712076942,214.5745360948311,stop,-0.012109571191619005,-1.0613519989703148,0.01140957119161906,0.2573059662610747
CTAS,LONG,2025-08-15,2025-08-15,218.27619129070456,215.54375342480918,226.4735048883907,215.54375342480918,stop,-0.013218258861573538,-1.0559183196114252,0.012518258861573513,0.22973802623980275
CTAS,LONG,2025-09-24,2025-09-24,195.06861425767053,195.24488609866526,,195.06861425767053,stop,-0.0007,-0.061349127789800374,0.011410105167238886,0.17697351822786908
CTAS,LONG,2025-10-07,2025-10-09,195.06861425767053,189.73299331906597,211.07547707348422,189.73299331906597,stop,-0.028052534178341047,-1.0255917786423705,0.02735253417834107,0.28390021691313394
CTAS,LONG,2025-11-19,2025-12-11,180.2278289794922,177.75445474882264,187.64795167150083,187.64795167150083,hedef,0.040970793289936115,2.9854265620831035,0.013723597763312069,0.2555712659686956
CTAS,LONG,2025-11-18,2025-11-19,181.73268976868425,179.77631127497506,187.60182524981184,179.77631127497506,stop,-0.011465143553420952,-1.0650246786330673,0.01076514355342092,0.24957921258203578
CTAS,LONG,2025-11-25,2025-12-11,180.75971770773683,178.666836637947,187.0383609171063,187.0383609171063,hedef,0.03453474781323338,2.982726231287877,0.011578249271077761,0.26481297090623046
REGN,LONG,2025-03-20,2025-03-21,661.4846801757812,646.057610439756,707.765889383857,646.057610439756,stop,-0.024021885144680476,-1.030014726324972,0.023321885144680463,0.21442412654511253
REGN,LONG,2025-05-06,2025-05-08,557.2135821547876,531.9488772021926,633.0076970125723,531.9488772021926,stop,-0.04604115061390709,-1.0154385142529951,0.04534115061390708,0.28476645135262235
REGN,LONG,2025-05-30,2025-05-30,514.2382059852803,511.07462296264885,523.7289550531746,511.07462296264885,stop,-0.006851979735869673,-1.1137845100364305,0.006151979735869691,0.2636840703009652
REGN,LONG,2025-09-25,2025-10-01,553.6907958984375,546.1075608507214,576.4405010415859,576.4405010415859,hedef,0.0408873818233406,2.985396976556466,0.013695793941113496,0.28559316992462996
REGN,LONG,2026-01-13,2026-01-13,760.288330078125,744.947125963263,806.3119424227109,744.947125963263,stop,-0.02087813967141324,-1.0346910077637963,0.020178139671413277,0.2925718602864071
SNPS,LONG,2025-02-19,2025-02-21,487.42999267578125,480.91437986570895,506.97683110599814,480.91437986570895,stop,-0.014067279215430238,-1.052366677520429,0.013367279215430267,0.21957152071648395
SNPS,LONG,2025-02-03,2025-02-19,510.20001220703125,498.06051974687097,546.6184895875122,498.06051974687097,stop,-0.024493595001393774,-1.0294196820597707,0.02379359500139382,0.2315954736003658
SNPS,LONG,2025-03-10,2025-03-31,437.32000732421875,425.2276233937216,473.59715911571016,425.2276233937216,stop,-0.028351110692340496,-1.0253154387824968,0.02765111069234051,0.2970536595165249
SNPS,LONG,2025-09-10,2025-09-10,427.79998779296875,457.15275346556496,,427.79998779296875,stop,-0.0007,-0.044829500552686904,0.015614717794531502,0.2621612860541978
SNPS,LONG,2025-08-07,2025-08-20,617.5499877929688,603.1936592746783,660.61897334784,603.1936592746783,stop,-0.0239472331018867,-1.0301111102956688,0.02324723310188667,0.26840939391507174
SNPS,LONG,2025-09-10,2025-09-10,427.79998779296875,580.2627388171275,,427.79998779296875,stop,-0.0007,-0.044829500552686904,0.015614717794531502,0.2812088335578376
SNPS,LONG,2025-11-13,2025-11-18,393.42999267578125,382.7407907174274,425.49759855084284,382.7407907174274,stop,-0.027869260497032387,-1.025764411220409,0.027169260497032433,0.3065897828883014
CDNS,LONG,2025-01-27,2025-01-27,292.5,286.98655472267643,309.0403358319707,286.98655472267643,stop,-0.019549385563499354,-1.0371364890193278,0.018849385563499382,0.2221660664764666
CDNS,LONG,2025-03-10,2025-03-11,238.17999267578125,231.187147048484,259.158529557673,231.187147048484,stop,-0.030059500555599326,-1.0238423674365436,0.029359500555599324,0.3569321025194636
CDNS,LONG,2025-04-04,2025-04-07,233.9600067138672,227.73625310308879,252.6312675462024,227.73625310308879,stop,-0.027301784203186706,-1.0263140244523963,0.026601784203186683,0.30715250400551186
CDNS,LONG,2025-07-22,2025-07-23,313.0799865722656,309.24889781007926,324.57325285882473,324.57325285882473,hedef,0.03651031934168756,2.983655821829954,0.012236773113895833,0.2525156183749821
CDNS,LONG,2025-08-26,2025-09-08,343.4599914550781,337.53183274620824,361.2444675816878,361.2444675816878,hedef,0.051580342890201504,2.988412591216852,0.01726011429673387,0.27275001785164305
CDNS,LONG,2025-10-10,2025-10-14,338.5299987792969,324.14123005354094,381.6963049565647,324.14123005354094,stop,-0.043203674054412576,-1.016469164503375,0.042503674054412625,0.32445918625281944
CDNS,LONG,2025-09-26,2025-10-10,347.2699890136719,338.6419401770079,373.15413552366385,338.6419401770079,stop,-0.025545362713805662,-1.0281742717167504,0.024845362713805684,0.267522232401827
CDNS,LONG,2025-11-06,2025-11-12,324.1000061035156,315.4125762637041,350.1622956229501,315.4125762637041,stop,-0.027504781475495475,-1.026114743768379,0.026804781475495518,0.25684336209108255
CDNS,LONG,2025-11-03,2025-11-05,337.29998779296875,324.5367185392919,375.58979555399935,324.5367185392919,stop,-0.03853951887217629,-1.0184991781307964,0.03783951887217627,0.2614717092543349
CDNS,LONG,2026-01-05,2026-01-07,300.5799865722656,293.50947492549864,321.7915215125666,321.7915215125666,hedef,0.07036868683172057,2.9914976453872444,0.0235228956105735,0.2239002420334721
PYPL,LONG,2025-02-03,2025-02-03,85.54599917066243,85.35158210163115,86.12925037775625,85.35158210163115,stop,-0.0029726611520828,-1.3080089609304224,0.0022726611520828307,0.25473735835628875
PYPL,LONG,2025-03-10,2025-03-28,66.73577117919922,65.00116902361076,71.9395776459646,65.00116902361076,stop,-0.026692089773424486,-1.0269312704789013,0.025992089773424504,0.25895116320998024
PYPL,LONG,2025-09-04,2025-09-04,66.80500793457031,65.79420419657637,69.83741914855213,65.79420419657637,stop,-0.015830658153411635,-1.046263684824715,0.01513065815341169,0.26457612049866613
PYPL,LONG,2025-09-10,2025-09-10,66.73577212089347,65.09867473434565,71.64706428053694,65.09867473434565,stop,-0.02523103237619214,-1.028535284991891,0.024531032376192193,0.2880261529419061
PYPL,LONG,2025-10-01,2025-10-06,66.00393676757812,65.01836919585156,68.96063948275781,69.44555484132653,hedef,0.051942618187571045,3.4786222525451334,0.01493195133491923,0.22500713346519133
PYPL,LONG,2025-11-13,2025-11-14,64.77760182856606,63.47817109153066,68.67589403967227,63.40293689465454,stop,-0.021921300188753122,-1.0927933399753296,0.020059877185239806,0.26579860668748895
PYPL,LONG,2026-01-08,2026-01-09,57.50283644455002,56.793886606208886,59.62968595957342,56.793886606208886,stop,-0.01302895422514979,-1.0567769161290292,0.012328954225149819,0.24003990454395363
CRWD,LONG,2025-03-07,2025-03-07,85.36499786376953,82.55841210403123,93.78475514298442,82.55841210403123,stop,-0.03357747706873034,-1.0212911714161232,0.03287747706873034,0.24328558084486016
CRWD,LONG,2025-03-05,2025-03-05,90.41999816894531,88.73440546090924,95.47677629305352,88.73440546090924,stop,-0.019341813118450034,-1.0375499955692211,0.01864181311844999,0.266301641101244
CRWD,LONG,2025-03-03,2025-03-05,94.9375,91.21697905700368,106.09906282898895,90.41999816894531,stop,-0.04828395608747534,-1.232074258225518,0.03918916068988878,0.25315462122867705
CRWD,LONG,2025-03-28,2025-03-31,89.72750091552734,87.07837247120634,97.67488624849037,86.44625091552734,stop,-0.037269055936251703,-1.262324315685634,0.02952415276577235,0.18642553546328086
CRWD,LONG,2025-04-04,2025-04-04,82.00499725341797,83.26805566298297,,82.00499725341797,stop,-0.0007,-0.0237196882372784,0.029511349095215512,0.4460582398822622
CRWD,LONG,2025-07-23,2025-08-01,113.6875,110.38725489533334,123.58823531399997,110.38725489533334,stop,-0.029729093828843554,-1.0241137392757473,0.02902909382884361,0.374352730328147
CRWD,LONG,2025-07-10,2025-07-11,122.75,119.39742239519263,132.80773281442208,119.39742239519263,stop,-0.02801224117969344,-1.0256295334899315,0.027312241179693404,0.28486508633323915
CRWD,LONG,2025-07-29,2025-08-01,115.37999725341797,112.6416161715144,123.59514049912868,112.23750305175781,stop,-0.027936039837633674,-1.1770678014971236,0.023733585951549743,0.24530408328768571
CRWD,LONG,2025-08-07,2025-08-07,111.66500091552734,108.62685193128063,120.7794478682675,108.62685193128063,stop,-0.02790771019869539,-1.0257280011764318,0.027207710198695337,0.30563240337827935
CRWD,LONG,2025-08-28,2025-08-29,102.5,101.55247398126127,105.34257805621618,111.21624755859375,hedef,0.08483656154725613,9.177317969768103,0.009244156280377832,0.17511894195638134
CRWD,LONG,2025-12-17,2026-01-02,118.0250015258789,116.12487910710185,123.72536878221008,116.12487910710185,stop,-0.01679932128118152,-1.0434800938358981,0.01609932128118148,0.21379045895035814
CRWD,LONG,2025-10-16,2025-10-23,121.15499877929688,118.12654882399798,130.24034864519356,130.24034864519356,hedef,0.07478947593938809,2.9919988772759893,0.024996491979796063,0.21667711559439262
CRWD,LONG,2025-11-13,2025-11-14,131.6649932861328,128.2466611605192,141.91998966297362,128.2466611605192,stop,-0.02666234610504955,-1.0269621241919995,0.02596234610504953,0.33459201552325685
CRWD,LONG,2025-11-20,2025-11-20,130.61749267578125,126.1573309238204,143.9979779316638,126.1573309238204,stop,-0.034846741455463924,-1.0204997598647292,0.03414674145546392,0.28529428204909996
CRWD,LONG,2025-12-03,2025-12-17,122.6675033569336,118.24517209577795,135.93449714040054,118.24517209577795,stop,-0.036751367641254605,-1.0194167391086422,0.03605136764125462,0.244543699963632
CRWD,LONG,2025-12-15,2025-12-17,124.49749755859375,120.42274884773148,136.72174369118056,120.42274884773148,stop,-0.033429563170091124,-1.0213873920761525,0.03272956317009118,0.26368121455026416
MAR,LONG,2025-02-11,2025-02-18,282.33758571721046,277.3564803448163,297.2809018343929,277.3564803448163,stop,-0.018342374322004883,-1.0396771991810057,0.01764237432200484,0.19824155632307422
MAR,LONG,2025-03-03,2025-03-04,272.4632873535156,265.8423909511016,292.3259765607577,265.8423909511016,stop,-0.025000141375830696,-1.0288064167682667,0.024300141375830715,0.24520310680268936
MAR,LONG,2025-03-31,2025-04-03,231.67197353127486,224.48328310300647,253.23804481608002,224.48328310300647,stop,-0.03172960758996576,-1.022559099336673,0.031029607589965737,0.5743350417760732
MAR,LONG,2025-06-13,2025-06-13,256.2080551611885,254.73705168964878,260.6210655758076,254.73705168964878,stop,-0.00644144115263775,-1.1219206086747857,0.005741441152637698,0.27425385409398173
MAR,LONG,2025-08-01,2025-08-29,256.7719420988762,250.5265091179115,275.50824104177025,265.64788818359375,zaman,0.033867429806250605,1.3924103823951506,0.02432287939996084,0.2598211501295081
MAR,LONG,2025-07-30,2025-07-31,269.61200272397963,265.4360997244074,282.13971172269623,265.3287152969314,stop,-0.016586857349720062,-1.070909891684055,0.01548856489096059,0.23116777931620947
MAR,LONG,2025-10-31,2025-11-04,255.1891632080078,252.26686891077657,263.95604609970155,263.95604609970155,hedef,0.0341544482120024,2.982535012750097,0.011451482737334142,0.26457540432497334
MAR,LONG,2025-09-08,2025-09-17,262.2958984375,258.0997726058823,274.88427593235303,258.0997726058823,stop,-0.01669767993557677,-1.043756344846185,0.015997679935576777,0.23588964931799214
MAR,LONG,2025-10-01,2025-10-02,256.2362765977836,255.4703776080434,258.53397356700424,258.92390860443453,hedef,0.010288881755293721,3.4422094644955594,0.002989034183252852,0.2076379928944191
MAR,LONG,2025-12-10,2025-12-11,280.5538635253906,277.03401642994294,291.1134048117337,291.1134048117337,hedef,0.0374381959373282,2.984058747103639,0.012546065312442704,0.20804569033347542
CEG,LONG,2025-02-28,2025-03-04,241.41021728515625,221.11217123198304,302.3043554446759,221.11217123198304,stop,-0.08478113907290405,-1.0083252915899847,0.08408113907290406,0.28969669595887076
CEG,LONG,2025-02-24,2025-02-25,272.25970458984375,252.2553659930883,332.27272038011006,252.2553659930883,stop,-0.07417520863174284,-1.009527022965098,0.07347520863174285,0.2654184695939242
CEG,LONG,2025-03-31,2025-04-03,197.36597785969985,190.7498722893941,217.21429457061714,190.7498722893941,stop,-0.03422201652003517,-1.0208817986704823,0.03352201652003521,0.3296546540508483
CEG,LONG,2025-06-12,2025-06-17,287.92144775390625,280.969583273874,308.77704119400306,308.77704119400306,hedef,0.07223501171167565,2.9917167128737647,0.024145003903891887,0.2774691768134879
CEG,LONG,2025-07-16,2025-07-23,304.55828857421875,297.4268103981578,325.95272310240165,327.1645285591749,hedef,0.07402631671193924,3.161382222681651,0.023415807231669132,0.2869382007960679
CEG,LONG,2025-07-16,2025-07-16,308.71003903491754,302.3780834753269,327.7059057136895,302.3780834753269,stop,-0.021211012791762372,-1.0341280075785015,0.020511012791762366,0.2595374157589756
CEG,LONG,2025-08-20,2025-09-02,305.99847412109375,296.33059578753034,335.002109121784,296.33059578753034,stop,-0.032294531186248664,-1.0221557330879039,0.031594531186248685,0.29626486329517143
CEG,LONG,2025-08-07,2025-08-07,332.9948608768995,321.59695935461235,367.188565443761,321.59695935461235,stop,-0.03492846074042174,-1.0204508173858176,0.03422846074042175,0.31077788064985346
CEG,LONG,2025-08-13,2025-08-19,332.9948608768995,316.6344253118996,382.0761675718993,316.6344253118996,stop,-0.04983119536414712,-1.0142475670459838,0.0491311953641471,0.3991549012509975
CEG,LONG,2025-08-29,2025-09-02,310.78271484375,300.4811630344612,341.68737027161643,298.81959339821753,stop,-0.03919352256140459,-1.1824111135314481,0.03314711957023751,0.30698647423991776
CEG,LONG,2025-11-14,2025-11-19,326.82299573080013,316.28628349365795,358.4331324422267,358.4331324422267,hedef,0.09651943873087629,2.993796490055434,0.03223981291029208,0.2712345585091386
CEG,LONG,2025-11-06,2025-11-07,348.114013671875,337.15076917080876,381.0037471750737,333.6150593715566,stop,-0.04235001617540409,-1.344732766696477,0.03149325815823079,0.281878385424984
CEG,LONG,2025-12-17,2026-01-02,336.6162414550781,325.30028342522576,370.56411554463523,370.56411554463523,hedef,0.10065037472586555,2.9940505922597582,0.03361679157528855,0.24938627456487208
CEG,LONG,2025-12-16,2025-12-17,354.4869593916286,340.79814895380065,395.55339070511246,340.79814895380065,stop,-0.0393158364226451,-1.0181272779472812,0.038615836422645065,0.2871292911412945
MRVL,LONG,2025-02-27,2025-02-28,89.68741607666016,86.21718921875782,100.09809665036715,86.21718921875782,stop,-0.0393924611021926,-1.0180913795623192,0.03869246110219256,0.2730726553362327
MRVL,LONG,2025-02-12,2025-02-13,106.3151309633142,103.77309171950975,113.94124869472756,103.77309171950975,stop,-0.024610418213957007,-1.0292759412962251,0.02391041821395701,0.24941483098008801
MRVL,LONG,2025-02-21,2025-02-24,102.55053087592323,98.4582428827711,114.82739485537961,98.4582428827711,stop,-0.040605088332535476,-1.0175416226163128,0.03990508833253551,0.2318511785379378
MRVL,LONG,2025-03-27,2025-03-28,65.40247344970703,62.21515431958571,74.964430840071,62.21515431958571,stop,-0.049433923382458854,-1.014363711177252,0.04873392338245888,0.2363150701469843
MRVL,LONG,2025-08-20,2025-08-29,69.98089328832178,67.07847042629498,78.68816187440217,64.39281031636695,stop,-0.08055155246492626,-1.9421944579502883,0.04147450433461593,0.23503490686355558
MRVL,LONG,2025-08-29,2025-08-29,64.39281031636695,67.67842289194365,,64.39281031636695,stop,-0.0007,-0.031806133448628475,0.022008333742628654,0.25958466202173686
MRVL,LONG,2025-11-18,2025-11-20,80.35209059763953,77.78736352224851,88.04627182381259,77.78736352224851,stop,-0.032618610409700564,-1.021930779285657,0.03191861040970055,0.2797466598086053
MRVL,LONG,2025-11-13,2025-11-14,87.46165127510864,83.85469007947356,98.28253486201388,83.85469007947356,stop,-0.0419404881802364,-1.0169736109073366,0.04124048818023645,0.4345366451365731
MRVL,LONG,2026-01-07,2026-01-08,85.20496815130339,83.03001355405654,91.72983194304395,83.03001355405654,stop,-0.02622614764651584,-1.0274228610479543,0.025526147646515868,0.23596879191100348
ORLY,LONG,2025-02-18,2025-02-18,87.33466339111328,86.28428437450427,90.48580044094032,86.28428437450427,stop,-0.012727057480087477,-1.0582020998202522,0.012027057480087514,0.22164362254639342
ORLY,LONG,2025-03-07,2025-03-10,86.27333068847656,85.26106978894711,89.31011338706492,89.31011338706492,hedef,0.034999553261179074,2.9829543291203637,0.011733184420393056,0.23659971524310539
ORLY,LONG,2025-03-13,2025-03-13,86.78533172607422,85.6260713248078,90.26311292987349,85.6260713248078,stop,-0.014057791901118298,-1.0524038707281669,0.013357791901118337,0.2575052342601847
ORLY,LONG,2025-05-12,2025-05-12,89.80000305175781,88.04308861731243,95.07074635509395,88.04308861731243,stop,-0.020264748048312985,-1.0357786360586623,0.01956474804831297,0.25116848051629953
ORLY,LONG,2025-06-16,2025-07-07,88.05332946777344,86.74923372256951,91.96561670338521,91.96561670338521,hedef,0.044230883639029474,2.986495879648158,0.014810294546343174,0.26038986912918
ORLY,LONG,2025-06-04,2025-06-09,90.13733673095703,89.15149628509441,93.0948580685449,89.15149628509441,stop,-0.011637093124962937,-1.064002380888784,0.010937093124962957,0.22264611143502644
ORLY,LONG,2025-06-13,2025-06-16,89.87333679199219,88.34820035775101,94.44874609471572,88.34820035775101,stop,-0.01766984321135242,-1.0412496445183266,0.016969843211352396,0.2957475016501704
ORLY,LONG,2025-09-23,2025-09-25,101.38999938964844,100.4091224313057,104.33263026467664,104.33263026467664,hedef,0.028822890746053466,2.979326663038148,0.009674296915351176,0.17412340160570206
ORLY,LONG,2025-09-23,2025-09-23,102.30999755859375,101.37912365200883,105.10261927834851,101.37912365200883,stop,-0.00979856249436236,-1.0769352302007908,0.009098562494362314,0.19756849657162553
ORLY,LONG,2025-10-06,2025-10-09,102.87000274658203,100.50685862729105,109.95943510445497,100.50685862729105,stop,-0.02367214013994475,-1.0304716929174076,0.022972140139944704,0.24143154263750574
ORLY,LONG,2025-10-29,2025-11-03,95.58000183105469,93.472354667785,101.90294332086376,93.472354667785,stop,-0.022751131229262055,-1.0317444031656364,0.022051131229262003,0.30334968050547634
ORLY,LONG,2025-12-18,2026-01-05,91.69999694824219,89.67180941709853,97.78455954167316,89.41999816894531,stop,-0.025563673447925726,-1.155804747423333,0.022117640116045136,0.3494602207244598
CSX,LONG,2025-02-19,2025-02-21,31.55203410020513,31.118644307271577,32.852203479005794,31.118644307271577,stop,-0.014435716421868881,-1.0509620305560146,0.013735716421868849,0.19968652048155158
CSX,LONG,2025-08-26,2025-09-18,31.527137756347656,31.047323017679922,32.96658197235086,32.96658197235086,hedef,0.0454573072737434,2.9868586205401315,0.015219102424581141,0.22151936438897932
CSX,LONG,2025-08-11,2025-08-19,34.4281005859375,33.89864550309288,36.01646583447136,36.01646583447136,hedef,0.04593572115513809,2.98699489278638,0.01537857371837939,0.29247521806249355
CSX,LONG,2025-08-22,2025-08-22,34.644447326660156,34.097450751941665,36.28543705081563,34.097450751941665,stop,-0.016488867103605274,-1.0443350365423065,0.01578886710360531,0.2823210166479706
CSX,LONG,2025-09-02,2025-09-19,31.743481960405923,31.2729470173819,33.15508678947799,33.15508678947799,hedef,0.04426912379784873,2.986507492193284,0.01482304126594961,0.2759323862238944
CSX,LONG,2025-09-10,2025-09-18,31.663001867302043,31.309691807449575,32.72293204685945,32.72293204685945,hedef,0.03327535347404884,2.9820763655127585,0.011158451158016287,0.2892493201791628
CSX,LONG,2025-11-04,2025-11-10,34.85200881958008,34.43842146811334,36.09277087398029,34.43842146811334,stop,-0.01256695876291588,-1.0589873120809579,0.011866958762915901,0.21380415679004675
CSX,LONG,2025-12-30,2026-01-02,36.169986724853516,35.75096856975593,37.42704119014626,35.75096856975593,stop,-0.012284691979155792,-1.060424567287546,0.011584691979155798,0.32859505126417377
ASML,LONG,2025-01-28,2025-01-29,660.2487496926175,644.2270967251576,708.3137085949971,716.8335556612469,hedef,0.08550225387775875,3.5235288352173777,0.024266086039419016,0.3733923758259926
ASML,LONG,2025-01-27,2025-01-27,663.2356068091156,672.3326395595363,,663.2356068091156,stop,-0.0007,-0.04317734355023088,0.016212206274006796,0.27968398776706854
ASML,LONG,2025-03-31,2025-03-31,652.2599174041974,651.9442113985488,653.2070354211432,651.9442113985488,stop,-0.001184018712823886,-2.446225076538717,0.00048401871282392864,0.45811001854637606
ASML,LONG,2025-03-28,2025-03-31,674.8330688476562,662.5735537040023,711.6116142786182,652.2599174041974,stop,-0.03414997820276463,-1.8798079957983935,0.018166737389719648,0.20759093510147533
ASML,LONG,2025-07-16,2025-07-22,726.6484212604835,712.1049329545133,770.278886178394,711.8042076872377,stop,-0.021128329765715513,-1.055652340424107,0.020014477263629458,0.3070478309964794
ASML,LONG,2025-07-16,2025-07-16,747.5275487953173,725.2349396126149,814.4053763434247,725.2349396126149,stop,-0.030521789469335557,-1.0234727698255577,0.029821789469335603,0.3135244576601936
ASML,LONG,2025-11-07,2025-11-10,997.9469532292346,985.0415767423087,1036.6630826900123,1036.6630826900123,hedef,0.03859577900959275,2.9845343999961615,0.01293192633653088,0.170425769353182
ASML,LONG,2025-11-13,2025-11-14,1012.0979614257812,985.9382080409118,1090.5772215803895,984.5701241133593,stop,-0.027898787431250703,-1.0793796665434807,0.025847056690063056,0.36214851998141395
FTNT,LONG,2025-04-03,2025-04-03,92.48999786376953,90.02739433525896,99.87780844930124,90.02739433525896,stop,-0.02732561990906076,-1.0262904676920508,0.02662561990906077,0.32251348323574536
FTNT,LONG,2025-03-03,2025-03-04,108.05999755859375,104.99286400080551,117.26139823195847,104.99286400080551,stop,-0.029083616759986795,-1.0246621142724406,0.02838361675998684,0.2638051018275151
FTNT,LONG,2025-08-01,2025-08-07,97.41999816894531,92.50233347197992,112.17299225984148,74.30000305175781,stop,-0.23802288597555618,-4.715284702150355,0.05047900625533987,0.4315595473676972
FTNT,LONG,2025-06-10,2025-06-20,101.0999984741211,99.1560034608148,106.93198351403997,99.1560034608148,stop,-0.019928437612725634,-1.036404413821784,0.019228437612725614,0.2507005978407992
FTNT,LONG,2025-06-17,2025-06-20,101.41999816894531,99.46784156773883,107.27646797256476,99.46784156773883,stop,-0.0199482413375179,-1.0363669588158995,0.019248241337517895,0.31514082491871015
FTNT,LONG,2025-07-10,2025-07-10,101.80999755859375,100.17204125000265,106.72386648436705,100.17204125000265,stop,-0.016788364088688078,-1.043509706527103,0.016088364088688075,0.25578639015498067
FTNT,LONG,2025-07-30,2025-07-30,104.7699966430664,102.43164055306308,111.7850649130764,102.43164055306308,stop,-0.02301894783742061,-1.0313634856400522,0.022318947837420597,0.33969547885807416
FTNT,LONG,2025-10-14,2025-10-21,82.5,81.20689839118532,86.37930482644404,81.20689839118532,stop,-0.01637395889472345,-1.0446600635296868,0.0156739588947234,0.27933789787293534
FTNT,LONG,2025-11-06,2025-11-06,76.05000305175781,80.5585367165358,,76.05000305175781,stop,-0.0007,-0.035910319274479394,0.019493004076337278,0.2763130654762602
FTNT,LONG,2025-11-05,2025-11-06,84.19999694824219,83.02150027532544,87.73548696699244,76.05000305175781,stop,-0.09749328018852763,-6.965597852755268,0.013996398047866601,0.2375757123632957
FTNT,LONG,2025-12-16,2025-12-17,81.30999755859375,79.69293481656597,86.1611857846771,79.69293481656597,stop,-0.02058762502252561,-1.0351977674160273,0.01988762502252559,0.27394331886878204
FTNT,LONG,2025-12-31,2026-01-02,79.37999725341797,78.11709553609664,83.16870240538195,78.11709553609664,stop,-0.01660957118944658,-1.0439986717218588,0.015909571189446577,0.2917856898392577
ADSK,LONG,2025-02-28,2025-02-28,279.4200134277344,278.6951074589551,281.59473133407226,278.6951074589551,stop,-0.0032943237203615023,-1.2698198357075035,0.002594323720361487,0.15137370946036643
ADSK,LONG,2025-06-09,2025-06-27,294.4100036621094,289.8511805775925,308.08647291565995,308.08647291565995,hedef,0.04625381978679941,2.987083946965962,0.015484606595599798,0.19891972318916046
ADSK,LONG,2025-06-18,2025-07-10,296.8500061035156,289.26747498933776,319.59759944604923,289.26747498933776,stop,-0.026243307927484937,-1.0274044380621055,0.02554330792748489,0.45942690630703603
ADSK,LONG,2025-07-10,2025-07-10,297.2099914550781,291.9348931896017,313.03528625150733,291.9348931896017,stop,-0.018448724528575343,-1.039439453740636,0.017748724528575305,0.28150487898890236
ADSK,LONG,2025-08-07,2025-08-07,297.0199890136719,293.47726808700827,307.6481517936627,293.47726808700827,stop,-0.012627550527585983,-1.0586876574851678,0.011927550527585986,0.26812989028566037
ADSK,LONG,2025-08-26,2025-08-29,283.0299987792969,278.914707243818,295.37587338573354,318.0,hedef,0.12335581165080775,8.483820628490294,0.014540124909826042,0.25040845745483636
ADSK,LONG,2025-09-30,2025-10-01,318.510009765625,314.7196880963813,329.8809747733562,314.7196880963813,stop,-0.012600164996487272,-1.0588227138200672,0.011900164996487318,0.29226040054344393
ADSK,LONG,2025-10-07,2025-10-07,314.8299865722656,310.1043446162501,329.0069124403122,310.1043446162501,stop,-0.015710139305554392,-1.0466351434687207,0.015010139305554381,0.2638815514194489
ADSK,LONG,2025-11-14,2025-11-17,294.6000061035156,291.6146348926083,303.5561197362376,291.6146348926083,stop,-0.010833642732710334,-1.0690768382568345,0.010133642732710354,0.25128999224171616
ADSK,LONG,2026-01-02,2026-01-02,292.9700012207031,290.54436836670885,300.24689978268594,290.54436836670885,stop,-0.008979458114781368,-1.0845465959602152,0.008279458114781419,0.24359680665312664
ADSK,LONG,2026-01-08,2026-01-08,286.7300109863281,281.0450879206771,303.78478018328127,281.0450879206771,stop,-0.02052674588577382,-1.0353058441376568,0.019826745885773767,0.21978897431731675
DASH,LONG,2025-04-04,2025-04-04,165.64999389648438,164.12111505354795,170.23663042529364,164.12111505354795,stop,-0.009929573795769829,-1.0758431554359362,0.009229573795769814,0.413915900587635
DASH,LONG,2025-02-25,2025-02-25,190.9199981689453,187.89596824276802,199.9920879474772,187.89596824276802,stop,-0.016539251807981513,-1.0441940066668602,0.0158392518079815,0.29545816128557645
DASH,LONG,2025-03-04,2025-03-06,191.27000427246094,185.09884208506216,209.78349083465727,185.09884208506216,stop,-0.03296413995687505,-1.021695913820594,0.0322641399568751,0.2958369737444954
DASH,LONG,2025-03-31,2025-04-04,177.86000061035156,167.30667387165923,209.51998082642857,165.64999389648438,stop,-0.06934953711889599,-1.1687791934908682,0.059335020254566016,0.5018311284167504
DASH,LONG,2025-08-20,2025-08-22,234.5,230.09645579979815,247.71063260060555,247.71063260060555,hedef,0.05613532025844579,2.9893494880787475,0.018778440086148613,0.2794816497169122
DASH,LONG,2025-08-29,2025-09-29,243.47000122070312,231.33384307950865,279.87847564428654,272.5,zaman,0.118534396984216,2.3779823435624703,0.049846626197669275,0.3543711274558179
DASH,LONG,2025-11-04,2025-11-05,238.41000366210938,235.81952977746616,246.18142531603903,235.81952977746616,stop,-0.011565625791083077,-1.0644233487752266,0.010865625791083036,0.2149968967209105
DASH,LONG,2025-09-25,2025-10-06,257.94000244140625,252.0764989414278,275.5305129413416,275.5305129413416,hedef,0.0679961321758584,2.991201847071724,0.02273204405861948,0.2915212080501257
DASH,LONG,2025-10-10,2025-10-17,267.6400146484375,258.2185479868962,295.9044146330613,258.2185479868962,stop,-0.03590201070799145,-1.0198852277447075,0.03520201070799141,0.3151066205092758
DASH,LONG,2025-11-03,2025-11-03,251.0,244.48334426755972,270.5499671973208,244.48334426755972,stop,-0.026662771842391596,-1.026961682067285,0.025962771842391572,0.3116188356147366
DASH,LONG,2026-01-05,2026-01-09,219.5,214.50233328605663,234.49300014183012,214.50233328605663,stop,-0.023468413275368492,-1.0307443470712703,0.022768413275368448,0.3142464842848649
ROP,LONG,2025-04-04,2025-04-04,554.9701538085938,549.1235609026741,572.5099325263528,549.1235609026741,stop,-0.011234968170443525,-1.0664453834767031,0.010534968170443543,0.13863269432089986
ROP,LONG,2025-04-04,2025-04-04,561.9112142272302,553.7181196950077,586.4904978238977,553.7181196950077,stop,-0.015280763517044403,-1.048008459857519,0.014580763517044399,0.21077471960565114
ROP,LONG,2025-06-10,2025-06-11,555.6129260071772,552.5520499501865,564.7955541781491,564.8447153205293,hedef,0.01641550493379438,2.9797569579206935,0.005509008004884162,0.2193160284692175
ROP,LONG,2025-07-18,2025-07-21,538.7146606445312,533.0359606942509,555.7507604953723,533.0359606942509,stop,-0.01124120179964335,-1.0664060904349388,0.010541201799643298,0.28084199589608067
ROP,LONG,2025-08-01,2025-08-08,538.6849975585938,527.4239669725437,572.468089316744,527.4239669725437,stop,-0.021604667174855173,-1.0334853453606745,0.02090466717485519,0.31802682007618316
ROP,LONG,2025-09-02,2025-09-10,513.6784057617188,506.14852399659964,536.268051057076,506.14852399659964,stop,-0.015358746952683876,-1.0477530584475925,0.014658746952683892,0.24715387772401223
ROP,LONG,2025-09-22,2025-09-25,495.8801076507663,491.3329298919144,509.52164092732215,491.3329298919144,stop,-0.009869913631732917,-1.0763365968440124,0.009169913631732909,0.19273683350435633
ROP,LONG,2025-10-23,2025-10-23,462.5930112284438,490.55799479225544,,462.5930112284438,stop,-0.0007,-0.06022719612043084,0.01162265629301875,0.19629282859702935
ROP,LONG,2025-11-25,2025-12-24,436.3960166970978,430.87044026695685,452.97274598752074,446.8648986816406,zaman,0.023289407748900905,1.8393383751630747,0.012661839748130128,0.2761789102568332
NXPI,LONG,2025-03-11,2025-03-28,196.09095764160156,189.82059631157546,214.90204163167988,189.82059631157546,stop,-0.032676799978133296,-1.021890870896358,0.03197679997813331,0.46996257785249507
NXPI,LONG,2025-03-20,2025-03-28,198.07704162597656,191.6893482015674,217.240121899204,191.6893482015674,stop,-0.03294853002636652,-1.0217064157475613,0.03224853002636649,0.20014905634549104
NXPI,LONG,2025-03-27,2025-03-28,194.89436360040594,189.80076879722463,210.17514800994985,189.80076879722463,stop,-0.026835157061929037,-1.0267838451608062,0.026135157061928982,0.17509653197754924
NXPI,LONG,2025-08-01,2025-08-13,203.48150634765625,198.76215767467727,217.6395523665932,217.6395523665932,hedef,0.06937903090587191,2.9913767123199566,0.0231930103019573,0.2519123884075941
NXPI,LONG,2025-07-23,2025-07-31,215.04294196294128,209.53992920657495,231.55198023204028,209.53992920657495,stop,-0.026290297017582086,-1.0273541178329846,0.025590297017582073,0.22190271663065617
NXPI,LONG,2025-07-30,2025-07-31,217.55675096070368,211.52909599191526,235.63971586706896,211.52909599191526,stop,-0.028406126986044132,-1.025265169698841,0.027706126986044088,0.24362962474748534
NXPI,LONG,2025-10-29,2025-11-07,201.40774536132812,196.94996886991575,214.78107483556525,196.94996886991575,stop,-0.022833093657421442,-1.0316268485027273,0.022133093657421495,0.22271903407179075
NXPI,LONG,2025-09-10,2025-09-15,219.2195505841718,212.5078248255419,239.35472786006153,211.48251138349792,stop,-0.03599356382702353,-1.1756280232304244,0.03061645615431945,0.2580755422970869
NXPI,LONG,2025-10-01,2025-10-06,219.60117986593892,216.72322716758208,228.23503796100943,228.23503796100943,hedef,0.03911608245612006,2.9847390695482017,0.01310536081870669,0.29364465468342815
NXPI,LONG,2025-10-07,2025-10-07,221.00637817382812,215.72741962959603,236.84325380652442,215.72741962959603,stop,-0.024586000883105884,-1.0293058684635263,0.02388600088310591,0.2302207147436948
NXPI,LONG,2025-11-13,2025-11-14,199.3980301217909,193.3773880818074,217.4599562417414,193.3773880818074,stop,-0.030894089862904504,-1.023183344925391,0.030194089862904536,0.32880935366958636
PCAR,LONG,2025-02-12,2025-02-25,100.12771606445312,98.63759096617365,104.59809135929156,104.59809135929156,hedef,0.04444673189949542,2.9865611664175,0.014882243966498454,0.23733135634656255
PCAR,LONG,2025-02-11,2025-02-12,101.80922620253972,101.07053440715228,104.02530158870204,101.07053440715228,stop,-0.007955646889191335,-1.0964765803367216,0.0072556468891913795,0.3867208181991489
PCAR,LONG,2025-03-04,2025-03-04,99.72279321175847,98.38107251322639,103.74795530735473,98.38107251322639,stop,-0.014154503783131954,-1.0520271881656191,0.013454503783131915,0.2429068280164495
PCAR,LONG,2025-03-03,2025-03-04,101.2641372680664,99.4907286321698,106.58436317575621,99.4907286321698,stop,-0.018212701769255567,-1.0399709884415966,0.017512701769255526,0.25394578831677306
PCAR,LONG,2025-03-13,2025-03-13,94.42983327317508,95.97889838583534,,94.42983327317508,stop,-0.0007,-0.0507564529378477,0.013791349857665666,0.2615420530142231
PCAR,LONG,2025-03-28,2025-04-03,94.1390151977539,92.67033537255114,98.54505467336222,92.67033537255114,stop,-0.016301181105597716,-1.0448683978002722,0.015601181105597668,0.21283247169274283
PCAR,LONG,2025-04-29,2025-05-12,84.00871592308238,81.66472438675761,91.04069053205667,92.09356240536471,hedef,0.09603818663869054,3.442011037184852,0.02790176603188296,0.2764068932463824
PCAR,LONG,2025-10-14,2025-10-15,90.21591205499955,89.37519532029675,92.73806225910793,93.55362901876946,hedef,0.03679698742429258,3.9486234118230734,0.009318940700729795,0.2686063878372262
PCAR,LONG,2025-08-11,2025-08-13,93.71383666992188,92.54239452125445,97.22816311592415,97.22816311592415,hedef,0.03730061432636032,2.9840002621082786,0.012500204775453471,0.28943602561458237
PCAR,LONG,2025-08-21,2025-08-22,94.50175476074219,93.11196673630363,98.67111883405786,98.67111883405786,hedef,0.0439194354948391,2.986400551292855,0.014706478498279729,0.24348999919009862
PCAR,LONG,2025-09-03,2025-09-03,95.19320678710938,93.83824217455015,99.25810062478706,93.83824217455015,stop,-0.014933837248381342,-1.0491785867566779,0.014233837248381384,0.22932708143969646
PCAR,LONG,2025-10-07,2025-10-08,95.25175703695895,93.93118459565329,99.21347436087592,93.93118459565329,stop,-0.014564021855190089,-1.0504903993452612,0.01386402185519011,0.24553467747483917
PCAR,LONG,2025-12-31,2026-01-06,109.1849136352539,107.92205253568066,112.97349693397364,112.97349693397364,hedef,0.03449878001072546,2.982708325773575,0.011566260003575139,0.24372029026380276
WDAY,LONG,2025-02-12,2025-02-24,255.97000122070312,252.6924561285095,265.802636497284,252.6924561285095,stop,-0.013504410972236057,-1.0546686607855587,0.012804410972236002,0.19285654529243534
WDAY,LONG,2025-02-19,2025-02-24,257.9200134277344,252.31777727439197,274.7267218877616,252.31777727439197,stop,-0.02242082762748484,-1.032227132962199,0.021720827627484878,0.2191873004093323
WDAY,LONG,2025-03-03,2025-03-04,255.17999267578125,248.69702105368947,274.6289075420566,248.69702105368947,stop,-0.026105485571624364,-1.027553104546122,0.025405485571624403,0.2886962116212128
WDAY,LONG,2025-07-10,2025-07-10,233.4600067138672,228.72872451460225,247.653853311662,228.72872451460225,stop,-0.020965921627697358,-1.0345407434638096,0.02026592162769739,0.24854935607909293
WDAY,LONG,2025-07-10,2025-07-10,235.38999938964844,232.57873061811787,243.82380570424013,232.57873061811787,stop,-0.012643025527082706,-1.058611613817001,0.011943025527082748,0.2616317648111416
WDAY,LONG,2025-08-22,2025-09-17,213.36000061035156,205.24776846193484,237.69669705560173,237.69669705560173,hedef,0.11386400625998802,2.9947397954913826,0.03802133541999598,0.23385528269937983
WDAY,LONG,2025-10-13,2025-10-16,233.1699981689453,227.99509988785033,248.69469301223026,227.99509988785033,stop,-0.022893671234433276,-1.0315405230890304,0.022193671234433283,0.2917858921942011
WDAY,LONG,2025-11-04,2025-11-06,231.36000061035156,226.30493810889615,246.5251881147178,226.30493810889615,stop,-0.022549336480461722,-1.032037586158551,0.02184933648046176,0.24268240527072935
WDAY,LONG,2025-12-15,2026-01-02,215.11000061035156,206.14409654497817,242.00771280647174,206.14409654497817,stop,-0.04238055432073636,-1.0167944023635918,0.04168055432073638,0.25932952563895006
WDAY,LONG,2025-12-31,2026-01-02,215.2899932861328,212.39170488995472,223.98485847466708,212.39170488995472,stop,-0.014162253177397353,-1.0519972393013164,0.013462253177397318,0.28228589107742347
ABNB,LONG,2025-03-11,2025-03-11,129.19000244140625,126.19872177010579,138.16384445530764,126.19872177010579,stop,-0.023854118854182614,-1.0302322020720551,0.023154118854182584,0.3210662665198723
ABNB,LONG,2025-05-07,2025-05-12,121.05500030517578,116.7650360661041,133.92489302239082,133.92489302239082,hedef,0.1061144247224026,2.9943563631974985,0.03543814157413421,0.29463955835648437
ABNB,LONG,2025-08-01,2025-08-07,130.0399932861328,126.25704242139854,141.38884588033562,120.37999725341797,stop,-0.07498480876232835,-2.5776237589858497,0.029090672562636012,0.29902643083076436
ABNB,LONG,2025-07-29,2025-07-30,138.07000732421875,136.15369170574007,143.81895417965478,135.89999389648438,stop,-0.01641676187891191,-1.1828231273618584,0.0138793040980924,0.2707687370195474
ABNB,LONG,2025-08-07,2025-08-07,120.37999725341797,126.11036872183763,,120.37999725341797,stop,-0.0007,-0.029738392856679664,0.023538595490804073,0.24686995426234867
ABNB,LONG,2025-09-15,2025-10-10,120.02999877929688,116.5920762289277,130.3437664304044,116.5920762289277,stop,-0.029342194329191017,-1.0244394682877562,0.028642194329191004,0.2901932773793981
ABNB,LONG,2025-09-03,2025-09-05,124.95999908447266,123.04766611581344,130.6969979904503,123.04766611581344,stop,-0.016003561000880594,-1.0457409879935584,0.015303561000880624,0.3444550311600276
ABNB,LONG,2025-11-07,2025-11-18,118.19000244140625,115.58825614671653,125.9952413254754,115.58825614671653,stop,-0.022713251890569684,-1.0317990273985784,0.022013251890569654,0.28401363802546753
ABNB,LONG,2025-11-14,2025-11-18,120.19999694824219,116.35219689482209,131.7433971085025,116.35219689482209,stop,-0.032711648511746204,-1.0218670400477219,0.03201164851174625,0.2742311188532046
CHTR,LONG,2025-01-30,2025-01-30,336.20001220703125,343.03415795094173,,336.20001220703125,stop,-0.0007,-0.04149622548208927,0.01686900415321235,0.24485497494848812
CHTR,LONG,2025-04-07,2025-04-08,332.8699951171875,323.5488909516563,360.83330761378113,323.5488909516563,stop,-0.028702236014843306,-1.0249980037175956,0.028002236014843265,0.5080381086789559
CHTR,LONG,2025-04-04,2025-04-07,345.3999938964844,335.65303584607454,374.64086804771387,332.8699951171875,stop,-0.0369767776511661,-1.310334845904812,0.02821933474999126,0.5465118542164117
CHTR,LONG,2025-04-04,2025-04-04,365.0,358.5430199769339,384.37094006919824,358.5430199769339,stop,-0.018390356227578307,-1.0395695819233275,0.0176903562275783,0.4725945289779862
CHTR,LONG,2025-05-23,2025-05-30,402.0,389.0303438149937,440.9089685550188,389.0303438149937,stop,-0.032962826330861415,-1.0216967972000162,0.032262826330861374,0.30162133414283654
CHTR,LONG,2025-06-13,2025-06-16,388.7699890136719,379.6699475174294,416.07011350239924,379.6699475174294,stop,-0.02410726330067222,-1.0299052474015584,0.023407263300672197,0.30303305122218005
CHTR,LONG,2025-07-25,2025-07-25,329.0,367.96013720187796,,329.0,stop,-0.0007,-0.04149622548208927,0.01686900415321235,0.17268641344208824
CHTR,LONG,2025-09-19,2025-09-30,260.7200012207031,254.07294585966625,280.6611673038137,280.6611673038137,hedef,0.07628498768696354,2.9921553233105556,0.025494995895654553,0.25716677459426274
CHTR,LONG,2025-11-07,2025-11-10,217.42999267578125,212.5066528012328,232.2000122994266,212.5066528012328,stop,-0.02334333367241489,-1.0309141758950777,0.022643333672414917,0.30895823602289474
CHTR,LONG,2026-01-14,2026-01-16,196.69000244140625,192.4499541979404,209.4101471718038,192.4499541979404,stop,-0.02225700946075767,-1.0324720365908937,0.0215570094607577,0.21598264268763995
MNST,LONG,2025-04-25,2025-05-12,29.0049991607666,28.331068172466587,31.026792125666645,31.026792125666645,hedef,0.06950498270638825,2.9913922939694633,0.023234994235462776,0.4357215932301677
MNST,LONG,2025-07-11,2025-07-29,29.2450008392334,28.789975030667772,30.610078264930277,30.610078264930277,hedef,0.04647729138395416,2.9871457836945967,0.015559097127984683,0.3038474064618467
MNST,LONG,2025-06-11,2025-06-11,31.479999542236328,31.173322516305838,32.4000306200278,31.173322516305838,stop,-0.010441964116582235,-1.0718540934480079,0.009741964116582198,0.25025975015401836
MNST,LONG,2025-06-25,2025-06-26,31.295000076293945,31.027176663938338,32.098470313360764,31.027176663938338,stop,-0.009258025617596442,-1.0817945670273137,0.00855802561759648,0.18285000592869383
MNST,LONG,2025-07-08,2025-07-09,30.854999542236328,30.511775940805464,31.88467034652892,30.511775940805464,stop,-0.011823759731742621,-1.0629283638698641,0.011123759731742582,0.23729846320615372
MNST,LONG,2025-07-31,2025-08-05,29.325000762939453,29.01772910447483,30.246815738333318,30.246815738333318,hedef,0.031234439945823957,2.980912655004054,0.010478146648608017,0.21526251368227137
MNST,LONG,2025-10-13,2025-10-16,33.51499938964844,33.01756239276905,35.0073103802866,35.0073103802866,hedef,0.04432666023616514,2.9865249269355076,0.01484222007872173,0.24303616005278442
MNST,LONG,2025-11-06,2025-11-07,33.125,32.78162057966149,34.15513826101552,35.209999084472656,hedef,0.06274336858785376,6.052704272212263,0.01036617118003042,0.28018475122124925
AEP,LONG,2025-03-12,2025-03-31,97.8169937133789,96.1335569587642,102.86730397722302,103.3280813805157,hedef,0.0561407998745622,3.2620912269739444,0.017210064332456088,0.4041744080394878
AEP,LONG,2025-04-07,2025-04-07,97.73118591308594,96.64701788787305,100.9836899887246,96.64701788787305,stop,-0.011793368151462556,-1.0631007634870349,0.011093368151462515,0.32485909557106024
AEP,LONG,2025-05-13,2025-06-11,96.25329882163935,93.21241228427898,105.37595843372044,98.06425476074219,zaman,0.01811448180242229,0.5733783909744988,0.031592543576041285,0.33345340659628103
AEP,LONG,2025-05-29,2025-06-27,97.81413147719252,96.62209857334344,101.39023018873976,98.5644760131836,zaman,0.006971126090467162,0.5720266963732833,0.012186714596827252,0.33231015945070597
AEP,LONG,2025-06-05,2025-07-07,97.81412506103516,96.58731545278197,101.49455388579473,100.20946502685547,zaman,0.023788691835924837,1.8966839374454545,0.012542254071052342,0.2576431938673444
AEP,LONG,2025-06-16,2025-07-01,97.55439758300781,96.58341795365872,100.46733647105508,100.46733647105508,hedef,0.02965963688175808,2.979905984711879,0.009953212293919336,0.2201507394049838
AEP,LONG,2025-06-26,2025-06-30,97.35237121582031,96.51922081724942,99.85182241153299,99.85182241153299,hedef,0.02547427135566791,2.976630300751752,0.008558090451889289,0.2291948469680572
AEP,LONG,2025-08-18,2025-08-18,108.62035752822995,107.40253983372685,112.27381061173924,107.40253983372685,stop,-0.011911689246986566,-1.0624348378357074,0.011211689246986612,0.2916963019558276
AEP,LONG,2025-09-16,2025-09-18,104.06177416316044,103.29276130597434,106.36881273471873,103.29276130597434,stop,-0.00808996488739807,-1.094723048169518,0.00738996488739802,0.2648240503148545
AEP,LONG,2025-10-17,2025-10-27,113.28562927246094,111.6871008386492,118.08121457389615,111.6871008386492,stop,-0.01481060206027681,-1.0496080887980423,0.014110602060276761,0.27804484318820694
AEP,LONG,2025-12-03,2025-12-08,115.80740876491883,114.13672146442738,120.81947066639319,114.13672146442738,stop,-0.015126428484233144,-1.0485220580246235,0.014426428484233103,0.2907826109520133
AEP,LONG,2025-11-20,2025-11-24,118.57792663574219,117.44396806654831,121.97980234332383,117.44396806654831,stop,-0.01026298192560978,-1.0731989253399552,0.009562981925609733,0.26113311258337557
AEP,LONG,2025-12-01,2025-12-02,118.05981860479592,116.44593470011978,122.90147031882435,116.44593470011978,stop,-0.014370052383178754,-1.0512068264538146,0.013670052383178765,0.2431257637418624
AEP,LONG,2025-12-17,2026-01-05,111.5688247680664,110.64906568775501,114.32810200900059,110.64906568775501,stop,-0.008943871728714768,-1.0849115589173701,0.008243871728714762,0.2631819687894559
CPRT,LONG,2025-02-27,2025-02-28,55.43000030517578,54.82805599500264,57.235833235695196,54.82805599500264,stop,-0.011559540084053209,-1.064459451743073,0.010859540084053215,0.22664522021374423
CPRT,LONG,2025-02-21,2025-02-21,57.380001068115234,56.54774261300104,59.87677643345781,56.54774261300104,stop,-0.015204329725024356,-1.048261451116372,0.014504329725024353,0.18361374231437955
CPRT,LONG,2025-04-04,2025-04-07,55.06999969482422,53.94057317812971,58.45827924490774,53.5099983215332,stop,-0.02902760817025448,-1.415364655821848,0.020508925421342573,0.43467554782884854
CPRT,LONG,2025-05-23,2025-05-29,53.5099983215332,51.41607215681906,59.791776815675625,51.41607215681906,stop,-0.03983149374687075,-1.017888404785365,0.03913149374687075,0.36069270607955767
CPRT,LONG,2025-05-23,2025-05-23,57.439998626708984,57.75607230940695,,57.439998626708984,stop,-0.0007,-0.05237648376908804,0.013364776510887725,0.20610993541631847
CPRT,LONG,2025-05-23,2025-05-23,57.439998626708984,58.94607093611594,,57.439998626708984,stop,-0.0007,-0.05237648376908804,0.013364776510887725,0.20088048219384372
CPRT,LONG,2025-07-09,2025-07-14,47.720001220703125,47.08933221005292,49.61200825265373,47.08933221005292,stop,-0.013916030899357744,-1.0529659778590572,0.013216030899357745,0.26891833594797016
CPRT,LONG,2025-09-19,2025-09-25,45.33000183105469,44.76305302291872,47.030848255462594,44.76305302291872,stop,-0.013207142846563068,-1.0559680183226101,0.01250714284656312,0.17817090545479097
CPRT,LONG,2025-09-18,2025-09-18,46.08000183105469,45.45232671677812,47.9630271738844,45.45232671677812,stop,-0.014321421209527029,-1.0513896449740838,0.01362142120952698,0.21526705090201617
CPRT,LONG,2025-09-05,2025-09-05,47.08000183105469,46.56536522044394,48.62391166288694,46.56536522044394,stop,-0.01163110855130186,-1.0640374209728798,0.010931108551301893,0.17706853447617116
CPRT,LONG,2025-09-11,2025-09-18,48.56999969482422,45.85467515782591,56.71597330581915,45.85467515782591,stop,-0.05660538509489973,-1.0125211551411686,0.055905385094899715,0.3654567159529547
CPRT,LONG,2025-10-28,2025-10-29,44.0,43.09941772771542,46.70174681685374,43.09941772771542,stop,-0.02116777891555862,-1.0342000958134183,0.020467778915558652,0.23196229932856813
CPRT,LONG,2026-01-02,2026-01-02,38.40999984741211,38.02785638546615,39.55643023324998,38.02785638546615,stop,-0.01064906179286814,-1.0703583930398153,0.009949061792868117,0.2519131914871208
CPRT,LONG,2026-01-02,2026-01-02,39.0099983215332,38.70785669064193,39.916423214207015,38.70785669064193,stop,-0.008445235680373996,-1.090378140690245,0.007745235680374044,0.2671757454039816
PAYX,LONG,2025-02-11,2025-02-12,138.09022198753362,136.57456198941856,142.63720198187883,136.03464196803574,stop,-0.015585775327984185,-1.4200039438698455,0.010975867634218869,0.23464892903816223
PAYX,LONG,2025-04-07,2025-04-07,132.8916917661541,133.14278607133662,,132.8916917661541,stop,-0.0007,-0.055819951973866876,0.012540318922662594,0.3201818652221235
PAYX,LONG,2025-06-25,2025-07-01,132.50469970703125,129.8229224758806,140.5500314004832,140.5500314004832,hedef,0.06051733086630293,2.99011814268777,0.020239110288767674,0.22712169287094788
PAYX,LONG,2025-06-18,2025-06-20,143.02772148964812,141.4980066128194,147.61686612013423,141.4980066128194,stop,-0.011395233489679933,-1.0654497165186148,0.010695233489679982,0.20687822608395462
PAYX,LONG,2025-06-10,2025-06-11,147.38147217482398,145.94526391722965,151.69009694760697,145.94526391722965,stop,-0.010444835876593138,-1.0718329183646322,0.009744835876593087,0.2246817014822512
PAYX,LONG,2025-06-09,2025-06-10,149.32070346555773,147.21424848015423,155.64006842176823,147.21424848015423,stop,-0.014806918441416093,-1.049621042533632,0.014106918441416106,0.20597208795758137
PAYX,LONG,2025-06-18,2025-06-18,144.9859461048161,143.32316579457896,149.9742870355275,143.32316579457896,stop,-0.01216856198762225,-1.0610364229408635,0.011468561987622227,0.24864941438391525
PAYX,LONG,2025-08-12,2025-08-12,132.7433776111149,131.8004126345362,135.57227254085103,131.8004126345362,stop,-0.007803668699324661,-1.0985406315565613,0.007103668699324635,0.19408297723926662
PAYX,LONG,2025-10-29,2025-10-29,116.47971124842715,113.44925161868184,125.57109013766308,113.44925161868184,stop,-0.026717059943443387,-1.026905422884894,0.02601705994344341,0.252669166711198
PAYX,LONG,2026-01-02,2026-01-06,104.88853454589844,103.95843088951422,107.6788455150511,107.6788455150511,hedef,0.026402630890334657,2.977445839756468,0.008867543630111569,0.2391853140274262
PAYX,LONG,2025-12-19,2025-12-19,106.90003967285156,105.60293118846553,110.79136512600965,105.60293118846553,stop,-0.01283384474276713,-1.0576898761142663,0.01213384474276715,0.16123845204426987
PAYX,LONG,2025-12-31,2026-01-02,108.58274841308594,104.94155482904986,119.50632916519416,104.94155482904986,stop,-0.03423381303431124,-1.0208744528778706,0.03353381303431119,0.44135622524808565
TTD,LONG,2025-02-13,2025-02-13,85.09500122070312,111.45498563303335,,85.09500122070312,stop,-0.0007,-0.022712202859527617,0.030820436235508293,0.20774652114410974
TTD,LONG,2025-02-28,2025-03-03,70.94000244140625,69.15423612774538,76.29730138238887,69.15423612774538,stop,-0.025872910236870182,-1.0278076707624655,0.025172910236870197,0.30935310305867925
TTD,LONG,2025-06-05,2025-06-05,74.30000305175781,72.50351994678923,79.68945236666357,72.50351994678923,stop,-0.024878775655192774,-1.0289510110016555,0.024178775655192726,0.22403061157902104
TTD,LONG,2025-06-12,2025-06-13,71.11000061035156,69.63165364194934,75.54504151555822,68.92500305175781,stop,-0.03142700801349282,-1.5116712157473522,0.020789578901888185,0.25102732760656576
TTD,LONG,2025-08-08,2025-08-08,56.63999938964844,64.74594179077927,,56.63999938964844,stop,-0.0007,-0.022712202859527617,0.030820436235508293,0.2304440879832569
TTD,LONG,2025-08-08,2025-08-08,56.63999938964844,81.06594148560349,,56.63999938964844,stop,-0.0007,-0.022712202859527617,0.030820436235508293,0.21419143933734078
TTD,LONG,2025-11-07,2025-11-07,43.869998931884766,42.55105339600503,47.82683553952397,42.55105339600503,stop,-0.03076486364240879,-1.0232829926762947,0.030064863642408787,0.2393194970099548
TTD,LONG,2025-12-11,2025-12-11,38.415000915527344,37.861251832117325,40.0762481657574,37.861251832117325,stop,-0.015114917876162114,-1.0485608038848149,0.014414917876162094,0.24097236373618774
TTD,LONG,2026-01-15,2026-01-16,36.099998474121094,35.33604379827157,38.39186250166967,35.33604379827157,stop,-0.02186218028089889,-1.0330778771708988,0.021162180280898897,0.3005020139750758
TTD,LONG,2026-01-02,2026-01-05,37.130001068115234,36.49746568705084,39.027607211308414,39.027607211308414,hedef,0.05090708560745825,2.988259944920195,0.017035695202486066,0.283920731738674
TTD,LONG,2026-01-08,2026-01-13,37.68000030517578,36.464558692584916,41.32632514294838,36.464558692584916,stop,-0.032956942748058014,-1.0217007546396224,0.03225694274805806,0.2869636352223511
ROST,LONG,2025-03-04,2025-03-05,133.63232421875,132.00298296180253,138.5203479895924,127.21274798766707,stop,-0.048739097341256886,-3.997393934674079,0.01219271809027517,0.21968857113819193
ROST,LONG,2025-06-23,2025-07-22,125.15875244140625,121.81296956338619,135.19610107546643,134.27972412109375,zaman,0.07217522048414096,2.6999243173616216,0.02673231246521418,0.3005416662025185
ROST,LONG,2025-05-23,2025-05-23,132.7531123996332,131.10022674455,137.7117693648828,131.10022674455,stop,-0.013150824129135562,-1.0562211780312585,0.012450824129135543,0.19452474891904784
ROST,LONG,2025-05-23,2025-05-23,132.7531123996332,134.60149389227706,,132.7531123996332,stop,-0.0007,-0.04751821621724682,0.014731192703019305,0.19195849111795915
ROST,LONG,2025-06-12,2025-06-20,132.7531123996332,126.47499335383816,151.58746953701836,126.47499335383816,stop,-0.047991690057674306,-1.0148017547934178,0.04729169005767429,0.300044318236286
ROST,LONG,2025-06-11,2025-06-11,137.0236835571126,135.2327954173277,142.3963479764673,135.2327954173277,stop,-0.013769916771274336,-1.0535581069298363,0.013069916771274363,0.24606693821995543
ROST,LONG,2025-07-16,2025-07-22,125.23939514160156,122.42057907627255,133.6958433375886,133.6958433375886,hedef,0.06732226954167084,2.9911140427584426,0.022507423180556967,0.26334906234994176
ROST,LONG,2025-09-18,2025-09-26,144.03221130371094,141.93563545582987,150.32193884735415,150.32193884735415,hedef,0.043468895219420635,2.986260243200903,0.014556298406473555,0.22776523405531895
ROST,LONG,2025-12-30,2026-01-06,179.52735900878906,177.11631293119513,186.76049724157087,186.76049724157087,hedef,0.04008989382296722,2.9851079279921633,0.013429964607655708,0.34784204110398936
FANG,LONG,2025-02-24,2025-02-25,148.62940118808945,145.3324455042974,158.5202682394656,145.3324455042974,stop,-0.02288239229545016,-1.0315565602968602,0.02218239229545018,0.26427037924179464
FANG,LONG,2025-04-04,2025-04-04,129.06457092882928,130.68767615198345,,129.06457092882928,stop,-0.0007,-0.03256246216632241,0.021497145898382714,0.4583125094551098
FANG,LONG,2025-04-03,2025-04-03,145.44193688510887,149.02721191972702,,145.44193688510887,stop,-0.0007,-0.03256246216632241,0.021497145898382714,0.2647945444590369
FANG,LONG,2025-05-30,2025-06-04,130.21404782734263,127.1038072379174,139.54476959561833,139.54476959561833,hedef,0.0714567983559484,2.9916267540028905,0.023885599451982757,0.27047925310194854
FANG,LONG,2025-07-16,2025-07-16,133.44249624553382,130.76855983481292,141.4643054776965,130.76855983481292,stop,-0.020738117435999258,-1.03493342137732,0.020038117435999273,0.219387159638298
FANG,LONG,2025-08-11,2025-08-25,132.3081512451172,129.45024178487571,140.8818796258416,140.8818796258416,hedef,0.06460121065889976,2.990740913728318,0.021600403552966607,0.2574288796337662
FANG,LONG,2025-09-05,2025-09-15,134.42216620857127,132.23197698396808,140.99273388238083,132.23197698396808,stop,-0.016993363560328732,-1.042962277089573,0.016293363560328736,0.2733714107186625
FANG,LONG,2025-09-15,2025-09-15,133.08438110351562,131.50198117945374,137.8315808757013,131.50198117945374,stop,-0.012590200119209048,-1.058872011655135,0.011890200119209085,0.24905046762029012
FANG,LONG,2025-10-16,2025-10-23,134.96898320337087,131.87268405672594,144.25788064330564,144.25788064330564,hedef,0.06862245994206148,2.9912819158090924,0.02294081998068719,0.22563286184185527
FANG,LONG,2025-11-04,2025-11-11,135.81854248046875,133.0489451245026,144.12733454836717,144.12733454836717,hedef,0.06097568276138186,2.990192181387818,0.020391894253793955,0.20531463754191245
FANG,LONG,2025-12-26,2026-01-07,143.40059045273657,140.04082349524475,153.479891325212,140.04082349524475,stop,-0.024129240750575286,-1.0298771952301868,0.023429240750575297,0.32718703141984834
FANG,LONG,2026-01-05,2026-01-05,143.8528594970703,141.35185023691736,151.35588727752918,141.35185023691736,stop,-0.018085884916690796,-1.0402625465056419,0.017385884916690797,0.23234172184046695
KDP,LONG,2025-05-14,2025-06-12,31.083526611328125,30.48703028716584,32.873015583814976,31.60835838317871,zaman,0.016184563274082166,0.8433803912021914,0.019190110942717057,0.26093104497190756
KDP,LONG,2025-04-07,2025-04-09,31.6709041595459,31.136743798792615,33.27338524180575,33.27338524180575,hedef,0.050397894969690805,2.988141799172482,0.016865964989896964,0.4312470715827708
KDP,LONG,2025-05-12,2025-05-14,31.684669000641602,31.027909562993656,33.65494731358544,31.027909562993656,stop,-0.02142798796271613,-1.0337707644976954,0.020727987962716177,0.2566506420259487
KDP,LONG,2025-05-06,2025-05-12,32.466766357421875,31.821350299316,34.4030145317395,31.821350299316,stop,-0.020579283665043323,-1.035212536417037,0.019879283665043376,0.33413088506124294
KDP,LONG,2025-05-23,2025-06-24,31.207775115966797,30.771971091590608,32.515187189095364,31.999412536621094,zaman,0.02466667281511118,1.7663718896928575,0.013964597692618569,0.2758774711996358
KDP,LONG,2025-06-17,2025-07-08,31.341299057006836,30.859386283886447,32.787037376368005,32.787037376368005,hedef,0.045928857541339,2.9869929577279946,0.015376285847112944,0.23314398193237762
KDP,LONG,2025-07-15,2025-07-17,31.51298713684082,31.18198893473003,32.505981743173194,32.505981743173194,hedef,0.03131064676986759,2.9809588167332084,0.010503548923289217,0.21042945891143977
KDP,LONG,2025-08-25,2025-08-25,31.167213946817128,32.993451383658666,,31.167213946817128,stop,-0.0007,-0.05765928607042139,0.012140282124635821,0.22182078664016014
KDP,LONG,2026-01-20,2026-01-28,26.607764943793182,26.23154278812033,27.73643141081174,26.23154278812033,stop,-0.014839562509951186,-1.0495064822201752,0.01413956250995123,0.29593993656103273
ODFL,LONG,2025-02-27,2025-03-04,173.91852103336691,166.44378776015841,196.34272085299241,166.44378776015841,stop,-0.043678362676936776,-1.016287265414502,0.04297836267693678,0.2846007301940219
ODFL,LONG,2025-03-11,2025-03-13,168.70817331536406,162.397330951544,187.64070040682424,162.397330951544,stop,-0.03810685611018546,-1.0187131470749122,0.03740685611018548,0.5382649090050373
ODFL,LONG,2025-06-16,2025-06-18,158.05595810817093,154.53284318147468,168.62530288825968,154.53284318147468,stop,-0.022990301288642954,-1.0314037926601156,0.022290301288642907,0.2584540922909159
ODFL,LONG,2025-07-30,2025-07-30,151.2749829320565,156.75820106658026,,151.2749829320565,stop,-0.0007,-0.03609758975724106,0.019391876430186927,0.22429919140502963
ODFL,LONG,2025-09-04,2025-09-05,141.87115478515625,138.62513302255402,151.60922007296293,151.60922007296293,hedef,0.06844020598516717,2.9912587674907325,0.02288006866172243,0.27701529376730777
ODFL,LONG,2025-08-28,2025-09-04,148.1205499912169,144.76755276049093,158.17954168339483,144.76755276049093,stop,-0.023336948289246782,-1.030922896101348,0.022636948289246818,0.2315371340893142
ODFL,LONG,2025-09-08,2025-09-10,148.41810164349354,145.0302577743921,158.58163325079784,145.0302577743921,stop,-0.023526352254788795,-1.0306663102446931,0.022826352254788792,0.25534755189681096
ODFL,LONG,2025-09-10,2025-09-22,145.0286826020443,138.66407025002098,164.1225196581143,138.66407025002098,stop,-0.0445851973129184,-1.0159507087323487,0.043885197312918386,0.2908862339424085
ODFL,LONG,2025-10-02,2025-10-30,137.73399353027344,131.77817366005272,155.6014531409356,136.40228271484375,zaman,-0.010368715625652634,-0.23978640086842634,0.043241466522290696,0.3385931289959497
ODFL,LONG,2025-12-31,2026-01-06,156.25013718011786,152.2523747054425,168.24342460414397,168.24342460414397,hedef,0.07655697212477205,2.9921831205245497,0.025585657374924,0.2624339225022034
FAST,LONG,2025-01-29,2025-02-27,35.78889093537801,34.757137424396646,38.88415146832209,35.89358139038086,zaman,0.0022252221084996587,0.07718726469109627,0.028828876336077024,0.291072006307241
FAST,LONG,2025-02-11,2025-03-06,35.45756912231445,34.7446478547931,37.59633292487851,37.59633292487851,hedef,0.06011896307347462,2.990052879402636,0.020106321024491516,0.25003466278374276
FAST,LONG,2025-03-05,2025-03-06,35.535077698156385,35.144809644943955,36.70588185779368,36.847962765530966,hedef,0.03674617128817179,3.345849195409768,0.010982614320628838,0.24309203912624136
FAST,LONG,2025-03-13,2025-04-03,35.91780801548479,35.251061390381196,37.91804789079556,37.91804789079556,hedef,0.05548936373980393,2.9892259498096765,0.018563121246601293,0.3136823507600795
FAST,LONG,2025-04-07,2025-04-07,35.50117199236587,35.34599885439708,35.96669140627223,35.34599885439708,stop,-0.005070930007667195,-1.160148984031327,0.004370930007667246,0.27694814740206053
FAST,LONG,2025-05-06,2025-05-07,38.73176628232812,38.152104224588655,40.4707524555465,38.152104224588655,stop,-0.015666063089251413,-1.0467724875824405,0.01496606308925138,0.22539527437407983
FAST,LONG,2025-06-02,2025-06-06,39.35522390531363,38.8901040137782,40.75058357991992,40.75058357991992,hedef,0.0352555135542729,2.9830773851553047,0.011818504518090947,0.2074523988113721
FAST,LONG,2025-06-20,2025-07-01,39.79358273249617,39.115729291393755,41.82714305580341,41.82714305580341,hedef,0.050902720179216245,2.988258942030958,0.017034240059738737,0.2681617641737069
FAST,LONG,2025-10-13,2025-10-13,42.67306164434929,43.670201663854286,,42.67306164434929,stop,-0.0007,-0.05131109154862031,0.013642274581835943,0.43474640397312614
FAST,LONG,2025-09-17,2025-09-29,46.049714224250785,45.356312476507384,48.12991946748099,48.12991946748099,hedef,0.044973032629477695,2.986717739211327,0.015057677543159228,0.27111163006388156
FAST,LONG,2025-10-02,2025-10-10,46.11822509765625,45.421421642318684,48.20863546366895,45.421421642318684,stop,-0.01580906922072719,-1.0463297897291859,0.015109069220727182,0.2443763857869898
FAST,LONG,2025-10-08,2025-10-10,46.3335522732996,45.4390334714577,49.017108678825316,45.4390334714577,stop,-0.020006069963415772,-1.03625802668935,0.019306069963415783,0.22960676485993078
FAST,LONG,2025-11-13,2025-11-17,40.10082860279327,39.58654034134456,41.64369338713941,39.58654034134456,stop,-0.013524878671282346,-1.0545814130442779,0.012824878671282337,0.2868338199491524
FAST,LONG,2026-01-02,2026-01-05,39.382636020296715,39.00150329506935,40.526034195978816,40.526034195978816,hedef,0.028833053427221624,2.9793338994982275,0.009677684475740574,0.2718848132012961
BKR,LONG,2025-02-21,2025-02-21,44.9177131652832,44.20203577209903,47.06474534483572,44.20203577209903,stop,-0.016633077237273884,-1.0439337605395136,0.015933077237273916,0.2795340193406411
BKR,LONG,2025-05-21,2025-05-21,36.51307501154483,35.940008119649434,38.23227568723101,35.940008119649434,stop,-0.01639484059379278,-1.0446006441299485,0.01569484059379276,0.26567423256327605
BKR,LONG,2025-10-10,2025-10-14,44.30718231201172,43.517037405846835,46.67761703050637,43.517037405846835,stop,-0.018533336830148094,-1.039252328751883,0.01783333683014806,0.22805118975575198
BKR,LONG,2025-10-10,2025-10-10,45.76439666748047,45.10225133286764,47.75083267131896,45.10225133286764,stop,-0.015168569080543391,-1.0483807345497167,0.014468569080543383,0.2583982960100288
BKR,LONG,2025-12-08,2025-12-12,47.000789642333984,46.03940066631724,49.88495657038421,46.03940066631724,stop,-0.021154740938029125,-1.034221895164588,0.020454740938029087,0.21527994261571196
BKR,LONG,2025-12-08,2025-12-08,48.553969312365865,47.740964136716364,50.99298483931437,47.740964136716364,stop,-0.017444360701369975,-1.04180511949571,0.016744360701369934,0.22881925579697926
VRSK,LONG,2025-02-26,2025-02-26,260.11503900417813,269.66064662726916,,260.11503900417813,stop,-0.0007,-0.0603274458952238,0.011603342220317997,0.14510286049000254
VRSK,LONG,2025-02-20,2025-02-26,287.0754661242703,283.68668950802186,297.2417959730156,260.11503900417813,stop,-0.09461407591905266,-8.015098964076394,0.011804480062331377,0.19964296761580286
VRSK,LONG,2025-03-20,2025-03-21,282.8678475207101,279.653454859512,292.5110255043043,279.653454859512,stop,-0.012063584406540727,-1.0616002816503136,0.011363584406540709,0.2706799173938963
VRSK,LONG,2025-04-04,2025-04-07,281.43310546875,278.1609681615633,291.24951739031013,278.1609681615633,stop,-0.012326696517229917,-1.0602062674434367,0.0116266965172299,0.13051291813830518
VRSK,LONG,2025-07-03,2025-07-22,296.0099756068249,291.786197350461,308.68131037591667,291.786197350461,stop,-0.014969040250096675,-1.0490572587736078,0.014269040250096657,0.2273843812085977
VRSK,LONG,2025-06-16,2025-06-17,306.9608509302973,303.7981738240025,316.4488822491816,303.7981738240025,stop,-0.01100319370274657,-1.0679400989824501,0.01030319370274661,0.24711980157260208
VRSK,LONG,2025-07-22,2025-07-22,296.5832091606514,293.00781951401683,307.3093781005551,293.00781951401683,stop,-0.012755266570056843,-1.0580659080354748,0.012055266570056792,0.21479599756568393
VRSK,LONG,2025-07-28,2025-07-29,293.16350595500194,289.98128988135045,302.7101541759564,289.98128988135045,stop,-0.01155474831966271,-1.0644879069864737,0.010854748319662719,0.29881843480788534
VRSK,LONG,2025-08-12,2025-08-12,261.4375915527344,256.8598638434104,275.17077468070636,256.8598638434104,stop,-0.01820982971551984,-1.0399775446919168,0.017509829715519794,0.408926054786753
VRSK,LONG,2025-09-10,2025-09-10,263.59220463039736,260.6685044600966,272.3633051412997,260.6685044600966,stop,-0.0117917550630919,-1.0631099403131634,0.01109175506309194,0.2434761187054285
VRSK,LONG,2025-09-10,2025-09-10,261.9120034441981,259.01798502181083,270.5940587113599,259.01798502181083,stop,-0.011749583006239926,-1.06335080695848,0.011049583006239918,0.21004585765895673
VRSK,LONG,2025-10-08,2025-10-16,239.41301682352255,236.14938241695023,249.20392004323952,236.14938241695023,stop,-0.014331816890633085,-1.0513504550138857,0.013631816890633103,0.23567370797635206
CTSH,LONG,2025-03-06,2025-03-07,80.82145690917969,79.47146501325412,84.8714325969564,79.47146501325412,stop,-0.017403384813299914,-1.0419076736735766,0.016703384813299964,0.3199734796363837
CTSH,LONG,2025-03-28,2025-04-03,74.10977505438964,72.78504330634811,78.08397029851423,72.7422244366592,stop,-0.019153039652688074,-1.0714829340860794,0.017875263378809337,0.20244683423328666
CTSH,LONG,2025-05-22,2025-05-23,77.77134105706604,76.6847395386122,81.03114561242754,76.6847395386122,stop,-0.014671747223138652,-1.050101106813664,0.013971747223138667,0.27861957549695293
CTSH,LONG,2025-06-13,2025-06-20,76.83669292685721,76.08383812270455,79.0952573393152,76.08383812270455,stop,-0.010498115659003236,-1.0714423083337254,0.009798115659003225,0.2409415666264849
CTSH,LONG,2025-07-30,2025-07-30,72.348388671875,71.67849627266521,74.35806586950436,71.67849627266521,stop,-0.009959258036111605,-1.0756000099867549,0.009259258036111627,0.17478414015868765
CTSH,LONG,2025-09-15,2025-09-19,66.95463562011719,65.79792009878561,70.42478218411192,65.79792009878561,stop,-0.01797610807852753,-1.040518385091025,0.017276108078527582,0.26308855932167563
CTSH,LONG,2025-09-19,2025-09-19,67.07642364501953,66.07119320344748,70.09211496973569,66.07119320344748,stop,-0.01568634523050768,-1.0467091868786649,0.014986345230507707,0.2795646237103474
CTSH,LONG,2025-09-25,2025-10-23,65.46283721923828,63.336540775002725,71.84172655194496,66.5287857055664,zaman,0.015583261337393774,0.4797658873202941,0.03248096988394323,0.31715760686993627
CTSH,LONG,2025-10-10,2025-10-16,65.0129929852234,63.974670140303196,68.12796151998404,63.974670140303196,stop,-0.0166710051367149,-1.0438294267648103,0.015971005136714848,0.24971106353381423
XEL,LONG,2025-02-06,2025-02-13,62.523651123046875,61.935974977387595,64.28667956002471,64.28667956002471,hedef,0.027997784443332986,2.978721732510358,0.009399261481111053,0.24082988689826684
XEL,LONG,2025-04-07,2025-04-11,63.03475570678711,61.96639684916484,66.23983227965392,66.23983227965392,hedef,0.05064618060194557,2.988199703637583,0.016948726867315182,0.4425015162155942
XEL,LONG,2025-03-05,2025-03-06,64.97502093190256,64.22988940741655,67.2104155053606,64.22988940741655,stop,-0.012167968979447573,-1.061039579131628,0.01146796897944753,0.22054752767572383
XEL,LONG,2025-04-07,2025-04-07,64.03800964355469,63.27251955294434,66.33447991538574,63.27251955294434,stop,-0.012653683365101163,-1.0585593560260786,0.01195368336510119,0.35125601042012566
XEL,LONG,2025-04-04,2025-04-07,64.83170318603516,64.11065302784641,66.9948536606014,64.11065302784641,stop,-0.011821875914931411,-1.0629390226391795,0.011121875914931398,0.1783982029547816
XEL,LONG,2025-04-25,2025-05-12,65.82426452636719,64.59863707684217,69.50114687494225,64.59863707684217,stop,-0.019319690753006068,-1.0375946093458637,0.018619690753006016,0.23485905976543991
XEL,LONG,2025-06-16,2025-06-17,64.68853344390084,63.41039807298716,68.52293955664189,63.41039807298716,stop,-0.020458298772101667,-1.0354281513845933,0.019758298772101626,0.26754239344824526
XEL,LONG,2025-05-29,2025-06-05,65.75745837387174,64.99330303519466,68.049924389903,64.99330303519466,stop,-0.012320816217262963,-1.0602367326797666,0.011620816217262997,0.31231076572576755
XEL,LONG,2025-06-11,2025-06-16,65.35660568098926,64.67780374615876,67.39301148548077,64.67780374615876,stop,-0.01108612589741561,-1.0673976039684037,0.01038612589741561,0.3555508107942791
XEL,LONG,2025-07-08,2025-07-08,64.89963874937963,64.06102873115523,67.41546880405284,64.06102873115523,stop,-0.013621643854795994,-1.0541726739930382,0.012921643854795986,0.24808956547121255
XEL,LONG,2025-09-02,2025-09-30,69.22049713134766,66.2835255533738,78.0314118652692,78.0314118652692,hedef,0.12708765465527658,2.995286267143305,0.04242921821842555,0.2131046125491871
XEL,LONG,2025-11-20,2025-12-03,76.93964993912117,75.71989562191773,80.59891289073148,75.71989562191773,stop,-0.016553390523203225,-1.0441545926075213,0.015853390523203247,0.25469835659154527
XEL,LONG,2025-11-14,2025-11-18,77.76403638951072,77.22023963178668,79.39542666268284,79.39542666268284,hedef,0.020778724213859935,2.9713995954242214,0.006992908071286654,0.3297860113076565
XEL,LONG,2025-12-02,2025-12-02,77.25970056701993,76.30998921230781,80.1088346311563,76.30998921230781,stop,-0.012992454510463457,-1.0569455025767338,0.012292454510463475,0.31136150262736173
XEL,LONG,2026-01-09,2026-02-09,72.14826743586332,70.77995973278513,76.25319054509788,74.69916534423828,zaman,0.0346563293899275,1.8273624533026418,0.018965219148118193,0.27221051151892
EXC,LONG,2025-05-14,2025-05-15,39.892885594933766,39.39251191216424,41.39400664324235,41.39400664324235,hedef,0.03742879084633619,2.984054762682904,0.012542930282112086,0.24032419533405766
EXC,LONG,2025-03-12,2025-03-14,40.51991876361181,40.19317280527331,41.50015663862731,41.50015663862731,hedef,0.023991506422658106,2.9751979066736483,0.008063835474219346,0.29901354423446513
EXC,LONG,2025-05-12,2025-05-14,41.742341043943256,40.374026603466696,45.847284365372936,40.374026603466696,stop,-0.033480012003545744,-1.021354476622043,0.03278001200354574,0.2701954040523011
EXC,LONG,2025-05-02,2025-05-05,43.798667907714844,43.17731985260186,45.66271207305379,43.17731985260186,stop,-0.014886460109293363,-1.0493428236929585,0.014186460109293315,0.28244249357928014
EXC,LONG,2025-06-09,2025-07-09,40.39403533935547,39.68025898874305,42.53536439119273,41.24493408203125,zaman,0.020364960099362873,1.1524939390782805,0.017670340301876097,0.24843382859825006
EXC,LONG,2025-06-02,2025-06-04,41.512630462646484,40.89235260546493,43.37346403419115,40.89235260546493,stop,-0.015641906843019436,-1.046848103615838,0.014941906843019463,0.32731025438710365
EXC,LONG,2025-06-25,2025-07-01,40.508758544921875,40.15897557106935,41.558107466479456,41.97154755187811,hedef,0.03591043782874979,4.158828084812868,0.008634749284272382,0.21890938486117764
EXC,LONG,2025-07-15,2025-07-22,40.9676717674403,40.471912625737765,42.45494919254791,42.45494919254791,hedef,0.03610368436728304,2.983472751858188,0.012101228122427692,0.2132680585280159
EXC,LONG,2025-08-18,2025-08-18,42.962630365847964,42.32551030137657,44.873990559262154,42.32551030137657,stop,-0.015529633545385911,-1.0472027847389218,0.014829633545385962,0.23093247296023822
EXC,LONG,2025-09-16,2025-09-18,41.496459426917,41.09067661275984,42.71380786938847,41.09067661275984,stop,-0.010478733409095185,-1.0715839128356774,0.009778733409095188,0.2337150855301667
EXC,LONG,2025-12-08,2026-01-05,42.38387549345366,41.74120368070055,44.31189093171298,41.74120368070055,stop,-0.015863120532768914,-1.046164639955691,0.015163120532768894,0.33226387804178914
EXC,LONG,2025-11-07,2025-12-03,44.23587982896402,43.479223656189696,46.50584834728701,43.479223656189696,stop,-0.01780503274038866,-1.0409236281873435,0.017105032740388656,0.2808447283841904
EXC,LONG,2025-11-14,2025-12-03,44.213470458984375,43.64578073433984,45.91653963291799,43.64578073433984,stop,-0.013539745868200247,-1.0545182129915576,0.012839745868200235,0.27764840312989914
EXC,LONG,2025-11-20,2025-11-28,44.223201751708984,43.758962343273794,45.615919977014556,45.615919977014556,hedef,0.031292930636840556,2.9809481052456333,0.01049764354561348,0.27973010374056917
EXC,LONG,2026-01-09,2026-02-09,42.325835500207695,41.45848400963857,44.92788997191508,42.78315353393555,zaman,0.010104701864080225,0.4930987650658967,0.02049224735480701,0.2791991463086782
GEHC,LONG,2025-02-11,2025-02-12,86.56040122484734,85.58474717643186,89.48736337009377,85.58474717643186,stop,-0.011971366983167551,-1.0621042683682815,0.011271366983167528,0.3002270959923197
GEHC,LONG,2025-03-12,2025-03-13,83.7584945645966,81.86073434270206,89.45177523028023,81.86073434270206,stop,-0.02335752544574384,-1.0308948124841015,0.022657525445743825,0.35146645385365316
GEHC,LONG,2025-03-21,2025-03-28,80.91668037172163,79.64598068200648,84.72877944086706,79.64598068200648,stop,-0.0164038040102202,-1.0445751869766386,0.01570380401022015,0.25468768894725935
GEHC,LONG,2025-03-28,2025-03-31,80.91668037172163,79.4240268331377,85.3946409874734,79.4240268331377,stop,-0.01914679652856307,-1.0379469681316267,0.018446796528563084,0.19655059060426075
GEHC,LONG,2025-06-23,2025-06-26,69.83517463764666,68.71834980321076,73.18564914095437,73.18564914095437,hedef,0.04777689016591278,2.9874939789151616,0.015992296721970913,0.22767588465156013
GEHC,LONG,2025-07-30,2025-08-27,70.99244689941406,68.905285105271,77.25393228184323,74.11894226074219,zaman,0.043339830966214,1.4741553132740224,0.029399772585670426,0.2711273169363367
GEHC,LONG,2025-07-21,2025-07-24,74.21485137939453,73.0716566018943,77.64443571189521,77.64443571189521,hedef,0.046011563706680005,2.987016236805824,0.015403854568893347,0.2639713804034742
GEHC,LONG,2025-09-25,2025-09-29,69.71731567382812,68.50563335826398,73.35236262052057,73.35236262052057,hedef,0.05193980073040925,2.988492476158424,0.017379933576803105,0.24964444332502495
GEHC,LONG,2025-10-10,2025-10-24,71.36417388916016,69.19473596993126,77.87248764684685,77.87248764684685,hedef,0.0909986141364871,2.993420952657215,0.03039953804549574,0.25022892228464666
GEHC,LONG,2025-11-14,2025-11-17,72.94429016113281,71.59330397162176,76.99724872966596,71.59330397162176,stop,-0.019220794246221883,-1.0377953553553894,0.018520794246221876,0.30063655055938254
KHC,LONG,2025-02-12,2025-02-12,24.697374894766277,25.260784228076115,,24.697374894766277,stop,-0.0007,-0.05247635921351544,0.013339340047426783,0.22994636824506665
KHC,LONG,2025-03-12,2025-03-21,27.397668656029097,26.915709211985178,28.843546988160856,26.89835699008578,stop,-0.018924604151982792,-1.0757959832721702,0.0175912574932853,0.2993471908182197
KHC,LONG,2025-06-16,2025-06-27,23.899551391601562,23.520927501919665,25.035423060647254,23.520927501919665,stop,-0.016542301115950973,-1.0441855002550857,0.015842301115950978,0.23706255235619653
KHC,LONG,2025-06-23,2025-07-01,23.751361846923828,23.43396648800232,24.703547923688355,24.703547923688355,hedef,0.039889746554379026,2.9850335796165126,0.01336324885145971,0.25688517680898915
KHC,LONG,2025-09-15,2025-10-06,24.11109142836977,23.6965972450775,25.35457397824659,23.6965972450775,stop,-0.017891017027315846,-1.0407189405308457,0.01719101702731582,0.34327341279228113
KHC,LONG,2025-09-02,2025-09-02,25.194891562884862,24.87890211928801,26.142859893675418,24.87890211928801,stop,-0.013241806056523885,-1.0558133331710935,0.01254180605652388,0.2161093164813584
KHC,LONG,2025-10-06,2025-10-07,24.05333709716797,23.599444276176943,25.415015560141047,23.599444276176943,stop,-0.019570263995280134,-1.0370954004763806,0.01887026399528019,0.252652385080252
KHC,LONG,2025-10-29,2025-10-29,23.407548416039972,23.10564913657346,24.313246254439505,23.10564913657346,stop,-0.01359751810401618,-1.0542740079412658,0.012897518104016186,0.23288405048836747
CCEP,LONG,2025-04-04,2025-04-07,80.92864643007724,79.7882264979969,84.34990622631824,79.41514996268494,stop,-0.019401615980936558,-1.3768143433174802,0.01409167189106101,0.24576145557855286
CCEP,LONG,2025-05-12,2025-05-14,84.71719360351562,83.50091247659802,88.36603698426845,83.50091247659802,stop,-0.015056957250141188,-1.0487568492267487,0.014356957250141179,0.24545618884884438
CCEP,LONG,2025-05-09,2025-05-12,86.14393341982768,84.66687359513008,90.57511289392045,84.66687359513008,stop,-0.017846417235199273,-1.0408248551518395,0.01714641723519926,0.25562052117539774
CCEP,LONG,2025-08-06,2025-08-06,88.64309479511111,87.94839349423049,90.72719869775298,87.94839349423049,stop,-0.008537060545847984,-1.0893192027680463,0.007837060545847936,0.17516249595770314
CCEP,LONG,2025-08-18,2025-08-27,87.5327415352697,85.99013159845677,92.16057134570846,85.99013159845677,stop,-0.01832323342964589,-1.0397202932591472,0.017623233429645946,0.24363903916167653
CCEP,LONG,2025-10-07,2025-10-14,84.41596221923828,83.44117131805136,87.34033492279904,87.34033492279904,hedef,0.03444241390705025,2.982680190773955,0.011547471302350062,0.23090365821744663
CCEP,LONG,2025-09-22,2025-09-30,85.93539173310141,84.93866471617055,88.925572783894,88.925572783894,hedef,0.03459568767289165,2.9827564839171945,0.011598562557630527,0.20500359211892258
CCEP,LONG,2025-11-03,2025-11-03,84.73737892307769,83.97511985283964,87.02415613379182,83.97511985283964,stop,-0.009695546946643284,-1.0778162800052113,0.008995546946643267,0.24947809004403862
CCEP,LONG,2026-01-07,2026-01-08,83.95818328857422,83.13644974064883,86.42338393235039,86.42338393235039,hedef,0.029162243764886832,2.979565594346105,0.009787414588295639,0.23069086255239635
CCEP,LONG,2025-12-11,2025-12-15,88.2473373413086,87.36327155766831,90.89953469222944,90.89953469222944,hedef,0.029854134558905822,2.9800360246998947,0.010018044852968611,0.2406783046891937
DDOG,LONG,2025-02-13,2025-02-13,136.5500030517578,133.49851988471954,145.70445255287262,133.49851988471954,stop,-0.023047001822340728,-1.031324112539345,0.022347001822340777,0.2247336188684012
DDOG,LONG,2025-07-31,2025-07-31,143.0,140.75060850215473,149.7481744935358,140.75060850215473,stop,-0.016430010474442446,-1.0445009239591645,0.015730010474442422,0.2708400999727049
DDOG,LONG,2025-09-25,2025-09-29,134.22999572753906,131.22172594978545,143.2548050607999,143.2548050607999,hedef,0.0670339240148636,2.9910759336333324,0.02241130800495455,0.25215840056995076
DDOG,LONG,2025-12-01,2025-12-05,157.5500030517578,150.16185493584865,179.7144473994853,150.16185493584865,stop,-0.04759398903713149,-1.0149272862977332,0.04689398903713147,0.49553671989434245
IDXX,LONG,2025-01-29,2025-02-03,410.94000244140625,403.21248900917556,434.12254273809833,465.0,hedef,0.13135204467178127,6.985146002201613,0.018804480912837193,0.23835806190797015
IDXX,LONG,2025-01-28,2025-01-29,417.05999755859375,409.7422737894787,439.0131688659389,409.7422737894787,stop,-0.018245973749465093,-1.0398951924809174,0.01754597374946506,0.22017277018634657
IDXX,LONG,2025-03-12,2025-04-04,417.8599853515625,402.4838650922676,463.9883461294472,402.4838650922676,stop,-0.03749730244176971,-1.0190231335872437,0.036797302441769715,0.3354323401594849
IDXX,LONG,2025-02-27,2025-02-28,444.5299987792969,437.948236812834,464.27528467868547,437.948236812834,stop,-0.015506114288207216,-1.0472777655483576,0.01480611428820717,0.23747614250681295
IDXX,LONG,2025-03-06,2025-03-12,433.3399963378906,420.5245878439239,471.78622181979085,420.5245878439239,stop,-0.030273564873467405,-1.0236697876294245,0.02957356487346742,0.2745626010175228
IDXX,LONG,2025-03-28,2025-04-03,415.44000244140625,408.53045351395076,436.1686492237727,408.53045351395076,stop,-0.01733188158783535,-1.0420878417335537,0.01663188158783533,0.18430316965637752
IDXX,LONG,2025-07-16,2025-07-22,508.7200012207031,502.1033446759669,528.5699708549117,528.5699708549117,hedef,0.038819440137162854,2.9846230494878796,0.01300648004572093,0.24025942542666473
IDXX,LONG,2025-06-17,2025-07-01,518.5999755859375,510.992877272867,541.4212705251489,541.4212705251489,hedef,0.04380558429148949,2.986365366812855,0.014668528097163213,0.3001986017238332
IDXX,LONG,2025-07-16,2025-07-16,517.0,511.4633300275294,533.6100099174117,511.4633300275294,stop,-0.011409226252360925,-1.0653641993832865,0.010709226252360883,0.2631948923972215
IDXX,LONG,2025-09-10,2025-09-24,633.9500122070312,622.6161619665501,667.9515629284748,622.6161619665501,stop,-0.01857814499919882,-1.0391539502577778,0.017878144999198847,0.269682367002578
IDXX,LONG,2025-09-18,2025-09-24,637.1400146484375,621.8840211442493,682.907995161002,621.8840211442493,stop,-0.024644491247510412,-1.0292342816042417,0.023944491247510392,0.3223546887656191
IDXX,LONG,2025-10-01,2025-10-01,618.1699829101562,609.3914651744407,644.505536117303,609.3914651744407,stop,-0.014900815274771127,-1.0492929445567507,0.014200815274771173,0.2826497765219423
IDXX,LONG,2025-10-10,2025-11-03,616.52001953125,596.5825748742604,676.3323535022187,693.0,hedef,0.12385109006338332,3.829812585238952,0.03233868167354616,0.25923984639572906
IDXX,LONG,2026-01-02,2026-01-06,669.0,661.4515582921777,691.645325123467,691.645325123467,hedef,0.03364951438485362,2.982274487214849,0.01128317146161786,0.31222447140285753
IDXX,LONG,2025-12-16,2025-12-16,697.510009765625,688.9959470208436,723.0521979999693,688.9959470208436,stop,-0.012906366397010226,-1.0573471233971325,0.012206366397010265,0.2305957489558069
IDXX,LONG,2025-12-23,2025-12-23,692.0,683.229350324003,718.311949027991,683.229350324003,stop,-0.013374349242770221,-1.0552296600473827,0.01267434924277022,0.26412899094425213
LULU,LONG,2025-02-14,2025-02-18,370.989990234375,364.3207480812452,390.9977166937644,364.3207480812452,stop,-0.018676878968935183,-1.0389389059808234,0.017976878968935173,0.2617873738363461
LULU,LONG,2025-02-07,2025-02-10,404.5,396.62345733728864,428.1296279881341,396.62345733728864,stop,-0.020172293356517566,-1.0359485134690463,0.019472293356517574,0.27913710059574015
LULU,LONG,2025-02-24,2025-03-03,364.0,350.8786196138195,403.36414115854143,350.8786196138195,stop,-0.036747748313682625,-1.0194186886212335,0.036047748313682626,0.35987418639171803
LULU,LONG,2025-03-10,2025-03-11,337.57000732421875,326.9084874994805,369.55456679843354,326.9084874994805,stop,-0.032283137107611624,-1.0221637260926588,0.03158313710761163,0.30177760673263454
LULU,LONG,2025-03-28,2025-03-28,301.04998779296875,301.61101222869127,,301.04998779296875,stop,-0.0007,-0.037207873502686,0.018813222420503758,0.15175275783764683
LULU,LONG,2025-03-28,2025-03-28,301.04998779296875,307.8410232150194,,301.04998779296875,stop,-0.0007,-0.037207873502686,0.018813222420503758,0.17882575335122164
LULU,LONG,2025-06-06,2025-06-11,265.7099914550781,256.8381302073293,292.3255751983246,256.8381302073293,stop,-0.034089264736206736,-1.0209648222424306,0.03338926473620671,0.16012078117432887
LULU,LONG,2025-06-06,2025-06-06,271.17999267578125,308.8281509592824,,271.17999267578125,stop,-0.0007,-0.037207873502686,0.018813222420503758,0.15587721308133548
LULU,LONG,2025-07-15,2025-07-25,225.55999755859375,217.89955489612618,248.54132554599647,217.89955489612618,stop,-0.03466188484386564,-1.020611341308592,0.03396188484386563,0.28765465055521716
LULU,LONG,2025-09-02,2025-09-04,196.91000366210938,193.66880503989177,206.6335995287622,206.6335995287622,hedef,0.04918091354331675,2.9878495564997194,0.016460304514438952,0.26158676878359055
LULU,LONG,2025-11-04,2025-11-11,162.97999572753906,160.22524438522655,171.2442497544766,171.2442497544766,hedef,0.050507168018050864,2.988167353385094,0.01690238933935032,0.2246931013210175
LULU,LONG,2025-12-09,2025-12-12,182.3000030517578,177.3197473755766,197.24077008030142,204.5800018310547,hedef,0.12201611852069602,4.466344747132059,0.027319010382941294,0.22136714153033277
TEAM,LONG,2025-03-03,2025-03-04,280.20001220703125,270.6267888227711,308.91968235981165,270.1000061035156,stop,-0.036745701868324786,-1.0755150797994542,0.03416567797001654,0.25460020755715107
TEAM,LONG,2025-06-11,2025-06-12,204.3300018310547,196.57933680351226,227.58199691368196,196.57933680351226,stop,-0.038632094935088755,-1.0184540295282367,0.03793209493508875,0.26415601835137037
TEAM,LONG,2025-06-18,2025-06-18,196.82000732421875,193.5759124075644,206.5522920741818,193.5759124075644,stop,-0.017182546468512215,-1.0424691658741732,0.016482546468512202,0.3244643570661561
TEAM,LONG,2025-09-30,2025-10-01,158.0,155.26287960979238,166.21136117062287,155.26287960979238,stop,-0.018023546773465925,-1.0404074297921564,0.01732354677346596,0.23708273173767397
TEAM,LONG,2025-09-22,2025-09-23,167.75,163.96441717524564,179.10674847426307,163.96441717524564,stop,-0.023266812666195867,-1.0310190016797796,0.022566812666195868,0.20756589805040834
TEAM,LONG,2025-11-12,2025-11-14,155.0,151.13954146236804,166.58137561289587,150.3300018310547,stop,-0.030829020444808473,-1.2378058519122166,0.024906184113754556,0.25118839779117463
TEAM,LONG,2026-01-09,2026-01-13,143.5,138.27528442495048,159.17414672514855,138.27528442495048,stop,-0.037109167770379946,-1.0192259269537471,0.0364091677703799,0.2594881200075871
TEAM,LONG,2025-12-23,2026-01-02,158.91000366210938,155.78230385260395,168.29310309062566,155.78230385260395,stop,-0.020382208403668965,-1.0355651147291758,0.01968220840366893,0.26152520900446874
TEAM,LONG,2026-01-02,2026-01-02,160.83999633789062,156.92383803950682,172.58847123304204,156.92383803950682,stop,-0.02504816207130963,-1.0287496032739512,0.024348162071309614,0.3336786079451511
AZN,LONG,2025-04-07,2025-04-09,126.37778476418673,123.6166305301546,134.66124746628313,121.49957773215203,stop,-0.03930019418078209,-1.7987664072342515,0.021848414570521866,0.49012386524795104
AZN,LONG,2025-04-02,2025-04-03,142.27695335574728,140.53609444667586,147.49953008296154,148.64581232199723,hedef,0.04456381322507894,3.6421122599537847,0.012235705558851834,0.15041638461551915
AZN,LONG,2025-09-12,2025-09-15,157.53761658172095,156.50500118264983,160.6354627789343,154.82589875225003,stop,-0.017913144951093384,-2.7328608149913727,0.006554722747982295,0.20321195093363292
AZN,LONG,2025-09-12,2025-09-12,159.7941048624824,158.14788061571898,164.73277760277273,158.14788061571898,stop,-0.011002158819814777,-1.0679469237703456,0.010302158819814826,0.35300058103723797
AZN,LONG,2025-10-22,2025-10-28,165.17796260368084,163.72993039353645,169.522059234114,163.72993039353645,stop,-0.009466497584297705,-1.0798494487985468,0.008766497584297738,0.25841163246581134
AZN,LONG,2026-01-20,2026-01-21,178.4199147107749,176.35489875511203,184.61496257776346,176.35489875511203,stop,-0.012273909554941308,-1.0604808597023383,0.011573909554941348,0.2727622431466094
AZN,LONG,2026-01-20,2026-01-20,178.4199147107749,182.78783775987574,,178.4199147107749,stop,-0.0007,-0.06591954337535713,0.010619005596171693,0.2902459071745844
ZS,LONG,2025-02-21,2025-02-24,198.8800048828125,195.2743183074643,209.69706460885706,195.2743183074643,stop,-0.0188299602112982,-1.0386101233450997,0.018129960211298226,0.15016451022899746
ZS,LONG,2025-03-03,2025-03-04,193.0399932861328,187.24545875063092,210.4235968926385,187.14999389648438,stop,-0.03121180892302463,-1.0397948874122753,0.03001727484994764,0.24543148098507353
ZS,LONG,2025-07-01,2025-07-10,302.4599914550781,296.479678683553,320.4009297696535,296.479678683553,stop,-0.02047224406690936,-1.0354031640329349,0.019772244066909347,0.3095705619435492
ZS,LONG,2025-07-10,2025-07-10,306.5849914550781,299.8157850724198,326.892610603053,299.8157850724198,stop,-0.022779379523867292,-1.0317037894676009,0.022079379523867345,0.28715104768466615
ZS,LONG,2025-07-22,2025-07-23,286.2900085449219,282.5409405833759,297.53721242955976,282.5409405833759,stop,-0.013795350342824496,-1.053454087265683,0.013095350342824464,0.27638312649132646
ZS,LONG,2025-07-31,2025-08-01,283.3699951171875,278.20416859987864,298.8674746691141,278.20416859987864,stop,-0.01892997002619331,-1.0383983077862593,0.018229970026193257,0.25807028799822873
ZS,LONG,2025-08-07,2025-08-07,280.2699890136719,272.4217514023,303.8147018477875,272.4217514023,stop,-0.02870241880692056,-1.02499784053751,0.028002418806920587,0.2521754502468316
ZS,LONG,2025-11-26,2025-11-26,268.25,257.6229940149885,300.13101795503457,257.6229940149885,stop,-0.040316052134246126,-1.017669605179939,0.03961605213424612,0.3111924957960704
ZS,LONG,2025-11-05,2025-11-06,320.9599914550781,314.86514339711164,339.2445356289776,314.86514339711164,stop,-0.01968943239104467,-1.0368626078750038,0.01898943239104469,0.25640982853906424
ZS,LONG,2025-11-12,2025-11-13,315.95001220703125,307.2316183275946,342.10519384534115,307.2316183275946,stop,-0.02829421915680693,-1.0253676321124443,0.02759421915680689,0.2223218869783242
ZS,LONG,2025-12-10,2025-12-12,240.72999572753906,235.32867373067342,256.933961718136,235.32867373067342,stop,-0.023137262047638295,-1.0311981024473373,0.02243726204763832,0.3013116948084408
ZS,LONG,2026-01-08,2026-01-09,220.57000732421875,215.5776939261607,235.54694751839293,215.5776939261607,stop,-0.023333691038146386,-1.0309273462653619,0.022633691038146414,0.29125092110446404
CSGP,LONG,2025-02-12,2025-02-13,73.5199966430664,72.65364502685142,76.11905149171136,72.65364502685142,stop,-0.012483890856538636,-1.0594031299612332,0.01178389085653868,0.24330225293570973
CSGP,LONG,2025-02-11,2025-02-12,76.20999908447266,75.18142412827275,79.29572395307237,74.11000061035156,stop,-0.028255419227776267,-2.093523141410918,0.013496587961637573,0.2694084281448937
CSGP,LONG,2025-03-31,2025-04-03,78.45999908447266,76.84075778470309,83.31772298378137,76.84075778470309,stop,-0.0213377940181498,-1.0339183538407435,0.020637794018149816,0.5219296259858061
CSGP,LONG,2025-04-30,2025-04-30,77.80999755859375,76.22888035887195,82.55334915775916,76.22888035887195,stop,-0.021020231966736157,-1.0344484256452309,0.020320231966736203,0.23589619869438447
CSGP,LONG,2025-05-21,2025-05-22,74.56999969482422,73.41708902229338,78.02873171241673,73.41708902229338,stop,-0.0161607841926927,-1.045275840557354,0.015460784192692686,0.2525839240682531
CSGP,LONG,2025-09-24,2025-09-26,84.08999633789062,82.85251464466084,87.80244141757997,82.85251464466084,stop,-0.015416158248566535,-1.047566762206308,0.01471615824856657,0.21146837333862395
CSGP,LONG,2025-08-13,2025-08-14,85.01000213623047,83.71574160843801,88.89278371960785,88.89278371960785,hedef,0.04547440872610651,2.986863540947009,0.015224802908702177,0.29175079585311564
CSGP,LONG,2025-09-09,2025-09-24,87.33999633789062,84.05250292502697,97.20247657648159,84.05250292502697,stop,-0.038340182627732054,-1.0185971467493422,0.037640182627732076,0.24667639180852285
CSGP,LONG,2025-09-09,2025-09-10,87.86000061035156,86.83250170432385,90.94249732843471,86.83250170432385,stop,-0.01239472910186453,-1.0598560252146727,0.01169472910186456,0.19215675693584192
CSGP,LONG,2025-09-22,2025-09-24,86.30000305175781,84.59629811407585,91.4111178648037,84.59629811407585,stop,-0.020441655590211015,-1.0354580190501903,0.019741655590211016,0.27849045479023776
CSGP,LONG,2025-11-17,2025-11-19,67.2300033569336,65.72739708436085,71.73782217465184,65.72739708436085,stop,-0.023050233490175508,-1.0313195833192395,0.0223502334901755,0.2687788401362934
CSGP,LONG,2025-12-15,2025-12-15,65.5199966430664,64.31033818872906,69.14897200607844,64.31033818872906,stop,-0.01916243156768168,-1.0379148324766383,0.018462431567681632,0.27633032393699114
ON,LONG,2025-07-23,2025-07-24,58.93000030517578,56.979707825496035,64.78087774421502,56.060001373291016,stop,-0.049401831274769124,-1.4927247899640357,0.03309506990632839,0.27682433699233894
ON,LONG,2025-08-01,2025-08-04,55.439998626708984,53.934583473424524,59.956244086562364,53.934583473424524,stop,-0.027853953653945572,-1.0257789347702713,0.027153953653945538,0.27177034880270623
ON,LONG,2025-09-02,2025-09-02,48.150001525878906,47.79809727522634,49.205714277836606,47.79809727522634,stop,-0.008008499262734801,-1.095778897258593,0.00730849926273482,0.2484851830574834
ON,LONG,2025-09-15,2025-09-18,47.63999938964844,46.0394101760931,52.44176703031445,52.44176703031445,hedef,0.10059277292579846,2.9940471922481797,0.03359759097526617,0.2555504395754105
ON,LONG,2025-09-30,2025-10-10,48.11000061035156,46.75896193696518,52.163116630510714,46.75896193696518,stop,-0.0287822834389175,-1.024926747909323,0.028082283438917447,0.24975408148912306
ON,LONG,2025-10-07,2025-10-08,48.349998474121094,47.46034442150916,51.01896063195689,51.01896063195689,hedef,0.05500087367250559,2.9891306068168513,0.018400291224168506,0.25634709721980214
ON,LONG,2025-11-13,2025-11-17,47.83000183105469,45.736483153140796,54.11055786479636,45.736483153140796,stop,-0.04446998949965816,-1.0159926928930498,0.04376998949965811,0.26893884590828404
TTWO,LONG,2025-02-03,2025-02-07,183.27999877929688,178.52190866396532,197.55426912529154,198.0,hedef,0.08011428043836208,3.0859745959065505,0.02596077120810754,0.24228394099954043
TTWO,LONG,2025-03-03,2025-03-04,207.91000366210938,204.6790198932103,217.6029549688066,204.6790198932103,stop,-0.01624029970654991,-1.0450441763169414,0.015540299706549961,0.2785269283141932
TTWO,LONG,2025-03-31,2025-04-04,200.97999572753906,195.50812865139068,217.39559695598422,195.50812865139068,stop,-0.02792592891068809,-1.025710784829279,0.027225928910688143,0.4589891200799377
TTWO,LONG,2025-04-04,2025-04-04,205.10000610351562,199.10821823450468,223.07536971054847,199.10821823450468,stop,-0.029913981914690156,-1.0239611293675783,0.02921398191469017,0.4364819537165277
TTWO,LONG,2025-05-19,2025-06-17,225.4499969482422,217.4710216483966,249.38692284777895,237.52000427246094,zaman,0.052837402916841615,1.4929476378483733,0.03539133026325729,0.30442157358891064
TTWO,LONG,2025-05-29,2025-06-12,224.99000549316406,221.4105760196276,235.72829391377346,235.72829391377346,hedef,0.04752784638620609,2.9874287225293,0.015909282128735356,0.3938800517978313
TTWO,LONG,2025-07-24,2025-08-01,225.39999389648438,220.9078134620595,238.87653519975902,220.9078134620595,stop,-0.020629816131618593,-1.035123254292822,0.01992981613161857,0.24962692284156518
TTWO,LONG,2025-06-30,2025-07-11,238.30999755859375,234.27111939360995,250.42663205354515,234.27111939360995,stop,-0.017648001369479936,-1.0413028052535207,0.016948001369479906,0.245765230650651
TTWO,LONG,2025-07-10,2025-07-10,239.50999450683594,235.8266664039214,250.55997881557957,235.8266664039214,stop,-0.016078598753253313,-1.0455178011489425,0.01537859875325335,0.34315862532907315
TTWO,LONG,2025-08-08,2025-08-08,220.5800018310547,217.9541382072317,228.45759270252367,217.9541382072317,stop,-0.012604359425267352,-1.0588019879939348,0.011904359425267299,0.23737360651322412
TTWO,LONG,2025-11-07,2025-11-10,227.3800048828125,224.2370334818303,236.80891908575907,236.80891908575907,hedef,0.04126764887179089,2.9855308893481,0.013822549623930305,0.15556400098051185
TTWO,LONG,2025-11-07,2025-11-07,232.02999877929688,238.15704690956468,,232.02999877929688,stop,-0.0007,-0.039755071157854316,0.017607816553026158,0.2541285464719509
TTWO,LONG,2025-10-10,2025-10-10,255.39999389648438,251.1820290080259,268.0538885618598,251.1820290080259,stop,-0.017215133082454447,-1.04238536840758,0.016515133082454406,0.2779497908654508
TTWO,LONG,2025-12-11,2025-12-12,244.00999450683594,240.8974176230475,253.34772515820129,240.8974176230475,stop,-0.013455940141219279,-1.0548763942328339,0.012755940141219299,0.2536132946095276
CDW,LONG,2025-06-12,2025-06-13,170.63145446777344,166.0495145440932,184.37727423881415,166.0495145440932,stop,-0.02755284455888881,-1.0260680017889674,0.026852844558888835,0.265945654768097
CDW,LONG,2025-08-01,2025-08-01,165.98391723632812,164.39601473874146,170.74762472908813,164.39601473874146,stop,-0.010266604548354007,-1.0731712068228492,0.009566604548353988,0.1803173256195362
CDW,LONG,2025-07-31,2025-08-01,171.57855224609375,169.14843922744592,178.86889130203724,168.71777337835334,stop,-0.01737328946590718,-1.226644123725281,0.01416326800078333,0.2075913648251665
CDW,LONG,2025-08-12,2025-08-19,157.21605831149077,154.79996263721813,164.4643453343087,164.4643453343087,hedef,0.04590398645446856,2.986985940996822,0.015367995484822873,0.24904757210525855
CDW,LONG,2025-08-27,2025-09-02,160.30140686035156,158.05781862210605,167.03217157508809,158.05781862210605,stop,-0.014696060809372878,-1.050014072497541,0.013996060809372907,0.20463073499115833
CDW,LONG,2025-09-19,2025-09-25,158.47306995768335,155.96071751107422,166.01012729751073,155.57216037519808,stop,-0.019005378846133812,-1.1988129832343628,0.015853497678059717,0.17315566365950014
CDW,LONG,2025-11-03,2025-11-04,152.80844106029554,150.55936630019212,159.55566534060577,149.0940675590314,stop,-0.025007384300835232,-1.6990717595490854,0.014718262580900004,0.24493684932475832
CDW,LONG,2025-12-17,2025-12-19,140.761318929374,138.75569394703527,146.7781938763902,138.75569394703527,stop,-0.01494840998644694,-1.0491282887470164,0.014248409986446907,0.2253882980142869
DXCM,LONG,2025-03-07,2025-03-10,77.76000213623047,72.92544087286626,92.26368592632309,72.92544087286626,stop,-0.06287285404512175,-1.011258933030355,0.06217285404512169,0.4317805879016464
DXCM,LONG,2025-03-04,2025-03-04,83.87000274658203,82.52280305238695,87.91160182916728,82.52280305238695,stop,-0.016762950400344222,-1.0435785445732912,0.016062950400344254,0.2766631351089849
DXCM,LONG,2025-06-09,2025-06-11,85.44000244140625,83.51653701742704,91.21039871334388,83.51653701742704,stop,-0.023212469206661167,-1.031093879288591,0.022512469206661122,0.2484644837260198
DXCM,LONG,2025-08-01,2025-08-04,79.83999633789062,77.21397711616602,87.71805400306444,77.21397711616602,stop,-0.03359102382483877,-1.021282402266582,0.032891023824838814,0.25730855828094734
DXCM,LONG,2025-07-31,2025-07-31,83.88999938964844,82.75351977420607,87.29943823597554,82.75351977420607,stop,-0.014247259789140064,-1.0516709660031134,0.013547259789140063,0.172403196544953
DXCM,LONG,2025-09-18,2025-09-18,72.93000030517578,72.87364069362772,73.09907913981996,72.87364069362772,stop,-0.0014727905020187277,-1.9058082341481604,0.0007727905020186993,0.18662709050370097
DXCM,LONG,2025-10-08,2025-10-31,65.79000091552734,62.879911011766744,74.52027062680915,59.189998626708984,stop,-0.10101923084014838,-2.2837972396903554,0.04423301205751737,0.2970375297095733
DXCM,LONG,2025-10-14,2025-10-14,63.849998474121094,64.26372515411319,,63.849998474121094,stop,-0.0007,-0.029587928574510137,0.02365829693813195,0.27004423980689485
DXCM,LONG,2025-11-06,2025-11-07,58.220001220703125,55.72142751714615,65.71572233137405,55.72142751714615,stop,-0.043616070957904395,-1.0163109060166895,0.04291607095790444,0.3016585853280126
DXCM,LONG,2025-12-16,2026-01-07,65.26000213623047,63.43587284482731,70.73239001043996,70.73239001043996,hedef,0.08365515928709064,2.9928448051962335,0.027951719762363544,0.2225984395100119
DXCM,LONG,2026-01-05,2026-01-06,65.7300033569336,64.78748432471454,68.55756045359075,68.55756045359075,hedef,0.04281775372355721,2.9860522703287624,0.014339251241185742,0.2194770491234886
DXCM,LONG,2026-01-09,2026-01-12,66.54000091552734,64.71826483319094,72.00520916253654,72.00520916253654,hedef,0.08193417751447415,2.992694880278134,0.02737805917149141,0.26156247023166757
BIIB,LONG,2025-02-07,2025-02-11,140.75,138.7867382528051,146.63978524158472,138.7867382528051,stop,-0.01464857369232616,-1.0501843425313881,0.013948573692326154,0.2613903815106962
BIIB,LONG,2025-04-01,2025-04-04,132.14999389648438,127.508550014723,146.0743255417685,127.508550014723,stop,-0.03582254329271558,-1.0199302195790916,0.03512254329271561,0.3254811584877001
BIIB,LONG,2025-03-13,2025-03-31,139.8800048828125,137.15188740806852,148.06435730704445,137.15188740806852,stop,-0.02020326979920769,-1.0358914175523752,0.019503269799207697,0.24893756907124473
BIIB,LONG,2025-06-30,2025-07-01,124.76000213623047,122.40363012661983,131.82911816506237,131.82911816506237,hedef,0.0564617177604154,2.98941083991599,0.018887239253471803,0.25909852594222454
BIIB,LONG,2025-07-18,2025-07-21,124.94000244140625,122.98636827771925,130.80090493246723,122.98636827771925,stop,-0.01633657856180378,-1.044766826530068,0.015636578561803734,0.2401003259857016
BIIB,LONG,2025-08-07,2025-08-22,128.0,123.53922780125741,141.38231659622778,141.38231659622778,hedef,0.10434934840802954,2.994261083314857,0.03484978280267648,0.2731016574607841
BIIB,LONG,2025-12-09,2025-12-10,177.32000732421875,173.32096039739346,189.3171481046946,173.3000030517578,stop,-0.023370900667800086,-1.0362789818217486,0.02255271126575849,0.24613150749215967
BIIB,LONG,2025-12-16,2026-01-07,172.5,167.89347974202713,186.31956077391862,186.31956077391862,hedef,0.07991339579083265,2.9925106158080426,0.02670446526361087,0.23290803426602846
BIIB,LONG,2026-01-14,2026-01-14,169.91000366210938,167.28517062536253,177.78450277234992,167.28517062536253,stop,-0.016148372551193134,-1.0453122163956339,0.015448372551193102,0.27354841589815293
BIIB,LONG,2026-01-14,2026-01-14,174.6300048828125,170.33517367712034,187.514498499889,170.33517367712034,stop,-0.02529389042893434,-1.0284623533646569,0.024593890428934357,0.3031064877655345
GFS,LONG,2025-01-27,2025-02-06,40.280742407296394,39.18133599042835,43.57896165790052,39.18133599042835,stop,-0.027993598656932815,-1.025647039395524,0.027293598656932837,0.2884190566783289
GFS,LONG,2025-08-01,2025-08-01,36.64511870469479,35.90096810915309,38.87757049131988,35.90096810915309,stop,-0.02100695006171068,-1.0344709568828787,0.020306950061710682,0.21524942283623838
GFS,LONG,2025-07-22,2025-07-25,39.912200927734375,38.65579707245418,43.68141249357497,38.65579707245418,stop,-0.03217919247938902,-1.0222369109518414,0.03147919247938897,0.3281843279354623
GFS,LONG,2025-07-31,2025-07-31,38.74681156977625,38.11394562948616,40.64540939064651,38.11394562948616,stop,-0.017033368208901743,-1.0428570513471027,0.01633336820890171,0.3209488373231095
GFS,LONG,2025-08-11,2025-09-09,32.2226024488749,31.05614112680934,35.721986415071584,32.02339172363281,zaman,-0.006882328865527276,-0.19011907447012383,0.03620009662212403,0.343916052518998
GFS,LONG,2025-09-02,2025-09-05,32.411857766441784,31.921744024933247,33.882198990967396,33.882198990967396,hedef,0.04516429954496324,2.9867737404518806,0.015121433181654449,0.3084823805831365
GFS,LONG,2025-11-07,2025-11-12,32.71067428588867,31.81819024457403,35.388126409832594,36.91405692604337,hedef,0.12830186466403812,4.702426386376066,0.027284183551656654,0.2797638522070758
GFS,LONG,2025-11-04,2025-11-07,34.214725494384766,33.56850088393766,36.153399325726085,33.56850088393766,stop,-0.01958732413045846,-1.037061893742329,0.01888732413045848,0.3097725819244254
WBD,LONG,2025-02-10,2025-02-11,10.0600004196167,9.837797666598084,10.726608678672546,9.829999923706055,stop,-0.02356287140328047,-1.0667846954376705,0.022087747887696605,0.2715717425139931
WBD,LONG,2025-05-22,2025-05-28,8.949999809265137,8.709563717458984,9.671308084683595,9.671308084683595,hedef,0.08039310511624273,2.992555194403605,0.02686436837208094,0.3053346261368913
WBD,LONG,2025-09-02,2025-09-03,11.300000190734863,11.172025606607624,11.68392394311658,11.68392394311658,hedef,0.033775552734636595,2.982340243154053,0.011325184244878902,0.20390809266313112
WBD,LONG,2026-01-20,2026-01-29,28.290000915527344,27.889281795769318,29.492158274801422,27.889281795769318,stop,-0.014864690943438084,-1.049418656770923,0.014164690943438116,0.3758245656084205
MDB,LONG,2025-03-06,2025-03-06,207.08999633789062,226.07182795594204,,207.08999633789062,stop,-0.0007,-0.022235355832142496,0.031481394104253976,0.24581908568743482
MDB,LONG,2025-03-06,2025-03-06,207.08999633789062,231.97183711121548,,207.08999633789062,stop,-0.0007,-0.022235355832142496,0.031481394104253976,0.22525913314831972
MDB,LONG,2025-03-03,2025-03-04,259.7099914550781,249.8301331186632,289.34956646432283,249.8301331186632,stop,-0.03874188772661765,-1.0184007693054153,0.03804188772661765,0.24954103707324457
MDB,LONG,2025-03-28,2025-04-03,180.32000732421875,170.19424364884733,210.697298350333,170.19424364884733,stop,-0.05685441029327994,-1.012465628190985,0.0561544102932799,0.18746740081683527
MDB,LONG,2025-08-11,2025-08-18,200.47999572753906,193.21110417700444,222.28667037914292,222.97999572753906,hedef,0.11203064884028865,3.0898664321388307,0.03625744066960853,0.26891341799535096
MDB,LONG,2025-09-17,2025-10-15,311.6000061035156,302.71461363342206,338.2561835137963,317.8299865722656,zaman,0.01929351844261632,0.6766004410848755,0.02851537964072368,0.22351016762997858
MDB,LONG,2025-09-24,2025-10-22,315.3800048828125,303.3382212522859,351.5053557743923,325.1000061035156,zaman,0.030119966612388284,0.7888561619064532,0.03818182333721831,0.2720434009118842
MDB,LONG,2025-10-14,2025-10-21,310.3800048828125,303.3204105538392,331.5587878697323,331.5587878697323,hedef,0.06803501080527427,2.9912068600426753,0.02274500360175813,0.3053978284734783
MDB,LONG,2025-10-13,2025-10-14,318.4599914550781,307.9381226346409,350.02559791638987,307.9381226346409,stop,-0.03373984520115599,-1.0211865399410371,0.033039845201156014,0.2659538604413118
MDB,LONG,2025-11-21,2025-12-02,312.32000732421875,303.3018106365271,339.37459738729376,406.82000732421875,hedef,0.30237427569121356,10.471886926953655,0.028874860643589507,0.23220276594888947
MDB,LONG,2025-11-17,2025-11-20,335.5,326.21067937553005,363.36796187340985,326.21067937553005,stop,-0.02838798993880761,-1.025281719675103,0.027687989938807604,0.24999163038017658
MDB,LONG,2025-11-14,2025-11-17,338.9800109863281,335.2941931736477,350.0374644243693,335.2941931736477,stop,-0.011573260054348965,-1.0643781162688255,0.010873260054348915,0.27751877979806583
MCHP,LONG,2025-01-30,2025-02-03,52.262958307654586,51.43907849651366,54.734597741077366,50.51863044626339,stop,-0.034075987848275334,-2.1616161825112727,0.015764125067146435,0.2404918750568172
MCHP,LONG,2025-02-07,2025-02-07,49.81327438354492,48.49508833185444,53.76783253861637,48.49508833185444,stop,-0.027162545737124365,-1.0264524814412692,0.026462545737124345,0.22204154094337406
MCHP,LONG,2025-03-11,2025-03-28,49.460601806640625,47.174867280149115,56.317805386115154,47.174867280149115,stop,-0.04691323726361581,-1.0151471751698964,0.04621323726361584,0.4185870586926928
MCHP,LONG,2025-03-20,2025-03-21,49.84147262573242,48.44572175865685,54.02872522695913,48.44572175865685,stop,-0.028703804734191617,-1.024996603377443,0.02800380473419167,0.20446831402027318
MCHP,LONG,2025-07-23,2025-07-23,68.42123355588036,69.20721189350816,,68.42123355588036,stop,-0.0007,-0.03581566272267415,0.019544521775855472,0.15499337527723883
MCHP,LONG,2025-07-31,2025-08-01,65.58567417172941,64.00456090349756,70.32901397642495,64.00456090349756,stop,-0.024807601060741723,-1.0290364851416056,0.024107601060741737,0.2537458557393379
MCHP,LONG,2025-08-07,2025-08-08,64.22111511230469,61.99680048706971,70.89405898800962,59.59518536243854,stop,-0.07273128973666518,-2.0999207924334584,0.034635253862304836,0.33148023921358977
MCHP,LONG,2025-09-02,2025-09-02,61.65511315359247,61.062393145475276,63.43327317794404,61.062393145475276,stop,-0.01031347693322101,-1.0728144463093332,0.009613476933220977,0.26273178388470786
MCHP,LONG,2025-09-15,2025-10-10,61.664859771728516,59.017213264575226,69.60779929318838,59.017213264575226,stop,-0.0436360662937428,-1.0163033100240484,0.04293606629374282,0.2809477570656615
MCHP,LONG,2025-09-30,2025-10-03,61.55767059326172,60.19575295241019,65.64342351581631,65.64342351581631,hedef,0.06617276692211013,2.9909601478464203,0.022124255640703364,0.23355045596320428
MCHP,LONG,2025-10-10,2025-10-10,62.346995624145315,60.8847215104123,66.73381796534437,60.8847215104123,stop,-0.02415380237001693,-1.029845906815299,0.023453802370016964,0.27562367277451355
MCHP,LONG,2025-11-13,2025-11-17,53.64492112623211,50.84717103926814,62.03817138712403,50.84717103926814,stop,-0.05285312145544171,-1.0134220154127895,0.05215312145544168,0.37136063775344164
PLTR,LONG,2025-04-04,2025-04-07,74.06999969482422,71.12590609040609,82.9022805080786,66.6500015258789,stop,-0.10087548534516597,-2.537910872643068,0.0397474499331455,0.4503762586397434
PLTR,LONG,2025-06-27,2025-06-27,137.3000030517578,134.4228757914975,145.93138483253878,134.4228757914975,stop,-0.02165504148805982,-1.033404849157606,0.02095504148805981,0.2974051903149073
PLTR,LONG,2025-08-20,2025-08-20,149.07000732421875,143.25061746615458,166.52817689841126,143.25061746615458,stop,-0.03973796586933361,-1.017931262154974,0.03903796586933366,0.29179033017898826
PLTR,LONG,2025-08-20,2025-08-20,152.3000030517578,149.2466196634202,161.46015321677064,149.2466196634202,stop,-0.020748478838834537,-1.0349153671770868,0.020048478838834573,0.27968182490536214
PLTR,LONG,2025-09-02,2025-09-19,151.1999969482422,140.46413345554245,183.4075874263414,183.4075874263414,hedef,0.21281316883706222,2.9971832727371943,0.07100438961235407,0.45909581463768595
PLTR,LONG,2025-11-21,2025-12-03,153.11000061035156,145.47226333051887,176.02321244984964,176.02321244984964,hedef,0.14945196099639332,2.995990697375398,0.049883986998797744,0.34093304151394155
PLTR,LONG,2025-11-14,2025-11-20,166.97500610351562,158.7902159589323,191.52937653726562,158.7902159589323,stop,-0.04971805566941675,-1.0142804521811488,0.049018055669416756,0.3565303302426579
PLTR,LONG,2025-10-22,2025-10-29,176.0,168.9662110736326,197.10136677910222,197.10136677910222,hedef,0.11969412942671706,2.9949955848308067,0.03996470980890572,0.30216250880429896
PLTR,LONG,2025-11-06,2025-11-14,175.44500732421875,167.25519001378544,200.0144592555187,166.97500610351562,stop,-0.048977242823164145,-1.0492068870551448,0.046680252891429956,0.29243905006662785
PLTR,LONG,2025-11-13,2025-11-14,173.14999389648438,166.4979046198733,193.10626172631757,166.4979046198733,stop,-0.039118073988428446,-1.0182205906576909,0.03841807398842841,0.28696562360722905
APP,LONG,2025-02-26,2025-02-26,328.4700012207031,321.89983977389704,348.1804855611214,321.89983977389704,stop,-0.020702318088072512,-1.0349959438160006,0.02000231808807255,0.22627102947407451
APP,LONG,2025-03-04,2025-03-06,320.489990234375,279.5877715145713,443.1966463937862,279.5877715145713,stop,-0.12832401312406624,-1.005484861217454,0.1276240131240662,0.30225777031635204
APP,LONG,2025-04-04,2025-04-04,243.3800048828125,236.03826502790466,265.40522444753606,236.03826502790466,stop,-0.03086574783307646,-1.0232051266845255,0.030165747833076472,0.4466519671915694
APP,LONG,2025-10-20,2025-10-20,569.8900146484375,553.7442417513755,618.3273333396235,553.7442417513755,stop,-0.029031384095266587,-1.0247075821515175,0.028331384095266594,0.3319686711914483
APP,LONG,2025-11-13,2025-11-13,579.4400024414062,567.2411711191443,616.0364964081922,567.2411711191443,stop,-0.021752794544497377,-1.0332497426182772,0.02105279454449737,0.3389467256177558
APP,LONG,2026-01-22,2026-01-30,520.260009765625,479.7054953252302,641.9235530868095,479.7054953252302,stop,-0.07865047414592649,-1.008980060835673,0.07795047414592651,0.3736563154034681
APP,LONG,2026-01-14,2026-01-16,617.239990234375,586.9994751682729,707.9615354326814,586.9994751682729,stop,-0.04969312349256468,-1.0142877193797664,0.048993123492564676,0.2899026799491912
AXON,LONG,2025-02-19,2025-02-20,597.7899780273438,581.783278860853,645.810075526816,581.0,stop,-0.028786750605537557,-1.07507680584064,0.02677645955074642,0.2001931059382696
AXON,LONG,2025-03-06,2025-03-20,496.6499938964844,471.5890518563985,571.8328200167421,571.8328200167421,hedef,0.1511798994144917,2.99603646189276,0.05045996647149717,0.2656131292199897
AXON,LONG,2025-04-04,2025-04-04,511.260009765625,500.43132856263946,543.7460533745816,500.43132856263946,stop,-0.02188037983833254,-1.0330494545113467,0.021180379838332528,0.5642250814543284
AXON,LONG,2025-06-18,2025-06-30,762.6599731445312,741.5527446378818,825.9816586644796,825.9816586644796,hedef,0.0828274142470937,2.9927734712029648,0.02767580474903123,0.37620159724630353
AXON,LONG,2025-07-01,2025-07-10,773.47998046875,752.9361918623811,835.1113462878568,752.9361918623811,stop,-0.027260207277658065,-1.0263552160072484,0.026560207277658093,0.3444534235090024
AXON,LONG,2025-07-10,2025-07-10,774.5499877929688,750.5018760779657,846.694322937978,750.5018760779657,stop,-0.03174784984055919,-1.0225458446750644,0.031047849840559225,0.3086164262074466
AXON,LONG,2025-09-24,2025-10-15,705.219970703125,689.1232985458398,753.5099871749806,689.1232985458398,stop,-0.023525037330177044,-1.0306680768961782,0.022825037330177034,0.3622390329708608
AXON,LONG,2025-08-20,2025-09-03,749.8300170898438,723.2208242435529,829.6575956287163,723.2208242435529,stop,-0.03618696669888396,-1.0197255518044048,0.03548696669888393,0.27438076101521225
AXON,LONG,2025-09-24,2025-09-24,725.780029296875,703.1633376083398,793.6301043624806,703.1633376083398,stop,-0.0318619096359621,-1.022463321669867,0.031161909635962156,0.22695974815944553
AXON,LONG,2025-10-07,2025-10-14,708.6400146484375,690.8240546890287,762.087894526664,690.8240546890287,stop,-0.02584105835280478,-1.0278429010496244,0.0251410583528048,0.29245517679207966
AXON,LONG,2025-12-15,2025-12-19,546.6500244140625,534.7653238063616,582.3041262371652,582.3041262371652,hedef,0.06502290355940119,2.9908007775297305,0.021740967853133713,0.2327137243070125
MSTR,LONG,2025-01-31,2025-02-03,335.92999267578125,315.34415050535415,397.68751918706255,310.0,stop,-0.07788867990690926,-1.271026147681353,0.06128015544683822,0.36919612404779406
MSTR,LONG,2025-04-08,2025-04-09,239.27000427246094,224.53311368788846,283.48067602617834,283.48067602617834,hedef,0.18457314734100125,2.996752774910021,0.0615910491136671,0.3815852641581156
MSTR,LONG,2025-04-04,2025-04-04,281.8699951171875,266.29117978567035,328.60644111173895,266.29117978567035,stop,-0.05596950580546985,-1.012665211852333,0.05526950580546983,0.426778594469855
MSTR,LONG,2025-05-23,2025-05-23,391.510009765625,383.59238160062506,415.2628942606248,383.59238160062506,stop,-0.020923309666436817,-1.0346135232830722,0.020223309666436824,0.26165233018556994
MSTR,LONG,2025-06-23,2025-06-25,362.4800109863281,354.56003745884914,386.2399315687651,386.2399315687651,hedef,0.0653482229703781,2.990846433773325,0.021849407656792722,0.19179050052562568
MSTR,LONG,2025-08-29,2025-09-04,334.6000061035156,321.3461511888109,374.3615708476298,321.3461511888109,stop,-0.04031104205899024,-1.0176718400631213,0.039611042058990194,0.2969598205399275
MSTR,LONG,2025-09-10,2025-09-25,327.5899963378906,313.8785051974229,368.7244697592938,313.8785051974229,stop,-0.04255564667342623,-1.0167241472927586,0.041855646673426186,0.3572224725937919
MSTR,LONG,2025-09-23,2025-09-25,327.7900085449219,316.59349483924683,361.379549661947,316.59349483924683,stop,-0.03485758081027853,-1.020493254598095,0.03415758081027849,0.25311380131314165
MSTR,LONG,2025-10-13,2025-10-16,300.70001220703125,288.2077362847429,338.1768399738963,288.2077362847429,stop,-0.0422439820923168,-1.0168496125009037,0.04154398209231678,0.28424016277127573
MSTR,LONG,2025-12-01,2025-12-01,168.25999450683594,162.11008339676354,186.70972783705312,162.11008339676354,stop,-0.03725004939289086,-1.0191518209038637,0.03655004939289084,0.38324958064420245
MSTR,LONG,2025-12-15,2025-12-31,168.25999450683594,152.15125646808406,216.58620862309158,152.15125646808406,stop,-0.09643718390973463,-1.0073116836260825,0.09573718390973457,0.3232627174142344
SHOP,LONG,2025-03-04,2025-03-07,101.0,97.52697901786385,111.41906294640845,97.52697901786385,stop,-0.03508634635778359,-1.02035691703668,0.03438634635778365,0.26583696725697564
SHOP,LONG,2025-03-04,2025-03-04,103.61000061035156,100.99697260917245,111.44908461388891,100.99697260917245,stop,-0.025919843507249705,-1.0277559216336427,0.025219843507249748,0.27109306930674315
SHOP,LONG,2025-02-21,2025-02-24,119.05000305175781,113.3496412824931,136.15108835955198,113.3496412824931,stop,-0.048582079992777825,-1.014619247954674,0.04788207999277787,0.2429938543230059
SHOP,LONG,2025-03-03,2025-03-03,110.94999694824219,105.55980108032949,127.12058455198027,105.55980108032949,stop,-0.049282208347668575,-1.014408566917967,0.048582208347668576,0.3284302721658981
SHOP,LONG,2025-05-06,2025-05-08,95.0,90.94324690060336,107.17025929818993,89.68499755859375,stop,-0.056647394120065774,-1.3265540962319429,0.042702664204175206,0.25334272915839734
SHOP,LONG,2025-07-31,2025-08-01,122.08000183105469,117.79064363916538,134.9480764067226,117.79064363916538,stop,-0.03583563341705472,-1.0199227943805969,0.03513563341705472,0.2830714856524921
SHOP,LONG,2025-09-02,2025-09-02,136.25999450683594,133.50050854806457,144.53845238315003,133.50050854806457,stop,-0.020951622413157588,-1.0345651319049498,0.020251622413157557,0.27110731773913777
SHOP,LONG,2025-11-18,2025-11-20,136.9499969482422,131.52361412024925,153.229145432221,154.48500061035156,hedef,0.12783946004275124,3.2263874882552783,0.039623095647411684,0.3321960329360501
SHOP,LONG,2025-11-07,2025-11-14,148.4199981689453,143.33053127396343,163.68839885389096,142.3300018310547,stop,-0.041732181734421246,-1.2170017930003538,0.03429097802028391,0.2623807993805269
SHOP,LONG,2025-11-13,2025-11-13,152.41000366210938,145.12648667977786,174.26055460910393,145.12648667977786,stop,-0.04848896927578957,-1.0146477316964155,0.047788969275789565,0.2762140090202306
ARM,LONG,2025-02-25,2025-02-27,137.0,132.51005498970216,150.46983503089353,132.51005498970216,stop,-0.03347332124304999,-1.02135883619511,0.03277332124304996,0.20705878011987605
ARM,LONG,2025-02-21,2025-02-24,145.9600067138672,140.17346249243414,163.31963937816633,140.17346249243414,stop,-0.040344724275579856,-1.0176568260415724,0.03964472427557984,0.24833539267137567
ARM,LONG,2025-03-27,2025-03-28,112.05000305175781,108.15520886037868,123.73438562589521,108.15520886037868,stop,-0.03545942958769984,-1.0201384202302228,0.0347594295876999,0.2408269306593987
ARM,LONG,2025-07-31,2025-07-31,144.5399932861328,139.29579111473234,160.27259980033423,139.29579111473234,stop,-0.03698201477094994,-1.0192933056341869,0.03628201477094992,0.24986296295426721
ARM,LONG,2025-07-31,2025-07-31,148.35000610351562,151.8357996596542,,148.35000610351562,stop,-0.0007,-0.020298352713364783,0.03448555702449234,0.256284977763511
ARM,LONG,2025-09-02,2025-09-10,130.88999938964844,125.74230192421146,146.33309178595937,146.33309178595937,hedef,0.11778527365210054,2.99491461958406,0.039328424550700146,0.29590678625686784
ARM,LONG,2025-11-13,2025-11-14,139.6199951171875,135.6194367667524,151.62167016849284,135.6194367667524,stop,-0.029353190734445388,-1.0244300890077993,0.028653190734445434,0.2308777732252398
ARM,LONG,2025-11-04,2025-11-05,162.0,158.95275863234303,171.1417241029709,158.74000549316406,stop,-0.020823422881703323,-1.1070322628987388,0.018810131899117073,0.2645975492088613
ARM,LONG,2025-11-13,2025-11-13,146.9949951171875,144.2894349356977,155.1116756616569,144.2894349356977,stop,-0.01910579796157593,-1.0380314942857283,0.018405797961575984,0.28791664805460776
ARM,LONG,2025-12-12,2025-12-15,131.57000732421875,123.72137866859167,155.1158932911,123.72137866859167,stop,-0.06035363090910425,-1.0117344072662846,0.059653630909104194,0.2786832614377546
AVGO,LONG,2026-02-27,2026-03-26,308.9970247217124,289.9903245221756,366.0171253203228,308.3695373535156,zaman,-0.00323072301023588,-0.05252273079401706,0.06151094890526706,0.5037023094823895
TSLA,LONG,2026-02-06,2026-03-06,400.8699951171875,379.679862448215,464.44039312410507,396.7300109863281,zaman,-0.011527498144751645,-0.21807452540239555,0.0528603610324538,0.4147503023761614
AMD,LONG,2026-07-29,2026-07-29,452.67999267578125,427.5856786683591,527.9629346980478,427.5856786683591,stop,-0.056634996936997826,-1.0216469751295152,0.05543499693699788,0.4541189385004393
AMD,LONG,2026-08-24,2026-08-24,468.5400085449219,456.1100262943765,505.829955296558,456.1100262943765,stop,-0.027729180056890755,-1.0452332110312728,0.026529180056890783,0.3913311730859058
PEP,LONG,2026-04-22,2026-05-05,151.84325384484694,149.362312906693,159.28607665930875,149.362312906693,stop,-0.017538828860246623,-1.0734446764981855,0.016338828860246596,0.42367280048939154
PEP,LONG,2026-05-07,2026-05-11,151.77471648515746,149.50032227260044,158.5978991228285,149.50032227260044,stop,-0.016185330002441066,-1.0800783165805858,0.014985330002441042,0.39100338786653743
ADBE,LONG,2026-02-23,2026-02-23,254.13999938964844,248.72999203261858,270.37002146073803,248.72999203261858,stop,-0.022487508341948258,-1.056371087716047,0.021287508341948213,0.46365892235931644
INTU,LONG,2026-04-10,2026-04-10,358.2032796926228,341.224011344369,409.14108473738423,341.224011344369,stop,-0.04860120850603002,-1.025315810246638,0.047401208506030044,0.40987495420715453
TXN,LONG,2026-07-20,2026-07-29,286.8413470555714,270.7751975088922,335.03979569560914,270.7751975088922,stop,-0.057210577664616256,-1.021424524617214,0.056010577664616305,0.4843367528033506
TXN,LONG,2026-07-24,2026-07-27,279.6780278104466,274.2541049657042,295.9497963446739,274.2541049657042,stop,-0.020593453562317475,-1.061876550050459,0.019393453562317486,0.40069979776125164
AMGN,LONG,2026-04-08,2026-04-29,341.0267365748649,329.34919680932546,376.05935587148326,329.34919680932546,stop,-0.03544229983497473,-1.03504437510866,0.03424229983497468,0.4757014556852829
AMGN,LONG,2026-04-24,2026-04-27,341.41155694657334,337.77705033128314,352.31507679244396,337.77705033128314,stop,-0.011845528955714134,-1.1127233794574234,0.010645528955714178,0.39590414181088923
ISRG,LONG,2026-02-13,2026-03-13,480.5,462.2973510937496,535.1079467187511,462.2973510937496,stop,-0.039082724050468996,-1.031676708316996,0.03788272405046904,0.3868065744310032
ISRG,LONG,2026-04-08,2026-05-05,469.989990234375,445.415671624558,543.7129460638259,445.415671624558,stop,-0.05348689784980789,-1.0229503001583091,0.052286897849807945,0.44297082044926833
BKNG,LONG,2026-07-24,2026-07-28,174.17936039597083,168.39855480979293,191.52177715450455,191.52177715450455,hedef,0.09886642807223725,2.97890855340842,0.03318880935741241,0.4168517988210452
HON,LONG,2026-04-08,2026-04-22,238.69172166989603,229.68423046060715,265.71419529776267,229.68423046060715,stop,-0.038936923368234753,-1.0317990947033633,0.0377369233682347,0.47630970449914706
HON,LONG,2026-08-07,2026-08-11,239.83037840040038,234.80647560381234,254.90208679016447,234.80647560381234,stop,-0.02214773326922139,-1.0572854343989153,0.020947733269221433,0.528830467431195
VRTX,LONG,2026-03-20,2026-03-24,454.6199951171875,447.03728792969883,477.3681166796535,447.0199890136719,stop,-0.017917271974710623,-1.0742271719388399,0.016679220599468067,0.3957991689030027
VRTX,LONG,2026-04-17,2026-04-29,441.54998779296875,422.2526115524503,499.4421165145242,422.2526115524503,stop,-0.04490371820634389,-1.0274576180071069,0.043703718206343854,0.3816573176926797
ADP,LONG,2026-02-03,2026-02-03,238.7976391930839,239.03643728133292,,238.7976391930839,stop,-0.0012000000000000001,-0.07004208860567082,0.017132555922994626,0.45203124635196584
GILD,LONG,2026-04-14,2026-04-20,136.58796221876673,134.70893958393492,142.22503012326217,134.70893958393492,stop,-0.014956868499306462,-1.0872291539357595,0.01375686849930646,0.3843724939089645
GILD,LONG,2026-08-06,2026-09-02,133.23956505755424,126.54113246101365,153.33486284717605,148.77207946777344,zaman,0.11537584144401677,2.29495881470679,0.05027359998996649,0.4832291721228732
SBUX,LONG,2026-04-29,2026-05-27,100.82644016934796,93.80502235707033,121.89069360618086,101.51683807373047,zaman,0.005647389466720477,0.08109561222572968,0.06963865629377045,0.40603580187015526
SBUX,LONG,2026-07-24,2026-08-20,103.29661461908582,98.84041914138707,116.66520105218204,103.98999786376953,zaman,0.005512545684489424,0.1277832873334522,0.04313980176534637,0.4423225586204222
SBUX,LONG,2026-08-05,2026-09-01,105.3846167603635,100.58349517550694,119.78798151493318,106.1500015258789,zaman,0.00606277505241435,0.13307790984053317,0.04555808743674554,0.3865396548875419
ADI,LONG,2026-07-20,2026-07-24,380.9393768915847,365.8224796240566,426.29006869416895,365.8224796240566,stop,-0.04088320993980723,-1.030239489240418,0.03968320993980718,0.3874286044271669
MELI,LONG,2026-03-05,2026-03-12,1769.699951171875,1631.511622868981,2184.264936080557,1631.511622868981,stop,-0.07928573889115345,-1.0153677229291864,0.07808573889115342,0.3891338922724092
MELI,LONG,2026-08-14,2026-09-11,1837.27001953125,1749.6796646870089,2100.0410840639734,1897.3699951171875,zaman,0.031511563867607874,0.6609774748081939,0.0476741871979103,0.3875806734672898
MDLZ,LONG,2026-04-17,2026-04-21,56.36489404610426,55.22476990257297,59.785266476698126,55.22476990257297,stop,-0.021427557646053773,-1.0593250070521532,0.020227557646053797,0.5228465937490832
SNPS,LONG,2026-03-02,2026-03-26,413.3699951171875,400.7072535013086,451.3582199648241,400.7072535013086,stop,-0.031832948122635395,-1.0391735067482206,0.030632948122635444,0.4100516916819649
SNPS,LONG,2026-08-03,2026-08-28,394.2200012207031,361.85144070505356,491.3256827676518,442.6099853515625,zaman,0.12154867835477576,1.4803537558065847,0.08210785960991386,0.41213190017071716
CDNS,LONG,2026-07-20,2026-08-14,333.0199890136719,311.4539330596995,397.71815687558893,324.82000732421875,zaman,-0.025823091586002288,-0.39875653177490356,0.06475904349719673,0.42791932941910443
PYPL,LONG,2026-02-17,2026-02-24,40.14591782071148,38.08459826158825,46.329876498081184,46.329876498081184,hedef,0.15333704817478014,2.9863669161095747,0.05134568272492674,0.48598349340678
CRWD,LONG,2026-06-26,2026-07-02,171.5500030517578,163.2174677654596,196.54760891065249,196.54760891065249,hedef,0.14501614931042997,2.9855884196093703,0.04857204977014335,0.39056035290251623
ORLY,LONG,2026-09-01,2026-09-02,89.2300033569336,86.66251595309191,96.93246556845864,86.66251595309191,stop,-0.029973812700323864,-1.0417045878659812,0.02877381270032392,0.4102009222993424
FTNT,LONG,2026-03-18,2026-03-20,82.44000244140625,80.8865843963075,87.1002565767025,80.8865843963075,stop,-0.02004301308946268,-1.0636840824926812,0.018843013089462665,0.40129254897860156
FTNT,LONG,2026-09-29,2026-10-02,174.5,164.38569923859237,204.8429022842229,180.9499969482422,zaman,0.0357627332277489,0.6170072549210671,0.057961608947894754,0.3843181645914875
ADSK,LONG,2026-02-26,2026-03-25,228.42999267578125,213.77656958181205,272.39026195768884,235.4199981689453,zaman,0.029400208892381353,0.45831540240704044,0.06414841992648188,0.5148693723205687
DASH,LONG,2026-03-16,2026-03-20,163.47999572753906,155.85476584333506,186.35568538015107,155.85476584333506,stop,-0.04784319845537834,-1.025727223684028,0.046643198455378315,0.44505107589481235
DASH,LONG,2026-04-06,2026-05-01,156.4600067138672,141.42360604113838,201.5692087320536,175.83999633789062,zaman,0.12266545310243657,1.2763850893369273,0.09610379667327544,0.4263325448227738
ROP,LONG,2026-02-09,2026-02-11,354.5184022877593,340.08067554653246,397.8315825114397,340.08067554653246,stop,-0.041924900733101754,-1.0294660018415878,0.0407249007331017,0.40719896306551107
NXPI,LONG,2026-03-03,2026-03-06,215.646804448149,202.10524688061068,256.271477150764,199.93326002046678,stop,-0.07406704047339799,-1.179503946525965,0.06279507643153742,0.4101376175004446
CHTR,LONG,2026-03-02,2026-03-10,231.4600067138672,220.87002686318408,263.2299462659165,220.87002686318408,stop,-0.04695295750239272,-1.0262278127034128,0.045752957502392756,0.3897038510760963
CPRT,LONG,2026-04-01,2026-04-29,33.130001068115234,31.985585243370796,36.563248542348546,33.33000183105469,zaman,0.004836847464274242,0.1400231962831348,0.03454318707661739,0.4037857792970189
CPRT,LONG,2026-05-14,2026-05-22,32.900001525878906,32.24577470429915,34.86268199061817,34.86268199061817,hedef,0.05895593841068473,2.964798139867601,0.019885312803561567,0.38180155078670897
CPRT,LONG,2026-08-13,2026-08-17,29.18000030517578,28.31503616306292,31.774892731514363,31.774892731514363,hedef,0.08822708701851237,2.9763851479857584,0.029642362339504097,0.4138602364227616
FANG,LONG,2026-06-16,2026-06-18,185.63766557242676,182.68858231526218,194.48491534392048,181.99770311568673,stop,-0.020807887470012852,-1.3098062409878497,0.015886233260210793,0.4183898004375477
KDP,LONG,2026-01-30,2026-02-03,26.207134140610187,25.807447918376965,27.40619280730985,27.40619280730985,hedef,0.04505313959421523,2.9541015104400463,0.0152510465314051,0.4586282444811612
KDP,LONG,2026-07-10,2026-08-06,30.38964593186054,29.180510412266372,34.01705249064304,30.15137481689453,zaman,-0.00904053606614099,-0.22721910458511144,0.03978774620491737,0.41277898003532104
ODFL,LONG,2026-03-09,2026-03-09,190.23304431997872,185.71234064916402,203.7951553324228,185.71234064916402,stop,-0.024964029466987413,-1.0504964867876054,0.023764029466987417,0.3840477031059611
ODFL,LONG,2026-06-17,2026-06-17,230.5718766402614,220.92972381938782,259.49833510288215,220.92972381938782,stop,-0.04301842539243097,-1.0286954850341439,0.041818425392431004,0.3968173085806529
ODFL,LONG,2026-08-10,2026-08-20,214.92618697193458,202.9022537622296,250.99798660104952,202.9022537622296,stop,-0.057144477399932135,-1.0214498384071324,0.055944477399932115,0.3906082632800974
FAST,LONG,2026-05-01,2026-05-11,44.75441070656671,42.768782378864074,50.711295689674614,42.768782378864074,stop,-0.045567209764450965,-1.0270470017468059,0.04436720976445096,0.38105526063110257
FAST,LONG,2026-05-20,2026-06-03,43.33221197286316,42.4886269207709,45.86296712913996,45.86296712913996,hedef,0.05770355340875947,2.9640432837142265,0.01946785113625313,0.40334236408691976
BKR,LONG,2026-03-13,2026-03-13,55.48962493613145,53.98685859415786,59.99792396205222,53.98685859415786,stop,-0.028281933671443514,-1.044309982239759,0.027081933671443518,0.41127002571815297
BKR,LONG,2026-04-17,2026-04-17,59.27300575302969,58.292996103765674,62.21303470082175,58.292996103765674,stop,-0.017733827444948246,-1.0725784760966899,0.016533827444948274,0.49016478492193405
VRSK,LONG,2026-04-14,2026-04-16,166.13029229868266,161.65653304211426,179.55157006838786,179.55157006838786,hedef,0.08008766120254177,2.9740059314907636,0.026929220400847238,0.5178504151234523
XEL,LONG,2026-05-14,2026-05-15,78.46103104882879,76.6359261191551,83.93634583784984,76.6359261191551,stop,-0.024461291691895613,-1.0515878488561357,0.023261291691895617,0.417132580628924
EXC,LONG,2026-03-10,2026-03-20,47.98749572690658,46.60674807266206,52.12973868964015,46.60674807266206,stop,-0.029973071678969475,-1.0417056619254565,0.028773071678969444,0.4005670312845893
EXC,LONG,2026-08-06,2026-08-10,45.67509734151352,44.06497720384459,50.50545775452031,44.06497720384459,stop,-0.03645159729009508,-1.0340410106845608,0.035251597290095124,0.4981947569014894
GEHC,LONG,2026-03-20,2026-03-30,69.79659043928501,68.52275341391812,73.61810151538567,68.52275341391812,stop,-0.019450705619710427,-1.0657508824592512,0.01825070561971045,0.45712024537981455
KHC,LONG,2026-08-07,2026-08-12,24.50326203107454,23.906265588470916,26.29425135888542,23.906265588470916,stop,-0.02556395782106593,-1.049253081490827,0.024363957821065898,0.3986993320003072
KHC,LONG,2026-08-27,2026-09-23,24.217825387099925,23.544712789675412,26.237163179373464,23.544712789675412,stop,-0.028994097391711236,-1.0431746346387138,0.027794097391711275,0.38624693528907095
CCEP,LONG,2026-06-02,2026-06-04,89.58000183105469,88.24970833548362,93.5708823177679,94.11000061035156,hedef,0.04986930884909239,3.3581257014997314,0.01485034012479666,0.4031294565706344
DDOG,LONG,2026-04-13,2026-04-21,105.33000183105469,96.2319520659383,132.62415112640383,132.62415112640383,hedef,0.2584298663331263,2.991895955376674,0.08637662211104212,0.39376637155806743
DDOG,LONG,2026-06-29,2026-07-27,245.0,216.0110478471621,331.9668564585137,251.86000061035156,zaman,0.026800002491230802,0.22650010168472967,0.11832225368505264,0.41219627745384446
IDXX,LONG,2026-02-10,2026-02-12,643.5399780273438,617.8801323992144,720.5195149117318,617.8801323992144,stop,-0.04107296283718844,-1.0300955814319568,0.03987296283718845,0.3808749260217499
IDXX,LONG,2026-03-06,2026-03-06,607.5900268554688,600.9635815072127,627.469362900237,600.9635815072127,stop,-0.012106112765791564,-1.1100300378118155,0.010906112765791592,0.41440299441164374
IDXX,LONG,2026-03-23,2026-03-25,592.5999755859375,563.2090517425195,680.7727471161916,563.2090517425195,stop,-0.050796566072007575,-1.0241952234809517,0.04959656607200757,0.4236416726810643
IDXX,LONG,2026-04-24,2026-04-29,556.9199829101562,544.053449109145,595.5195843131899,544.053449109145,stop,-0.02430302053407709,-1.0519412601581681,0.02310302053407709,0.46070917985141613
TEAM,LONG,2026-05-01,2026-05-29,82.91999816894531,64.06390075463322,139.48829041188156,107.61000061035156,zaman,0.29655691011354846,1.3041138844000097,0.22740108334172587,0.41306484482031186
AZN,LONG,2026-05-18,2026-06-02,183.42999267578125,179.03181241316688,196.62453346362437,179.03181241316688,stop,-0.025177432471407822,-1.0500470599356693,0.023977432471407812,0.37966539056447385
ZS,LONG,2026-02-19,2026-02-20,169.63999938964844,160.5986567368222,196.76402734812717,160.5986567368222,stop,-0.054497233467084925,-1.0225152399465731,0.053297233467084974,0.41796607686568055
ZS,LONG,2026-07-24,2026-08-04,141.92999267578125,136.04412235756055,159.58760363044334,159.58760363044334,hedef,0.12371070855966551,2.9831204240831646,0.04147023618655519,0.39844933535310395
TTWO,LONG,2026-07-20,2026-07-23,236.8000030517578,228.6587416378754,261.22378729340505,228.6587416378754,stop,-0.03558032647365696,-1.0349036825150408,0.034380326473656984,0.4070297100857281
DXCM,LONG,2026-03-03,2026-03-06,72.47000122070312,70.22541651217178,79.20375534629717,69.72000122070312,stop,-0.03914673594146958,-1.2639148750688465,0.03097260481196348,0.43424529809029766
GFS,LONG,2026-03-31,2026-04-17,41.90432706103328,38.44530786231565,52.28138465718616,52.28138465718616,hedef,0.24693689871546645,2.9915198421120066,0.0825456329051555,0.4146560006754769
WBD,LONG,2026-06-01,2026-06-05,26.950000762939453,26.797288632471957,27.40813715434194,26.797288632471957,stop,-0.006866498187172575,-1.2117710021890573,0.005666498187172565,0.3855247081979838
WBD,LONG,2026-06-05,2026-06-05,27.0,26.83678887770438,27.489633366886864,26.83678887770438,stop,-0.007244856381319352,-1.1985158826450308,0.006044856381319303,0.5534610478037477
MCHP,LONG,2026-03-17,2026-03-30,63.695164149121766,60.267025115245275,73.97958125075124,60.267025115245275,stop,-0.05502102518568921,-1.0222961193299431,0.05382102518568921,0.4185580792491566
PLTR,LONG,2026-04-10,2026-04-10,128.47999572753906,124.38136476132429,140.77588862618336,124.38136476132429,stop,-0.03310092701206593,-1.037616461726836,0.03190092701206596,0.4118589946591321
PLTR,LONG,2026-06-10,2026-06-22,129.3249969482422,120.90924141896289,154.57226353608007,120.90924141896289,stop,-0.06627446918902627,-1.018440411653829,0.06507446918902621,0.3974531355784078
AXON,LONG,2026-02-23,2026-02-24,426.239990234375,414.58162286588686,461.21509233983943,414.58162286588686,stop,-0.028551650796720417,-1.043873037460097,0.02735165079672041,0.41592528046479504
AXON,LONG,2026-04-30,2026-05-05,399.8999938964844,370.7365395531865,487.390356926378,370.7365395531865,stop,-0.07412686868819243,-1.016454840603821,0.07292686868819244,0.45299749388492966
AXON,LONG,2026-08-07,2026-08-11,526.3200073242188,493.76321109575366,623.990396009614,623.990396009614,hedef,0.18487225134181387,2.9886836529447924,0.061857417113937975,0.4470954377477949
SHOP,LONG,2026-02-12,2026-02-12,120.69000244140625,106.51158114106289,163.22526634243633,106.51158114106289,stop,-0.1186780098892353,-1.010214677633128,0.11747800988923533,0.5107144284969763
SHOP,LONG,2026-03-30,2026-04-27,112.3499984741211,103.2444800727231,139.66655367831504,124.2300033569336,zaman,0.10454103288082348,1.2898974409672601,0.08104600378339452,0.4133276383724634
ARM,LONG,2026-01-30,2026-02-05,107.08999633789062,100.68135108492748,126.31593209678005,100.68135108492748,stop,-0.06104354722305307,-1.0200522872671176,0.059843547223053094,0.4551261166194085
ARM,LONG,2026-03-03,2026-03-03,119.2750015258789,120.41091096233055,,119.2750015258789,stop,-0.0012000000000000001,-0.020156381476079715,0.059534495386688445,0.3864316741571441
